"hmdb_id","metabolite_name","instrument_type","smiles","average_mass","mono_mass","classification","reference"
"HMDB0000619","Cholic acid","LC-MS/MS","C[C@H](CCC(O)=O)[C@H]1CC[C@H]2[C@@H]3[C@H](O)C[C@@H]4C[C@H](O)CC[C@]4(C)[C@H]3C[C@H](O)[C@]12C",408.5714,408.287574390,"Steroids and steroid derivatives","Internal Work"
"HMDB0000626","Deoxycholic acid","LC-MS/MS","[H][C@@]1(CC[C@@]2([H])[C@]3([H])CC[C@]4([H])C[C@H](O)CC[C@]4(C)[C@@]3([H])C[C@H](O)[C@]12C)[C@H](C)CCC(O)=O",392.5720,392.292659800,"Bile acids, alcohols and derivatives","Internal Work"
"HMDB0000761","Lithocholic acid","LC-MS/MS","[H][C@@]1(CC[C@@]2([H])[C@]3([H])CC[C@]4([H])C[C@H](O)CC[C@]4(C)[C@@]3([H])CC[C@]12C)[C@H](C)CCC(O)=O",376.5726,376.297745100,"Bile acids, alcohols and derivatives","Internal Work"
"HMDB0000505","Allocholic acid","LC-MS/MS","[H][C@@]1(CC[C@@]2([H])[C@]3([H])[C@H](O)C[C@@]4([H])C[C@H](O)CC[C@]4(C)[C@@]3([H])C[C@H](O)[C@]12C)[C@H](C)CCC(O)=O",408.5790,408.287574400,"Bile acids, alcohols and derivatives","Internal Work"
"HMDB0000518","Chenodeoxycholic acid","LC-MS/MS","[H][C@@]1(CC[C@@]2([H])[C@]3([H])[C@H](O)C[C@]4([H])C[C@H](O)CC[C@]4(C)[C@@]3([H])CC[C@]12C)[C@H](C)CCC(O)=O",392.5720,392.292659800,"Bile acids, alcohols and derivatives","Internal Work"
"HMDB0304121","Dehydrocholic acid","LC-MS/MS","CC(CCC([O-])=O)C1CCC2C3C(O)CC4CC(=O)CCC4(C)C3CC(O)C12C",405.5560,405.264647900,"Bile acids, alcohols and derivatives","Internal Work"
"HMDB0000328","12-Ketolithocholic acid","LC-MS/MS","[H][C@@]1(CC[C@@]2([H])[C@]3([H])CC[C@]4([H])C[C@H](O)CC[C@]4(C)[C@@]3([H])CC(=O)[C@]12C)[C@H](C)CCC(O)=O",390.5561,390.277009700,"Bile acids, alcohols and derivatives","Internal Work"
"HMDB0000391","7-Ketodeoxycholic acid","LC-MS/MS","[H][C@@]1(CC[C@@]2([H])[C@]3([H])CC[C@]4([H])C[C@H](O)CC[C@]4(C)[C@@]3([H])CC(=O)[C@]12C)[C@H](C)CCC(O)=O",390.5561,390.277009700,"Bile acids, alcohols and derivatives","Internal Work"
"HMDB0000467","7-Ketolithocholic acid","LC-MS/MS","[H][C@@]12CC[C@H]([C@H](C)CCC(O)=O)[C@@]1(C)[C@@H](O)C[C@@]1([H])[C@@]2([H])C(=O)C[C@]2([H])C[C@H](O)CC[C@]12C",406.5555,406.271924300,"Bile acids, alcohols and derivatives","Internal Work"
"HMDB0000733","Hyodeoxycholic acid","LC-MS/MS","[H][C@@]12CC[C@H]([C@H](C)CCC(O)=O)[C@@]1(C)CC[C@@]1([H])[C@@]2([H])C[C@H](O)C2C[C@H](O)CC[C@]12C",392.5720,392.292659800,"Bile acids, alcohols and derivatives","Internal Work"
"HMDB0000811","Murocholic acid","LC-MS/MS","[H][C@@]12CC[C@H]([C@H](C)CCC(O)=O)[C@@]1(C)CC[C@@]1([H])[C@@]2([H])C[C@@H](O)[C@]2([H])C[C@H](O)CC[C@]12C",392.5720,392.292659800,"Bile acids, alcohols and derivatives","Internal Work"
"HMDB0000946","Ursodeoxycholic acid","LC-MS/MS","[H][C@@]1(CC[C@@]2([H])[C@]3([H])[C@@H](O)C[C@]4([H])C[C@H](O)CC[C@]4(C)[C@@]3([H])CC[C@]12C)[C@H](C)CCC(O)=O",392.5720,392.292659800,"Bile acids, alcohols and derivatives","Internal Work"
"NA","Dioxolithocholic acid","LC-MS/MS","COC1CC(OC2C(C)OC(CC2OC)OC2C(C)C=CC=C3COC4C(O)C(C)=CC(C(=O)OC5CC(CC=C2C)OC2(C5)OC(C5CCCCC5)C(C)C=C2)C34O)OC(C)C1O",899.1280,898.507857100,0,"Internal Work"
"HMDB0000717","Isolithocholic acid","LC-MS/MS","[H][C@@]12CC[C@H]([C@H](C)CCC(O)=O)[C@@]1(C)CC[C@@]1([H])[C@@]2([H])CC[C@]2([H])C[C@@H](O)CC[C@]12C",376.5726,376.297745100,"Bile acids, alcohols and derivatives","Internal Work"
"HMDB0304947","Nordeoxycholic acid","LC-MS/MS","CC(CC(O)=O)C1CCC2C3CCC4CC(O)CCC4(C)C3CC(O)C12C",378.5530,378.277009700,"Bile acids, alcohols and derivatives","Internal Work"
"HMDB0000506","λ-muricholic acid","LC-MS/MS","[H][C@@]1(CC[C@@]2([H])[C@]3([H])[C@H](O)[C@@H](O)[C@]4([H])C[C@H](O)CC[C@]4(C)[C@@]3([H])CC[C@]12C)[C@H](C)CCC(O)=O",408.5790,408.287574400,"Bile acids, alcohols and derivatives","Internal Work"
"HMDB0244296","Ш-cholic acid","LC-MS/MS","CC(CCC(O)=O)C1CCC2C3C(CC(O)C12C)C1(C)CCC(O)CC1CC3(C)O",422.6060,422.303224500,"Bile acids, alcohols and derivatives","Internal Work"
"HMDB0000637","Glycochenodeoxycholic acid","LC-MS/MS","[H][C@@]1(CC[C@@]2([H])[C@]3([H])[C@H](O)C[C@]4([H])C[C@H](O)CC[C@]4(C)[C@@]3([H])CC[C@]12C)[C@H](C)CCC(=O)NCC(O)=O",449.6233,449.314123500,"Bile acids, alcohols and derivatives","Internal Work"
"HMDB0000138","Glycocholic acid","LC-MS/MS","C[C@H](CCC(O)=NCC(O)=O)[C@H]1CC[C@H]2[C@@H]3[C@H](O)C[C@@H]4C[C@H](O)CC[C@]4(C)[C@H]3C[C@H](O)[C@]12C",465.6227,465.309038100,"Bile acids, alcohols and derivatives","Internal Work"
"HMDB0341533","Glycoallocholic acid","LC-MS/MS",NULL,465.6310,465.309038100,0,"Internal Work"
"HMDB0000631","Glycodeoxycholic acid","LC-MS/MS","[H][C@]12CCC3C4CC[C@H]([C@H](C)CCC(=O)NCC(O)=O)[C@@]4(C)[C@@H](O)CC3[C@@]1(C)CC[C@@H](O)C2",449.6233,449.314123500,"Bile acids, alcohols and derivatives","Internal Work"
"HMDB0000708","Glycoursodeoxycholic acid","LC-MS/MS","[H][C@@]1(CC[C@@]2([H])[C@]3([H])[C@@H](O)C[C@]4([H])C[C@H](O)CC[C@]4(C)[C@@]3([H])CC[C@]12C)[C@H](C)CCC(=O)NCC(O)=O",449.6233,449.314123500,"Bile acids, alcohols and derivatives","Internal Work"
"HMDB0000698","Glycolithocholic acid","LC-MS/MS","[H][C@@]1(CC[C@@]2([H])[C@]3([H])CC[C@]4([H])C[C@H](O)CC[C@]4(C)[C@@]3([H])CC[C@]12C)[C@H](C)CCC(=O)NCC(O)=O",433.6239,433.319208900,"Bile acids, alcohols and derivatives","Internal Work"
"HMDB0240607","Glycohyocholic acid","LC-MS/MS","[H][C@@]1(CC[C@@]2([H])[C@]3([H])[C@H](O)[C@H](O)[C@]4([H])C[C@H](O)CC[C@]4(C)[C@@]3([H])CC[C@]12C)[C@H](C)CCC(=O)NCC(O)=O",465.6310,465.309038100,"Bile acids, alcohols and derivatives","Internal Work"
"HMDB0000896","Taurodeoxycholic acid","LC-MS/MS","[H][C@@]1(CC[C@@]2([H])[C@]3([H])CC[C@]4([H])C[C@H](O)CC[C@]4(C)[C@@]3([H])C[C@H](O)[C@]12C)[C@H](C)CCC(=O)NCCS(O)(=O)=O",499.7040,499.296758900,"Bile acids, alcohols and derivatives","Internal Work"
"HMDB0000951","Taurochenodesoxycholic acid","LC-MS/MS","COC1CC(OC2C(C)OC(CC2OC)OC2C(C)C=CC=C3COC4C(O)C(C)=CC(C(=O)OC5CC(CC=C2C)OC2(C5)OC(C5CCCCC5)C(C)C=C2)C34O)OC(C)C1O",899.1280,898.507857100,"Bile acids, alcohols and derivatives","Internal Work"
"HMDB0000036","Taurocholic acid","LC-MS/MS","[H][C@@]1(CC[C@@]2([H])[C@]3([H])[C@H](O)C[C@]4([H])C[C@H](O)CC[C@]4(C)[C@@]3([H])C[C@H](O)[C@]12C)[C@H](C)CCC(=O)NCCS(O)(=O)=O",515.7030,515.291673500,"Bile acids, alcohols and derivatives","Internal Work"
"HMDB0000722","Taurolithocholic acid","LC-MS/MS","[H][C@@]1(CC[C@@]2([H])[C@]3([H])CC[C@]4([H])C[C@H](O)CC[C@]4(C)[C@@]3([H])CC[C@]12C)[C@H](C)CCC(=O)NCCS(O)(=O)=O",483.7100,483.301844700,"Bile acids, alcohols and derivatives","Internal Work"
"HMDB0000874","Tauroursodexycholic/Taurohyodeoxycholic","LC-MS/MS","[H][C@@]12CC[C@H]([C@H](C)CCC(=O)NCCS(O)(=O)=O)[C@@]1(C)CC[C@@]1([H])[C@@]2([H])[C@@H](O)CC2C[C@H](O)CC[C@]12C",499.7040,499.296758900,"Bile acids, alcohols and derivatives","Internal Work"
"HMDB0011637","Taurohyocholic acid","LC-MS/MS","[H][C@@]12C[C@H](O)CC[C@]1(C)C1CC[C@]3(C)C(CCC3C1[C@H](O)[C@@H]2O)[C@H](C)CCC(=O)NCCS(O)(=O)=O",515.7030,515.291673500,"Bile acids, alcohols and derivatives","Internal Work"
"HMDB0258742","Tauro-α-muricholic acid","LC-MS/MS","CC(CCC(=O)NCCS(O)(=O)=O)C1CCC2C3C(O)C(O)C4CC(O)CCC4(C)C3CCC12C",515.7100,515.291674000,"Bile acids, alcohols and derivatives","Internal Work"
"HMDB0245660","Norursodeoxycholic acid","LC-MS/MS","CC(CC(O)=O)C1CCC2C3C(O)CC4CC(O)CCC4(C)C3CCC12C",378.5530,378.277009700,"Bile acids, alcohols and derivatives","Internal Work"
"HMDB0255727","Norcholic acid","LC-MS/MS","CC(CC(O)=O)C1CCC2C3C(O)CC4CC(O)CCC4(C)C3CC(O)C12C",394.5520,394.271924300,"Bile acids, alcohols and derivatives","Internal Work"
"HMDB0254126","Lithocholic acid-24-glucuronide","LC-MS/MS","CC(CCC(O)=O)C1CCC2C3CCC4CC(CCC4(C)C3CCC12C)OC1OC(C(O)C(O)C1O)C(O)=O",552.7050,552.329833100,"Steroidal glycosides","Internal Work"
"NA","Chenodeoxycholic acid-3-glucuronide","LC-MS/MS","[H][C@@]1(CC[C@@]2([H])[C@]3([H])[C@H](O)C[C@]4([H])C[C@@H](CC[C@]4(C)[C@@]3([H])CC[C@]12C)OC1O[C@@H]([C@@H](O)[C@H](O)[C@H]1O)C(O)=O)[C@H](C)CCC(O)=O",568.6961,568.324747800,"Steroids and steroid derivatives","Internal Work"
"HMDB0341534","Ursodeoxycholic acid-3-glucuronide","LC-MS/MS",NULL,568.7040,568.324747700,0,"Internal Work"
"HMDB0000907","Lithocholic acid-3-sulfate","LC-MS/MS","[H][C@@](C)(CCC([O-])=O)[C@@]1([H])CC[C@@]2([H])[C@]3([H])CC[C@]4([H])C[C@@]([H])(CC[C@]4(C)[C@@]3([H])CC[C@]12C)OS([O-])(=O)=O",454.6200,454.240007300,"Bile acids, alcohols and derivatives","Internal Work"
"HMDB0000659","Deoxycholic acid-3-sulfate","LC-MS/MS","[H][C@@]12CC[C@H]([C@H](C)CCC(O)=O)[C@@]1(C)[C@H](C[C@@]1([H])[C@@]2([H])CC[C@]2([H])C[C@@H](CC[C@]12C)OS(O)(=O)=O)OS(O)(=O)=O",552.6980,552.206288900,"Bile acids, alcohols and derivatives","Internal Work"
"HMDB0002586","Chenodeoxycholic acid-3-sulfate","LC-MS/MS","[H][C@@]12CC[C@H]([C@H](C)CCC(O)=O)[C@@]1(C)CC[C@@]1([H])[C@@]2([H])[C@H](O)C[C@]2([H])C[C@@H](CC[C@]12C)OS(O)(=O)=O",472.6350,472.249474300,"Bile acids, alcohols and derivatives","Internal Work"
"HMDB0002639","GlycoLithocholic acid-3-sulfate","LC-MS/MS","[H][C@@]1(CC[C@@]2([H])[C@]3([H])CC[C@]4([H])C[C@@H](CC[C@]4(C)[C@@]3([H])CC[C@]12C)OS(O)(=O)=O)[C@H](C)CCC(=O)NCC(O)=O",513.6900,513.276023900,"Bile acids, alcohols and derivatives","Internal Work"
"HMDB0341325","Glycodeoxycholic acid-3-sulfate","LC-MS/MS","[H][C@@]1(CC[C@@]2([H])[C@]3([H])CC[C@]4([H])C[C@@H](CC[C@]4(C)[C@@]3([H])C[C@H](O)[C@]12C)OS(O)(=O)=O)[C@H](C)CCC(=O)NCC(O)=O",529.6900,529.270938500,"Bile acids, alcohols and derivatives","Internal Work"
"HMDB0002497","Glycochenodeoxycholic acid-3-sulfate","LC-MS/MS","[H][C@@]1(CC[C@@]2([H])[C@]3([H])[C@H](O)C[C@]4([H])C[C@@H](CC[C@]4(C)[C@@]3([H])CC[C@]12C)OS(O)(=O)=O)[C@H](C)CCC(=O)NCC(O)=O",529.6870,529.270938000,"Bile acids, alcohols and derivatives","Internal Work"
"HMDB0304944","GlycoHyodeoxycholic acid-3-sulfate","LC-MS/MS","CC(CCC(=O)NCC(O)=O)C1CCC2C3CC(O)C4CC(O)CCC4(C)C3CCC12C",449.6320,449.314123500,"Bile acids, alcohols and derivatives","Internal Work"
"HMDB0002409","Glycoursodeoxycholic acid-3-sulfate","LC-MS/MS","[H][C@@]1(CC[C@@]2([H])[C@]3([H])[C@@H](O)C[C@]4([H])C[C@@H](CC[C@]4(C)[C@@]3([H])CC[C@]12C)OS(O)(=O)=O)[C@H](C)CCC(=O)NCC(O)=O",529.6870,529.270938000,"Bile acids, alcohols and derivatives","Internal Work"
"HMDB0002580","TauroLithocholic acid-3-sulfate","LC-MS/MS","[H][C@@]1(CC[C@@]2([H])[C@]3([H])CC[C@]4([H])C[C@@H](CC[C@]4(C)[C@@]3([H])CC[C@]12C)OS(O)(=O)=O)[C@H](C)CCC(=O)NCCS(O)(=O)=O",563.7670,563.258658800,"Bile acids, alcohols and derivatives","Internal Work"
"HMDB0341535","Taurodeoxycholic acid-3-sulfate","LC-MS/MS",NULL,577.6800,577.259934000,0,"Internal Work"
"HMDB0002486","Taurochenodeoxycholic acid-3-sulfate","LC-MS/MS","[H][C@@]1(CC[C@@]2([H])[C@]3([H])[C@H](O)C[C@]4([H])C[C@@H](CC[C@]4(C)[C@@]3([H])C[C@@H](O)[C@]12C)S(O)(=O)=O)[C@H](C)CCC(=O)NCCS(O)(=O)=O",579.7670,579.253573400,"Bile acids, alcohols and derivatives","Internal Work"
"HMDB0002497","Tauroursodeoxycholic acid-3-sulfate","LC-MS/MS","[H][C@@]1(CC[C@@]2([H])[C@]3([H])[C@H](O)C[C@]4([H])C[C@@H](CC[C@]4(C)[C@@]3([H])CC[C@]12C)OS(O)(=O)=O)[C@H](C)CCC(=O)NCC(O)=O",529.6870,529.270938000,"Steroids and steroid derivatives","Internal Work"
"HMDB0000008","2-Hydroxybutyric acid","NMR, LC-MS/MS","[H]OC(=O)[C@@]([H])(O[H])C([H])([H])C([H])([H])[H]",104.1050,104.047344100,"Alpha hydroxy acids and derivatives","Internal Work"
"HMDB0000042","Acetic acid","NMR, LC-MS/MS","CC(O)=O",60.0520,60.021129370,"Carboxylic acids","Internal Work"
"HMDB0000094","Citric acid","NMR, LC-MS/MS","OC(=O)CC(O)(CC(O)=O)C(O)=O",192.1235,192.027002600,"Tricarboxylic acids and derivatives","Internal Work"
"HMDB0000142","Formic acid","NMR, LC-MS/MS","OC=O",46.0254,46.005479310,"Carboxylic acids","Internal Work"
"HMDB0000254","Succinic acid","NMR, LC-MS/MS","OC(=O)CCC(O)=O",118.0880,118.026608700,"Dicarboxylic acids and derivatives","Internal Work"
"HMDB0000011","3-Hydroxybutyric acid","NMR, LC-MS/MS","C[C@@H](O)CC(O)=O",104.1045,104.047344100,"Beta hydroxy acids and derivatives","Internal Work"
"HMDB0000407","2-hydroxyisovaleric acid","NMR, LC-MS/MS","CC(C)C(O)C(O)=O",118.1311,118.062994200,"Fatty acids and conjugates","Internal Work"
"HMDB0000452","L-Alpha-aminobutyric acid","NMR, LC-MS/MS","CC[C@H](N)C(O)=O",103.1198,103.063328500,"Amino acids, peptides, and analogues","Internal Work"
"HMDB0000491","3-Methyl-2-oxovaleric acid","NMR, LC-MS/MS","CC[C@H](C)C(=O)C(O)=O",130.1418,130.062994200,"Short-chain keto acids and derivatives","Internal Work"
"HMDB0000754","3-Hydroxyisovaleric acid","NMR, LC-MS/MS","CC(C)(O)CC(O)=O",118.1311,118.062994200,"Fatty acids and conjugates","Internal Work"
"HMDB0000208","alpha-Ketoglutaric acid","NMR, LC-MS/MS","OC(=O)CCC(=O)C(O)=O",146.0981,146.021523300,"Gamma-keto acids and derivatives","Internal Work"
"HMDB0000039","Butyric acid","LC-MS/MS","CCCC(O)=O",88.1051,88.052429500,"Fatty acids and conjugates","Internal Work"
"HMDB0000237","Propionic acid","LC-MS/MS","CCC(O)=O",74.0785,74.036779440,"Carboxylic acids","Internal Work"
"HMDB0002643","HPHPA","LC-MS/MS","OC(CC(O)=O)C1=CC(O)=CC=C1",182.1733,182.057908800,"no subclass","Internal Work"
"HMDB0013678","Para-hydroxyhippuric acid","LC-MS/MS","OC(=O)CNC(=O)C1=CC=C(O)C=C1",195.1721,195.053157800,"Benzoic acids and derivatives","Internal Work"
"HMDB0000190","L-Lactic acid","NMR, LC-MS/MS","C[C@H](O)C(O)=O",90.0779,90.031694060,"Alpha hydroxy acids and derivatives","Internal Work"
"HMDB0000134","Fumaric acid","NMR, LC-MS/MS","OC(=O)\C=C\C(O)=O",116.0722,116.010958600,"Dicarboxylic acids and derivatives","Internal Work"
"HMDB0000243","Pyruvic acid","NMR, LC-MS/MS","CC(=O)C(O)=O",88.0621,88.016043990,"Alpha-keto acids and derivatives","Internal Work"
"HMDB0001873","Isobutyric acid","NMR, LC-MS/MS","CC(C)C(O)=O",88.1051,88.052429500,"Carboxylic acids","Internal Work"
"HMDB0000714","Hippuric acid","LC-MS/MS","OC(=O)CNC(=O)C1=CC=CC=C1",179.1727,179.058243200,"Benzoic acids and derivatives","Internal Work"
"HMDB0000202","Methylmalonic acid","LC-MS/MS","CC(C(O)=O)C(O)=O",118.0880,118.026608700,"Dicarboxylic acids and derivatives","Internal Work"
"HMDB0000118","Homovanillic acid","LC-MS/MS","COC1=CC(CC(O)=O)=CC=C1O",182.1733,182.057908800,"Phenols","Internal Work"
"HMDB0000289","Uric acid","LC-MS/MS","O=C1NC2=C(N1)C(=O)NC(=O)N2",168.1103,168.028340000,"Purines and purine derivatives","Internal Work"
"HMDB0000691","Malonic acid","LC-MS/MS","OC(=O)CC(O)=O",104.0615,104.010958600,"Dicarboxylic acids and derivatives","Internal Work"
"HMDB0000063","Cortisol","LC-MS/MS","[H][C@@]12CC[C@](O)(C(=O)CO)[C@@]1(C)C[C@H](O)[C@@]1([H])[C@@]2([H])CCC2=CC(=O)CC[C@]12C",362.4599,362.209324100,"Hydroxysteroids","Internal Work"
"HMDB0001032","Dehydroepiandrosterone sulfate (DHEAS)","LC-MS/MS","[H][C@@]12CCC(=O)[C@@]1(C)CC[C@@]1([H])[C@@]2([H])CC=C2C[C@H](CC[C@]12C)OS(O)(=O)=O",368.4880,368.165744700,"Sulfated steroids","Internal Work"
"HMDB0001830","Progesterone","LC-MS/MS","#N/A",0.0000,0.000000000,"Pregnane steroids","NIST Certified data"
"HMDB0000234","Testosterone","LC-MS/MS","#N/A",0.0000,0.000000000,"Androstane steroids","NIST Certified data"
"HMDB0000158","Tyrosine","NMR, LC-MS/MS","N[C@@H](CC1=CC=C(O)C=C1)C(O)=O",181.1885,181.073893200,"Amino acids, peptides, and analogues","Internal Work"
"HMDB0000159","L-Phenylalanine","NMR, LC-MS/MS","N[C@@H](CC1=CC=CC=C1)C(O)=O",165.1891,165.078978600,"Amino acids, peptides, and analogues","Internal Work"
"HMDB0000161","L-Alanine","NMR, LC-MS/MS","C[C@H](N)C(O)=O",89.0932,89.047678470,"Amino acids, peptides, and analogues","Internal Work"
"HMDB0000162","L-Proline","NMR, LC-MS/MS","OC(=O)[C@@H]1CCCN1",115.1305,115.063328500,"Amino acids, peptides, and analogues","Internal Work"
"HMDB0000167","L-Threonine","NMR, LC-MS/MS","C[C@@H](O)[C@H](N)C(O)=O",119.1192,119.058243200,"Amino acids, peptides, and analogues","Internal Work"
"HMDB0000168","L-Asparagine","NMR, LC-MS/MS","N[C@@H](CC(N)=O)C(O)=O",132.1179,132.053492100,"Amino acids, peptides, and analogues","Internal Work"
"HMDB0000172","Isoleucine","NMR, LC-MS/MS","CC[C@H](C)[C@H](N)C(O)=O",131.1729,131.094628700,"Amino acids, peptides, and analogues","Internal Work"
"HMDB0000177","L-Histidine","NMR, LC-MS/MS","N[C@@H](CC1=CNC=N1)C(O)=O",155.1546,155.069476500,"Amino acids, peptides, and analogues","Internal Work"
"HMDB0000182","L-Lysine","NMR, LC-MS/MS","NCCCC[C@H](N)C(O)=O",146.1876,146.105527700,"Amino acids, peptides, and analogues","Internal Work"
"HMDB0000187","L-Serine","NMR, LC-MS/MS","N[C@@H](CO)C(O)=O",105.0926,105.042593100,"Amino acids, peptides, and analogues","Internal Work"
"HMDB0000191","L-Aspartate","NMR, LC-MS/MS","N[C@@H](CC(O)=O)C(O)=O",133.1027,133.037507700,"Amino acids, peptides, and analogues","Internal Work"
"HMDB0000214","L-Ornithine","NMR, LC-MS/MS","NCCC[C@H](N)C(O)=O",132.1610,132.089877600,"Amino acids, peptides, and analogues","Internal Work"
"HMDB0000148","L-Glutamic acid","NMR, LC-MS/MS","N[C@@H](CCC(O)=O)C(O)=O",147.1293,147.053157800,"Amino acids, peptides, and analogues","Internal Work"
"HMDB0000517","L-Arginine","NMR, LC-MS/MS","N[C@@H](CCCNC(N)=N)C(O)=O",174.2010,174.111675700,"Amino acids, peptides, and analogues","Internal Work"
"HMDB0000641","L-Glutamine","NMR, LC-MS/MS","N[C@@H](CCC(N)=O)C(O)=O",146.1445,146.069142200,"Amino acids, peptides, and analogues","Internal Work"
"HMDB0000687","L-Leucine","NMR, LC-MS/MS","CC(C)C[C@H](N)C(O)=O",131.1729,131.094628700,"Amino acids, peptides, and analogues","Internal Work"
"HMDB0000696","Methionine","NMR, LC-MS/MS","CSCC[C@H](N)C(O)=O",149.2110,149.051049300,"Amino acids, peptides, and analogues","Internal Work"
"HMDB0000929","Tryptophan","NMR, LC-MS/MS","N[C@@H](CC1=CNC2=C1C=CC=C2)C(O)=O",204.2252,204.089877600,"Indolyl carboxylic acids and derivatives","Internal Work"
"HMDB0000883","Valine","NMR, LC-MS/MS","CC(C)[C@H](N)C(O)=O",117.1463,117.078978600,"Amino acids, peptides, and analogues","Internal Work"
"HMDB0000123","Glycine","NMR, LC-MS/MS","NCC(O)=O",75.0666,75.032028410,"Amino acids, peptides, and analogues","Internal Work"
"HMDB0000904","Citrulline","LC-MS/MS","N[C@@H](CCCNC(N)=O)C(O)=O",175.1857,175.095691300,"Amino acids, peptides, and analogues","Internal Work"
"HMDB0000043","Betaine","NMR, LC-MS/MS","C[N+](C)(C)CC(O)=O",118.1543,118.086803600,"Amino acids, peptides, and analogues","Internal Work"
"HMDB0000001","1-Methylhistidine","NMR, LC-MS/MS","CN1C=NC(C[C@H](N)C(O)=O)=C1",169.1811,169.085126600,"Amino acids, peptides, and analogues","Internal Work"
"HMDB0000479","3-Methylhistidine","NMR, LC-MS/MS","[H][C@](N)(CC1=CN=CN1C)C(O)=O",169.1811,169.085126600,"Amino acids, peptides, and analogues","Internal Work"
"HMDB0000670","Homoarginine","LC-MS/MS","N[C@@H](CCCCNC(N)=N)C(O)=O",188.2275,188.127325800,"Amino acids, peptides, and analogues","Internal Work"
"HMDB0000742","Homocysteine","LC-MS/MS","N[C@@H](CCS)C(O)=O",135.1850,135.035399200,"Amino acids, peptides, and analogues","Internal Work"
"HMDB0000562","Creatinine","NMR, LC-MS/MS","CN1CC(=O)NC1=N",113.1179,113.058911900,"Amino acids, peptides, and analogues","Internal Work"
"HMDB0304726","Proline betaine","LC-MS/MS","[H][C@@](COC(=O)CCCCCCCCCCCCCCCCCCCCC)(COC(=O)CCCCCCC\C=C/CCCC)OC(=O)CCC\C=C/C\C=C/C\C=C/C\C=C/C\C=C/CC",907.4590,906.767641000,"Triradylcglycerols","Internal Work"
"HMDB0061115","Tryptophan betaine","LC-MS/MS","C[N+](C)(C)[C@@H](CC1=CNC2=CC=CC=C12)C([O-])=O",246.3049,246.136827800,"Amino acids, peptides, and analogues","Internal Work"
"HMDB0000157","Hypoxanthine","LC-MS/MS","OC1=NC=NC2=C1NC=N2",136.1115,136.038510800,"Purines and purine derivatives","Internal Work"
"HMDB0000292","Xanthine","LC-MS/MS","O=C1NC2=C(NC=N2)C(=O)N1",152.1109,152.033425400,"Purines and purine derivatives","Internal Work"
"HMDB0000197","3-Indoleacetic acid","LC-MS/MS","OC(=O)CC1=CNC2=CC=CC=C12",175.1840,175.063328500,"Indolyl carboxylic acids and derivatives","Internal Work"
"HMDB0304256","Acetoacetate","NMR","CC(=O)CC([O-])=O",101.0820,101.024417600,"Short-chain keto acids and derivatives","Internal Work"
"HMDB0000064","Creatine","NMR, LC-MS/MS","CN(CC(O)=O)C(N)=N",131.1332,131.069476500,"Amino acids, peptides, and analogues","Internal Work"
"HMDB0000092","Dimethylglycine","NMR","CN(C)CC(O)=O",103.1198,103.063328500,"Amino acids, peptides, and analogues","Internal Work"
"HMDB0000108","Ethanol","NMR","CCO",46.0684,46.041864810,"Alcohols and polyols","Internal Work"
"HMDB0000122","D-Glucose","NMR, LC-MS/MS","OC[C@H]1O[C@@H](O)[C@H](O)[C@@H](O)[C@@H]1O",180.1559,180.063388100,"Carbohydrates and carbohydrate conjugates","Internal Work"
"HMDB0000169","D-Mannose","NMR","OC[C@H]1O[C@H](O)[C@@H](O)[C@@H](O)[C@@H]1O",180.1559,180.063388100,"Carbohydrates and carbohydrate conjugates","Internal Work"
"HMDB0000131","Glycerol","NMR","OCC(O)CO",92.0938,92.047344120,"Carbohydrates and carbohydrate conjugates","Internal Work"
"HMDB0000695","Ketoleucine","LC-MS/MS","CC(C)CC(=O)C(O)=O",130.1418,130.062994200,"Short-chain keto acids and derivatives","Internal Work"
"HMDB0000863","Isopropanol","NMR","CC(C)O",60.0950,60.057514880,"Alcohols and polyols","Internal Work"
"HMDB0001659","Acetone","NMR","CC(C)=O",58.0791,58.041864810,"Carbonyl compounds","Internal Work"
"HMDB0001875","Methanol","NMR","CO",32.0419,32.026214750,"Alcohols and polyols","Internal Work"
"HMDB0001881","Propylene glycol","NMR","C[C@@H](O)CO",76.0944,76.052429500,"Alcohols and polyols","Internal Work"
"HMDB0004983","Dimethyl sulfone","NMR","CS(C)(=O)=O",94.1330,94.008850130,"Sulfones","Internal Work"
"HMDB0005949","Lithium","ICP-MS","[Li+]",6.9410,7.016004049,"no subclass","Internal Work"
"HMDB0002386","Boron","ICP-MS","[B+3]",10.8110,11.009305470,"no subclass","Internal Work"
"HMDB0000588","Sodium","ICP-MS","[Na+]",22.9898,22.989769680,"no subclass","Internal Work"
"HMDB0000547","Magnesium","ICP-MS","[Mg++]",24.3050,23.985041900,"no subclass","Internal Work"
"HMDB0001247","Aluminum","ICP-MS","[Al]",26.9815,26.981538440,"no subclass","Internal Work"
"HMDB0001315","Phosphorous","ICP-MS","[P]",30.9738,30.973761510,"no subclass","Internal Work"
"HMDB0000586","Potassium","ICP-MS","[K+]",39.0983,38.963706860,"no subclass","Internal Work"
"HMDB0000464","Calcium","ICP-MS","[Ca++]",40.0780,39.962591160,"no subclass","Internal Work"
"HMDB0001966","Titanium","ICP-MS","[Ti+4]",47.8670,47.947947050,"no subclass","Internal Work"
"HMDB0002503","Vanadium","ICP-MS","[V+3]",50.9415,50.943963680,"no subclass","Internal Work"
"HMDB0015531","Iron","ICP-MS","[Fe+3]",55.8450,55.934942130,"no subclass","Internal Work"
"HMDB0000657","Copper","ICP-MS","[Cu++]",63.5460,62.929601080,"Homogeneous transition metal compounds","Internal Work"
"HMDB0015532","Zinc","ICP-MS","[Zn++]",65.4090,63.929146580,"no subclass","Internal Work"
"HMDB0001349","Selenium","ICP-MS","[Se++]",78.9600,79.916521830,"no subclass","Internal Work"
"HMDB0001327","Rubidium","ICP-MS","[Rb+]",85.4678,84.911789340,"no subclass","Internal Work"
"HMDB0003642","Strontium","ICP-MS","[Sr++]",87.6200,87.905614340,"no subclass","Internal Work"
"HMDB0001475","Zirconium","ICP-MS","[Zr+4]",91.2240,89.904703680,"no subclass","Internal Work"
"HMDB0003638","Cadmium","ICP-MS","[Cd++]",112.4110,113.903358100,"no subclass","Internal Work"
"HMDB0004142","Barium","ICP-MS","[Ba++]",137.3270,137.905241300,"no subclass","Internal Work"
"HMDB0013711","Lanthanum","ICP-MS","[La]",138.9055,138.906348200,"no subclass","Internal Work"
"HMDB0001989","Tungsten","ICP-MS","[W+4]",183.8400,183.950932600,"no subclass","Internal Work"
"HMDB0000073","Dopamine","LC-MS/MS","NCCC1=CC(O)=C(O)C=C1",153.1784,153.078978600,"Benzenediols","Internal Work"
"HMDB0000068","Epinephrine","LC-MS/MS","CNC[C@H](O)C1=CC(O)=C(O)C=C1",183.2044,183.089543300,"Benzenediols","Internal Work"
"HMDB0000306","Tyramine","LC-MS/MS","NCCC1=CC=C(O)C=C1",137.1790,137.084064000,"Phenethylamines","Internal Work"
"HMDB0004063","Metanephrine","LC-MS/MS","CNCC(O)C1=CC(OC)=C(O)C=C1",197.2310,197.105193400,"Methoxyphenols","Internal Work"
"HMDB0000216","Norepinephrine","LC-MS/MS","NC[C@H](O)C1=CC(O)=C(O)C=C1",169.1778,169.073893200,"Benzenediols","Internal Work"
"HMDB0000819","Normetanephrine","LC-MS/MS","COC1=CC(=CC=C1O)C(O)CN",183.2044,183.089543300,"Methoxyphenols","Internal Work"
"HMDB0012275","Phenylethylamimne","LC-MS/MS","NCCC1=CC=CC=C1",121.1796,121.089149400,"Phenethylamines","Internal Work"
"HMDB0004095","5-Methoxytryptamine","LC-MS/MS","COC1=CC2=C(NC=C2CCN)C=C1",190.2417,190.110613100,"Tryptamines and derivatives","Internal Work"
"HMDB0000235","Vitamin B1","LC-MS/MS","[Cl-].CC1=C(CCO)SC=[N+]1CC1=CN=C(C)NC1=N",300.8080,300.081159600,"Pyrimidines and pyrimidine derivatives","Internal Work"
"HMDB0001406","Vitamin B3-amide","LC-MS/MS","NC(=O)C1=CC=CN=C1",122.1246,122.048012800,"Pyridinecarboxylic acids and derivatives","Internal Work"
"HMDB0000210","Vitamin B5","LC-MS/MS","CC(C)(CO)[C@@H](O)C(=O)NCCC(O)=O",219.2350,219.110672700,"Alcohols and polyols","Internal Work"
"HMDB0000239","Vitamin B6","LC-MS/MS","CC1=C(O)C(CO)=C(CO)C=N1",169.1778,169.073893200,"Pyridoxines","Internal Work"
"HMDB0000244","Vitamin B2","LC-MS/MS","CC1=C(C)C=C2N(C[C@H](O)[C@H](O)[C@H](O)CO)C3=NC(=O)NC(=O)C3=NC2=C1",376.3639,376.138284400,"Alloxazines and isoalloxazines","Internal Work"
"HMDB0000044","Vitamin C","LC-MS/MS","[H][C@@]1(OC(=O)C(O)=C1O)[C@@H](O)CO",176.1241,176.032088000,"Furanones","Internal Work"
"HMDB0000121","Folic acid","LC-MS/MS","#N/A",0.0000,0.000000000,"Methoxyphenols","NIST Certified data"
"HMDB0001396","5-Methyltetrahydrofolic acid","LC-MS/MS","#N/A",0.0000,0.000000000,"Pterins and derivatives","NIST Certified data"
"HMDB0000097","Choline","LC-MS/MS","C[N+](C)(C)CCO",104.1708,104.107539100,"Quaternary ammonium salts","Internal Work"
"HMDB0000305","Vitamin A","LC-MS/MS","C\C(=C/CO)\C=C\C=C(/C)\C=C\C1=C(C)CCCC1(C)C",286.4516,286.229665600,"Retinoids","Internal Work"
"HMDB0253301","25-OH Vitamin D3","LC-MS/MS","CC(C)CCCC(C)C1C(O)CC2C(CCCC12C)=CC=C1CC(O)CCC1=C",400.6470,400.334130700,"Vitamin D and derivatives","Internal Work"
"HMDB0259853","Vitamin E","LC-MS/MS","CC(C)CCCC(C)CCCC(C)CCCC1(C)CCC2=C(C)C(OC(=O)C3=CC=CN=C3)=C(C)C(C)=C2O1",535.8130,535.402544600,"Quinone and hydroquinone lipids","Internal Work"
"HMDB0003357","Acetyl-Ornithine","LC-MS/MS","CC(=O)N[C@@H](CCCN)C(O)=O",174.1977,174.100442300,"Amino acids, peptides, and analogues","Internal Work"
"HMDB0001539","ADMA","LC-MS/MS","N[C@@H](CCC\N=C(/N)N(C)C)C(O)=O",202.2541,202.142975800,"Amino acids, peptides, and analogues","Internal Work"
"HMDB0302754","alpha-Aminoadipic acid","LC-MS/MS","NC(CCCC(O)=O)C(O)=O",161.1558,161.068807800,"Amino acids, peptides, and analogues","Internal Work"
"HMDB0000684","Kynurenine","LC-MS/MS","N[C@@H](CC(=O)C1=CC=CC=C1N)C(O)=O",208.2139,208.084792300,"Carbonyl compounds","Internal Work"
"HMDB0002005","Methionine-Sulfoxide","LC-MS/MS","CS(=O)CC[C@H](N)C(O)=O",165.2100,165.045964400,"Amino acids, peptides, and analogues","Internal Work"
"HMDB0001414","Putrescine","LC-MS/MS","NCCCCN",88.1515,88.100048390,"Amines","Internal Work"
"HMDB0000259","Serotonin","LC-MS/MS","NCCC1=CNC2=C1C=C(O)C=C2",176.2151,176.094963000,"Tryptamines and derivatives","Internal Work"
"HMDB0001257","Spermidprogesterobneine","LC-MS/MS","NCCCCNCCCN",145.2459,145.157897600,"Amines","Internal Work"
"HMDB0001256","Spermine","LC-MS/MS","NCCCNCCCCNCCCN",202.3402,202.215746900,"Amines","Internal Work"
"HMDB0000251","Taurine","LC-MS/MS","NCCS(O)(=O)=O",125.1470,125.014663800,"Organosulfonic acids and derivatives","Internal Work"
"HMDB0059659","trans-OH-Proline","LC-MS/MS","CCCNC(=O)C1OC1C(=O)NC(C(C)CC)C(=O)N1CCCC1C(O)=O",383.4450,383.205635700,"Amino acids, peptides, and analogues","Internal Work"
"HMDB0000271","Sarcosine","LC-MS/MS","CNCC(O)=O",89.0932,89.047678470,"Amino acids, peptides, and analogues","Internal Work"
"HMDB0000056","beta-Alanine","LC-MS/MS","NCCC(O)=O",89.0932,89.047678470,"Amino acids, peptides, and analogues","Internal Work"
"HMDB0000192","Cystine","LC-MS/MS","N[C@@H](CSSC[C@H](N)C(O)=O)C(O)=O",240.3000,240.023848300,"Amino acids, peptides, and analogues","NIST Certified data"
"HMDB0000574","Cysteine","LC-MS/MS","N[C@@H](CS)C(O)=O",121.1580,121.019749200,"Amino acids, peptides, and analogues","NIST Certified data"
"HMDB0000128","Guanidinoacetate","LC-MS/MS","NC(=N)NCC(O)=O",117.1066,117.053826500,"Carboxylic acids and derivatives","PMID: 32490663"
"HMDB0003157","Guanidinosuccinate","LC-MS/MS","NC(=N)N[C@@H](CC(O)=O)C(O)=O",175.1427,175.059305800,"Amino acids, peptides, and analogues","PMID: 32490663"
"HMDB0003464","Guanidinobutanote","LC-MS/MS","NC(=N)NCCCC(O)=O",145.1597,145.085126600,"Amino acids, peptides, and analogues","PMID: 32490663"
"HMDB0000965","Hypotaurine","LC-MS/MS","NCCS(O)=O",109.1470,109.019749200,"Sulfinic acids","PMID: 32490663"
"HMDB0000267","Pyrogluamate (Oxoproline)","LC-MS/MS","OC(=O)[C@@H]1CCC(=O)N1",129.1140,129.042593100,"Amino acids, peptides, and analogues","PMID: 32490663"
"HMDB0000939","S-adenosylhomocysteine","LC-MS/MS","N[C@@H](CCSC[C@H]1O[C@H]([C@H](O)[C@@H]1O)N1C=NC2=C1N=CN=C2N)C(O)=O",384.4110,384.121588500,"Gamma butyrolactones","PMID: 32490663"
"HMDB0005765","Ophthalmic acid","LC-MS/MS","CC[C@H](NC(=O)CC[C@H](N)C(O)=O)C(=O)NCC(O)=O",289.2851,289.127385400,"Amino acids, peptides, and analogues","PMID: 32490663"
"HMDB0000870","Histamine","LC-MS/MS","NCCC1=CNC=N1",111.1451,111.079647300,"Amines","PMID: 32490663"
"HMDB0000301","Urocanate","LC-MS/MS","OC(=O)\C=C\C1=CNC=N1",138.1240,138.042927400,"Imidazoles","PMID: 32490663"
"HMDB0000248","Thyroxine","LC-MS/MS","N[C@@H](CC1=CC(I)=C(OC2=CC(I)=C(O)C(I)=C2)C(I)=C1)C(O)=O",776.8700,776.686681500,"Amino acids, peptides, and analogues","PMID: 32490663"
"HMDB0001434","3-Methoxytyrosine","LC-MS/MS","COC1=C(O)C=CC(CC(N)C(O)=O)=C1",211.2145,211.084457900,"Amino acids, peptides, and analogues","PMID: 32490663"
"HMDB0000022","Methoxytyramine (3 or 4)","LC-MS/MS","COC1=C(O)C=CC(CCN)=C1",167.2050,167.094628700,"Methoxyphenols","PMID: 32490663"
"HMDB0004825","Octopamine","LC-MS/MS","NC[C@H](O)C1=CC=C(O)C=C1",153.1784,153.078978600,"1-hydroxy-2-unsubstituted benzenoids","PMID: 32490663"
"HMDB0000512","Acetylphenylalanine","LC-MS/MS","CC(=O)N[C@@H](CC1=CC=CC=C1)C(O)=O",207.2258,207.089543300,"Amino acids, peptides, and analogues","PMID: 32490663"
"HMDB0060064","Tryptamine","LC-MS/MS","NCCC1=CNC2=CC=CC=C12",160.2157,160.100048400,"Tryptamines and derivatives","PMID: 32490663"
"HMDB0001238","N-Acetylserotonin","LC-MS/MS","CC(=O)NCCC1=CNC2=C1C=C(O)C=C2",218.2518,218.105527700,"Hydroxyindoles","PMID: 32490663"
"HMDB0000763","5-Hydroxyindoleacetic acid","LC-MS/MS","OC(=O)CC1=CNC2=C1C=C(O)C=C2",191.1834,191.058243200,"Indoles and derivatives","PMID: 32490663"
"HMDB0001190","Indole-3-acetaldehyde","LC-MS/MS","O=CCC1=CNC2=C1C=CC=C2",159.1846,159.068413900,"Indoles","PMID: 32490663"
"HMDB0001389","Melatonin","LC-MS/MS","COC1=CC2=C(NC=C2CCNC(C)=O)C=C1",232.2783,232.121177800,"Indoles","PMID: 32490663"
"HMDB0004186","Methyloxindole/Indolecarbinol","LC-MS/MS","CC1(O)C(=O)NC2=CC=CC=C12",163.1733,163.063328500,"Indolines","PMID: 32490663"
"HMDB0003447","Indole ethanol (Tryptophanol)","LC-MS/MS","OCCC1=CNC2=C1C=CC=C2",161.2004,161.084064000,"Indoles","PMID: 32490663"
"HMDB0001325","N6,N6,N6-Trimethyllysine","LC-MS/MS","C[N+](C)(C)CCCC[C@H](N)C([O-])=O",188.2673,188.152477900,"Amino acids, peptides, and analogues","PMID: 32490663"
"HMDB0000446","Acetyllysine","LC-MS/MS","CC(=O)N[C@@H](CCCCN)C(O)=O",188.2270,188.116092400,"Amino acids, peptides, and analogues","PMID: 32490663"
"HMDB0000070","Pipecolate","LC-MS/MS","OC(=O)C1CCCCN1",129.1570,129.078978600,"Amino acids, peptides, and analogues","PMID: 32490663"
"HMDB0011756","N-Acetylleucine","LC-MS/MS","CC(C)C[C@H](NC(C)=O)C(O)=O",173.2096,173.105193400,"Amino acids, peptides, and analogues","PMID: 32490663"
"HMDB0036458","1-Aminocyclopropane-1-carboxylate","LC-MS/MS","NC1(CC1)C(O)=O",101.1039,101.047678500,"Amino acids, peptides, and analogues","PMID: 32490663"
"HMDB0033871","Benzylamine","LC-MS/MS","NCC1=CC=CC=C1",107.1531,107.073499300,"Phenylmethylamines","PMID: 32490663"
"HMDB0001169","Aminophenol (2, 3, or 4)","LC-MS/MS","NC1=CC=C(O)C=C1",109.1259,109.052763900,"Aniline and substituted anilines","PMID: 32490663"
"HMDB0012275","Phenethylamine","LC-MS/MS","NCCC1=CC=CC=C1",121.1796,121.089149400,"Benzene and substituted derivatives","PMID: 32490663"
"HMDB0033731","Quinoline","LC-MS/MS","C1=CC=C2N=CC=CC2=C1",129.1586,129.057849200,"no subclass","PMID: 32490663"
"HMDB0000842","2-Quinolinecarboxylic acid","LC-MS/MS","OC(=O)C1=NC2=C(C=CC=C2)C=C1",173.1681,173.047678500,"Quinoline carboxylic acids","PMID: 32490663"
"HMDB0005199","Salsolinol","LC-MS/MS","CC1NCCC2=C1C=C(O)C(O)=C2",179.2157,179.094628700,"no subclass","PMID: 32490663"
"HMDB0000355","Hydroxymethylglutarate","LC-MS/MS","CC(O)(CC(O)=O)CC(O)=O",162.1406,162.052823400,"Fatty acids and conjugates","PMID: 32490663"
"HMDB0000227","Mevalonic acid","LC-MS/MS","C[C@@](O)(CCO)CC(O)=O",148.1571,148.073558900,"Fatty acids and conjugates","PMID: 32490663"
"HMDB0029581","Sorbate","LC-MS/MS","C\C=C\C=C\C(O)=O",112.1265,112.052429500,"Fatty acids and conjugates","PMID: 32490663"
"HMDB0000634","2-Methylmaleate","LC-MS/MS","C\C(=C\C(O)=O)C(O)=O",130.0987,130.026608700,"Fatty acids and conjugates","PMID: 32490663"
"HMDB0000784","Azelaic acid","LC-MS/MS","OC(=O)CCCCCCCC(O)=O",188.2209,188.104859000,"Fatty acids and conjugates","PMID: 32490663"
"HMDB0029666","Dihydroxybenzoate","LC-MS/MS","OC(=O)C1=C(O)C=C(O)C=C1",154.1210,154.026608700,"Benzoic acids and derivatives","PMID: 32490663"
"HMDB0000567","Cinnamic acid","LC-MS/MS","OC(=O)\C=C/C1=CC=CC=C1",148.1586,148.052429500,"Cinnamic acids","PMID: 32490663"
"HMDB0000375","Hydroxyphenylpropionate","LC-MS/MS","OC(=O)CCC1=CC(O)=CC=C1",166.1739,166.062994200,"no subclass","PMID: 32490663"
"HMDB0000291","Vanillylmandelate","LC-MS/MS","COC1=C(O)C=CC(=C1)[C@H](O)C(O)=O",198.1727,198.052823400,"Methoxyphenols","PMID: 32490663"
"HMDB0003072","Quinic acid","LC-MS/MS","O[C@@H]1C[C@@](O)(C[C@@H](O)[C@H]1O)C(O)=O",192.1666,192.063388100,"Alcohols and polyols","PMID: 32490663"
"HMDB0000954","Ferulic acid","LC-MS/MS","COC1=C(O)C=CC(\C=C\C(O)=O)=C1",194.1840,194.057908800,"Cinnamic acids and derivatives","PMID: 32490663"
"HMDB0013751","Hydroxypyridine","LC-MS/MS","OC1=CC=CC=N1",95.0993,95.037113790,"Hydropyridines","PMID: 32490663"
"HMDB0000224","Ethanolamine Phosphate","LC-MS/MS","NCCOP(O)(O)=O",141.0630,141.019094300,"Phosphate esters","PMID: 32490663"
"HMDB0000127","Glucuronic acid","LC-MS/MS","O[C@H]1O[C@@H]([C@@H](O)[C@H](O)[C@H]1O)C(O)=O",194.1394,194.042652700,"Carbohydrates and carbohydrate conjugates","PMID: 32490663"
"HMDB0000663","Tetrahydroxyhexanedioic acid ","LC-MS/MS","O[C@@H]([C@H](O)[C@@H](O)C(O)=O)[C@H](O)C(O)=O",210.1388,210.037567300,"Carbohydrates and carbohydrate conjugates","PMID: 32490663"
"HMDB0002994","Erythritol/Threitol","LC-MS/MS","OCC(O)C(O)CO",122.1198,122.057908800,"Carbohydrates and carbohydrate conjugates","PMID: 32490663"
"HMDB0062477","2-Deoxyglucose","LC-MS/MS","OC[C@@H](O)[C@@H](O)[C@H](O)CC=O",164.1570,164.068473500,"Fatty alcohols","PMID: 32490663"
"HMDB0001514","Glucosamine","LC-MS/MS","N[C@H]1C(O)O[C@H](CO)[C@@H](O)[C@@H]1O",179.1711,179.079372500,"Carbohydrates and carbohydrate conjugates","PMID: 32490663"
"HMDB0000765","Hexane hexol (Mannitol/Sorbitol)","LC-MS/MS","OC[C@@H](O)[C@@H](O)[C@H](O)[C@H](O)CO",182.1718,182.079038200,"Carbohydrates and carbohydrate conjugates","PMID: 32490663"
"HMDB0000215","N-Acetylglucosamine","LC-MS/MS","CC(=O)N[C@H]1C(O)O[C@H](CO)[C@@H](O)[C@@H]1O",221.2078,221.089937200,"Carbohydrates and carbohydrate conjugates","PMID: 32490663"
"HMDB0000230","N-Acetylneuraminate","LC-MS/MS","[H][C@]1(O[C@@](O)(C[C@H](O)[C@H]1NC(C)=O)C(O)=O)[C@H](O)[C@H](O)CO",309.2699,309.105981200,"Carbohydrates and carbohydrate conjugates","PMID: 32490663"
"HMDB0000186","Disaccharide (Lactose)","LC-MS/MS","OC[C@H]1O[C@@H](O[C@H]2[C@H](O)[C@@H](O)[C@@H](O)O[C@@H]2CO)[C@H](O)[C@@H](O)[C@H]1O",342.2965,342.116211500,"Carbohydrates and carbohydrate conjugates","PMID: 32490663"
"HMDB0000757","Tetrasaccharide (Glycogen, Stachyose)","LC-MS/MS","OC[C@H]1O[C@H](OC[C@H]2O[C@H](O[C@H]3[C@H](O)[C@@H](O)[C@@H](O)O[C@@H]3CO)[C@H](O)[C@@H](O)[C@@H]2O[C@H]2O[C@H](CO)[C@@H](O)[C@H](O)[C@H]2O)[C@H](O)[C@@H](O)[C@@H]1O",666.5777,666.221858400,"Carbohydrates and carbohydrate conjugates","PMID: 32490663"
"HMDB0000895","Acetylcholine","LC-MS/MS","CC(=O)OCC[N+](C)(C)C",146.2074,146.118103800,"Quaternary ammonium salts","PMID: 32490663"
"HMDB0001565","Phosphocholine","LC-MS/MS","C[N+](C)(C)CCOP(O)(O)=O",184.1507,184.073869500,"Quaternary ammonium salts","PMID: 32490663"
"HMDB0000086","Glycerophosphocholine","LC-MS/MS","C[N+](C)(C)CCOP([O-])(=O)OC[C@H](O)CO",257.2230,257.102824400,"Glycerophosphocholines","PMID: 32490663"
"HMDB0001161","Butyrobetaine","LC-MS/MS","C[N+](C)(C)CCCC([O-])=O",145.1995,145.110278700,"Fatty acids and conjugates","PMID: 32490663"
"HMDB0240732","Valerobetaine","LC-MS/MS","C[N+](C)(C)CCCCC([O-])=O",159.2290,159.125928800,"Fatty acids and conjugates","PMID: 32490663"
"HMDB0001852","Retinoic acid","LC-MS/MS","C\C(\C=C\C1=C(C)CCCC1(C)C)=C/C=C/C(/C)=C/C(O)=O",300.4420,300.208930100,"Retinoids","PMID: 32490663"
"HMDB0000875","Trigonelline","LC-MS/MS","C[N+]1=CC=CC(=C1)C([O-])=O",137.1360,137.047678500,"no subclass","PMID: 32490663"
"HMDB0000638","FA 12:0 (Lauric acid)","GC-FID, GC-MS","CCCCCCCCCCCC(O)=O",200.3178,200.177630000,"Fatty acids and conjugates","NIST Certified/Reference data"
"HMDB0000806","FA 14:0 (Myristic acid)","GC-FID, GC-MS","#N/A",0.0000,0.000000000,"Fatty acids and conjugates","NIST Certified/Reference data"
"HMDB0002000","FA 14:1 (Myristoleic acid)","GC-FID, GC-MS","#N/A",0.0000,0.000000000,"Fatty acids and conjugates","NIST Certified/Reference data"
"HMDB0000220","FA 16:0 (Palmitic acid)","GC-FID, GC-MS","CCCCCCCCCCCCCCCC(O)=O",256.4241,256.240230300,"Fatty acids and conjugates","NIST Certified/Reference data"
"HMDB0003229","FA 16:1 (Palmitoleic acid)","GC-FID, GC-MS","#N/A",0.0000,0.000000000,"Fatty acids and conjugates","NIST Certified/Reference data"
"HMDB0002259","FA 17:0 (Margaric acid)","GC-FID, GC-MS","#N/A",0.0000,0.000000000,"Fatty acids and conjugates","NIST Certified/Reference data"
"HMDB0001388","FA 18:3 (alpha-Linolenic acid)","GC-FID, GC-MS","#N/A",0.0000,0.000000000,"Lineolic acids and derivatives","NIST Certified/Reference data"
"HMDB0003073","FA 18:3 (gamma-Linolenic acid)","GC-FID, GC-MS","#N/A",0.0000,0.000000000,"Lineolic acids and derivatives","NIST Certified/Reference data"
"HMDB0000673","FA 18:2 (Linoleic acid)","GC-FID, GC-MS","CCCCC\C=C/C\C=C/CCCCCCCC(O)=O",280.4455,280.240230300,"Lineolic acids and derivatives","NIST Certified/Reference data"
"HMDB0000207","FA 18:1 (Oleic acid)","GC-FID, GC-MS","CCCCCCCC\C=C/CCCCCCCC(O)=O",282.4614,282.255880300,"Fatty acids and conjugates","NIST Certified/Reference data"
"HMDB0000827","FA 18:0 (Stearic acid)","GC-FID, GC-MS","CCCCCCCCCCCCCCCCCC(O)=O",284.4772,284.271530400,"Fatty acids and conjugates","NIST Certified/Reference data"
"HMDB0002212","FA 20:0 (Arachidic acid)","GC-FID, GC-MS","CCCCCCCCCCCCCCCCCCCC(O)=O",312.5304,312.302830500,"Fatty acids and conjugates","NIST Certified/Reference data"
"HMDB0002231","FA 20:1 (Gondoic acid)","GC-FID, GC-MS","CCCCCCCC\C=C/CCCCCCCCCC(O)=O",310.5145,310.287180500,"Fatty acids and conjugates","NIST Certified/Reference data"
"HMDB0005060","FA 20:2 (Eicosadienoic acid)","GC-FID, GC-MS","CCCCC\C=C/C\C=C/CCCCCCCCCC(O)=O",308.4986,308.271530400,"Fatty acids and conjugates","NIST Certified/Reference data"
"HMDB0060039","FA 20:3 (Homolinoleic acid)","GC-FID, GC-MS","CC\C=C/C\C=C/C\C=C/CCCCCCCCCC(O)=O",306.4828,306.255880300,"Fatty acids and conjugates","NIST Certified/Reference data"
"HMDB0001043","FA 20:4 (Arachidonic acid)","GC-FID, GC-MS","CCCCC\C=C/C\C=C/C\C=C/C\C=C/CCCC(O)=O",304.4669,304.240230300,"Fatty acids and conjugates","NIST Certified/Reference data"
"HMDB0001999","FA 20:5 (Eicosapentaenoic acid)","GC-FID, GC-MS","CC\C=C/C\C=C/C\C=C/C\C=C/C\C=C/CCCC(O)=O",302.4510,302.224580200,"Fatty acids and conjugates","NIST Certified/Reference data"
"HMDB0000944","FA 22:0 (Behenic acid)","GC-FID, GC-MS","#N/A",0.0000,0.000000000,"Fatty acids and conjugates","NIST Certified/Reference data"
"HMDB0002068","FA 22:1 (Erucic acid)","GC-FID, GC-MS","#N/A",0.0000,0.000000000,"Fatty acids and conjugates","NIST Certified/Reference data"
"HMDB0002226","FA 22:4 (Docosatetraenoic acid)","GC-FID, GC-MS","CCCCC\C=C/C\C=C/C\C=C/C\C=C/CCCCCC(O)=O",332.5200,332.271530400,"Fatty acids and conjugates","NIST Certified/Reference data"
"HMDB0039133","FA 22:5 ((Docosapentaenoic acid)","GC-FID, GC-MS","CCC=CCCC=CCC=CCCC=CCCC=CCCC(O)=O",330.5042,330.255880300,"Fatty acids and conjugates","NIST Certified/Reference data"
"HMDB0002183","FA 22:6 (Docosahexaenoic acid)","GC-FID, GC-MS","#N/A",0.0000,0.000000000,"Fatty Acyls","NIST Certified/Reference data"
"HMDB0002003","FA 24:0 (Tetracosanoic acid)","GC-FID, GC-MS","#N/A",0.0000,0.000000000,"Fatty acids and conjugates","NIST Certified/Reference data"
"HMDB0002368","FA 24:1 (Nervonic acid)","GC-FID, GC-MS","#N/A",0.0000,0.000000000,"Fatty acids and conjugates","NIST Certified/Reference data"
"HMDB0000269","Sphinganine","LC-MS/MS","CCCCCCCCCCCCCCC[C@@H](O)[C@@H](N)CO",301.5078,301.298079500,"Amines","PMID: 32490663"
"HMDB0000252","Sphingosine","LC-MS/MS","CCCCCCCCCCCCC\C=C\[C@@H](O)[C@@H](N)CO",299.4919,299.282429400,"Amines","PMID: 32490663"
"HMDB0036583","Methyl jasmonate","LC-MS/MS","CC\C=C/C[C@@H]1[C@@H](CC(=O)OC)CCC1=O",224.2961,224.141244500,"Lineolic acids and derivatives","PMID: 32490663"
"HMDB0000195","Inosine","LC-MS/MS","OC[C@H]1O[C@H]([C@H](O)[C@@H]1O)N1C=NC2=C(O)N=CN=C12",268.2261,268.080769500,"no subclass","PMID: 32490663"
"HMDB0000630","Cytosine","LC-MS/MS","NC1=CC=NC(=O)N1",111.1020,111.043261800,"Pyrimidines and pyrimidine derivatives","PMID: 32490663"
"HMDB0002894","5-Methylcytosine","LC-MS/MS","CC1=C(N)NC(=O)N=C1",125.1286,125.058911900,"Pyrimidines and pyrimidine derivatives","PMID: 32490663"
"HMDB0000300","Uracil","LC-MS/MS","O=C1NC=CC(=O)N1",112.0868,112.027277400,"Pyrimidines and pyrimidine derivatives","PMID: 32490663"
"HMDB0000076","Dihydrouracil (5, 6)","LC-MS/MS","O=C1CCNC(=O)N1",114.1026,114.042927400,"Pyrimidines and pyrimidine derivatives","PMID: 32490663"
"HMDB0001008","Biliverdin","LC-MS/MS","CC1=C(C=C)\C(NC1=O)=C\C1=C(C)C(CCC(O)=O)=C(N1)\C=C1/N=C(/C=C2\NC(=O)C(C=C)=C2C)C(C)=C1CCC(O)=O",582.6570,582.247834800,"Bilirubins","PMID: 32490663"
"HMDB0000054","Bilirubin","LC-MS/MS","CC1=C(C=C)\C(NC1=O)=C\C1=C(C)C(CCC(O)=O)=C(CC2=C(CCC(O)=O)C(C)=C(N2)\C=C2/NC(=O)C(C=C)=C2C)N1",584.6621,584.263484900,"Bilirubins","PMID: 32490663"
"HMDB0001847","Caffeine","LC-MS/MS","CN1C=NC2=C1C(=O)N(C)C(=O)N2C",194.1906,194.080375600,"Purines and purine derivatives","PMID: 32490663"
"HMDB0001934","Nicotine","LC-MS/MS","CN1CCC[C@H]1C1=CN=CC=C1",162.2316,162.115698500,"Pyrrolidinylpyridines","PMID: 32490663"
"HMDB0001046","Cotinine","LC-MS/MS","CN1C(CCC1=O)C1=CN=CC=C1",176.2151,176.094963000,"Pyridines and derivatives","PMID: 32490663"
"HMDB0256327","PFOS","LC-MS/MS","OC(=O)CNS(=O)(=O)C(F)(F)C(F)(F)C(F)(F)C(F)(F)C(F)(F)C(F)(F)C(F)(F)C(F)(F)F",557.1800,556.958957600,"Alkyl fluorides","PMID: 32490663"
"HMDB0256329","PFOA","LC-MS/MS","FC(F)(F)C(F)(F)C(F)(F)C(F)(F)C(F)(F)C(F)(F)C(F)(F)C(Cl)=O",432.5100,431.939814800,"Acyl chlorides","PMID: 32490663"
"HMDB0256323","PFHxS","LC-MS/MS","FC(F)(F)C(F)(F)C(F)(F)C(F)(F)C(F)(F)C(F)(F)F",338.0440,337.977644300,"no subclass","PMID: 32490663"
"HMDB0247702","PFNA","LC-MS/MS","OC(=O)C(F)(F)C(F)(F)C(F)(F)C(F)(F)C(F)(F)C(F)(F)C(F)(F)C(F)F",446.0870,445.979929900,"Fatty acids and conjugates","PMID: 32490663"
"HMDB0256318","PFDA","LC-MS/MS","OC(=O)C(F)(F)C(F)(F)C(F)(F)C(F)(F)C(F)(F)C(F)(F)C(F)(F)C(F)(F)C(F)(F)C(F)(F)C(F)(F)F",614.1010,613.960927000,"Alkyl fluorides","PMID: 32490663"
"HMDB0003233","Lutein","LC-MS/MS","#N/A",0.0000,0.000000000,"Tetraterpenoids","NIST Certified data"
"HMDB0002789","Zeaxanthin","LC-MS/MS","#N/A",0.0000,0.000000000,"Tetraterpenoids","NIST Certified data"
"HMDB0240576","beta-Cryptoxanthin","LC-MS/MS","#N/A",0.0000,0.000000000,"Tetraterpenoids","NIST Certified data"
"HMDB0000561","beta-Carotene","LC-MS/MS","#N/A",0.0000,0.000000000,"Tetraterpenoids","NIST Certified data"
"HMDB0240574","alpha-Carotene","LC-MS/MS","#N/A",0.0000,0.000000000,"Tetraterpenoids","NIST Certified data"
"HMDB0003000","trans-Lycopene","LC-MS/MS","#N/A",0.0000,0.000000000,"Tetraterpenoids","NIST Certified data"
"HMDB0003000","Total Lycopene","LC-MS/MS","#N/A",0.0000,0.000000000,"Prenol lipids","NIST Certified data"
"HMDB0247696","Dimethylphenylenediamine","LC-MS/MS","CN(C)C1=CC=C(N)C=C1",136.1943,136.100048400,"Amines","PMID: 32490663"
"HMDB0000002","1,3-Diaminopropane","LC-MS/MS","NCCCN",74.1249,74.084398330,"Amines","Internal Work"
"HMDB0000699","1-Methylnicotinamide","LC-MS/MS","C[N+]1=CC=CC(=C1)C(N)=O",137.1592,137.071487900,"Pyridinecarboxylic acids and derivatives","Internal Work"
"HMDB0000317","2-Hydroxy-3-methylvaleric acid","LC-MS/MS","CC[C@@H](C)[C@@H](O)C(O)=O",132.1577,132.078644300,"Fatty acids and conjugates","Internal Work"
"HMDB0000606","2-hydroxyglutaric acid","LC-MS/MS","O[C@H](CCC(O)=O)C(O)=O",148.1140,148.037173400,"Short-chain hydroxy acids and derivatives","Internal Work"
"HMDB0000729","2-Hydroxyisobutyric acid","LC-MS/MS","CC(C)(O)C(O)=O",104.1045,104.047344100,"Alpha hydroxy acids and derivatives","Internal Work"
"HMDB0000669","2-Hydroxyphenylacetic acid","LC-MS/MS","OC(=O)CC1=C(O)C=CC=C1",152.1473,152.047344100,"Phenylacetic acids","Internal Work"
"HMDB0000225","2-oxoadipic acid","LC-MS/MS","OC(=O)CCCC(=O)C(O)=O",160.1247,160.037173400,"Medium-chain keto acids and derivatives","Internal Work"
"HMDB0000695","2-oxoisocaproic acid","LC-MS/MS","CC(C)CC(=O)C(O)=O",130.1418,130.062994200,"Keto acids and derivatives","Internal Work"
"HMDB0003911","3-Aminoisobutyric acid","LC-MS/MS","CC(CN)C(O)=O",103.1198,103.063328500,"Amino acids, peptides, and analogues","Internal Work"
"HMDB0245856","3-Deoxyglucosone","LC-MS/MS","OCC(O)C(O)CC(=O)C=O",162.1410,162.052823400,"Fatty alcohols","Internal Work"
"HMDB0000023","3-Hydroxyisobutyric acid","LC-MS/MS","C[C@@H](CO)C(O)=O",104.1045,104.047344100,"Beta hydroxy acids and derivatives","Internal Work"
"HMDB0000555","3-Methyladipic acid","LC-MS/MS","C[C@@H](CCC(O)=O)CC(O)=O",160.1678,160.073558900,"Fatty acids and conjugates","Internal Work"
"HMDB0062551","4-Ethylphenyl sulfate","LC-MS/MS","CCC1=CC=C(OS(O)(=O)=O)C=C1",202.2200,202.029980000,"Arylsulfates","Internal Work"
"HMDB0000020","4-Hydroxyphenylacetic acid","LC-MS/MS","OC(=O)CC1=CC=C(O)C=C1",152.1473,152.047344100,"1-hydroxy-2-unsubstituted benzenoids","Internal Work"
"HMDB0000707","4-Hydroxyphenylpyruvic acid","LC-MS/MS","OC(=O)C(=O)CC1=CC=C(O)C=C1",180.1574,180.042258700,"Phenylpyruvic acid derivatives","Internal Work"
"HMDB0000450","5-Hydroxylysine","LC-MS/MS","NC[C@H](O)CC[C@H](N)C(O)=O",162.1870,162.100442300,"Amino acids, peptides, and analogues","Internal Work"
"HMDB0000884","5-Methyluridine","LC-MS/MS","CC1=CN([C@@H]2O[C@H](CO)[C@@H](O)[C@H]2O)C(=O)NC1=O",258.2280,258.085186200,"no subclass","Internal Work"
"HMDB0000267","5-Oxoproline","LC-MS/MS","OC(=O)[C@@H]1CCC(=O)N1",129.1140,129.042593100,"Carboxylic acids and derivatives","Internal Work"
"HMDB0000897","7-Methylguanine","LC-MS/MS","CN1C=NC2=C1C(=O)N=C(N)N2",165.1527,165.065059900,"Purines and purine derivatives","Internal Work"
"HMDB0000034","Adenine","LC-MS/MS","NC1=C2NC=NC2=NC=N1",135.1267,135.054495200,"Purines and purine derivatives","Internal Work"
"HMDB0000050","Adenosine","LC-MS/MS","NC1=C2N=CN([C@@H]3O[C@H](CO)[C@@H](O)[C@H]3O)C2=NC=N1",267.2413,267.096753900,"no subclass","Internal Work"
"HMDB0000019","alpha-Ketoisovaleric acid","LC-MS/MS","CC(C)C(=O)C(O)=O",116.1152,116.047344100,"Short-chain keto acids and derivatives","Internal Work"
"HMDB0001870","Benzoic acid","LC-MS/MS","OC(=O)C1=CC=CC=C1",122.1230,122.036779400,"Benzoic acids and derivatives","Internal Work"
"HMDB0000535","Caproic acid","LC-MS/MS","CCCCCC(O)=O",116.1583,116.083729600,"Fatty acids and conjugates","Internal Work"
"HMDB0000482","Caprylic acid","LC-MS/MS","CCCCCCCC(O)=O",144.2114,144.115029800,"Fatty acids and conjugates","Internal Work"
"HMDB0000072","cis-Aconitic acid","LC-MS/MS","OC(=O)C\C(=C\C(O)=O)C(O)=O",174.1082,174.016437900,"Tricarboxylic acids and derivatives","Internal Work"
"HMDB0062776","CMPF","LC-MS/MS","CCCC1=C(C)C(C(O)=O)=C(CCC(O)=O)O1",240.2524,240.099773600,"Fatty acids and conjugates","Internal Work"
"HMDB0000101","Deoxyadenosine","LC-MS/MS","NC1=C2N=CN([C@H]3C[C@H](O)[C@@H](CO)O3)C2=NC=N1",251.2419,251.101839300,"Purine 2'-deoxyribonucleosides","Internal Work"
"HMDB0000087","Dimethylamine","LC-MS/MS","CNC",45.0837,45.057849230,"Amines","Internal Work"
"HMDB0000149","Ethanolamine","LC-MS/MS","NCCO",61.0831,61.052763850,"Amines","Internal Work"
"HMDB0000622","Ethylmalonic acid","LC-MS/MS","CCC(C(O)=O)C(O)=O",132.1146,132.042258700,"Fatty acids and conjugates","Internal Work"
"HMDB0004812","2,5-Furandicarboxylic acid","LC-MS/MS","OC(=O)C1=CC=C(O1)C(O)=O",156.0930,156.005873200,"Furoic acid and derivatives","Internal Work"
"HMDB0000112","gamma-Aminobutyric acid","LC-MS/MS","NCCCC(O)=O",103.1198,103.063328500,"Amino acids, peptides, and analogues","Internal Work"
"HMDB0000661","Glutaric acid","LC-MS/MS","OC(=O)CCCC(O)=O",132.1146,132.042258700,"Dicarboxylic acids and derivatives","Internal Work"
"HMDB0000139","Glyceric acid","LC-MS/MS","OC[C@@H](O)C(O)=O",106.0773,106.026608700,"Carbohydrates and carbohydrate conjugates","Internal Work"
"HMDB0013222","Guanidinopropionic acid","LC-MS/MS","NC(=N)NCCC(O)=O",131.1332,131.069476500,"Guanidines","Internal Work"
"HMDB0000738","Indole","LC-MS/MS","N1C=CC2=C1C=CC=C2",117.1479,117.057849200,"Indoles","Internal Work"
"HMDB0002302","Indole-3-propionic acid","LC-MS/MS","OC(=O)CCC1=CNC2=C1C=CC=C2",189.2105,189.078978600,"Indolyl carboxylic acids and derivatives","Internal Work"
"HMDB0000682","Indoxyl sulfate","LC-MS/MS","OS(=O)(=O)OC1=CNC2=CC=CC=C12",213.2100,213.009578400,"Arylsulfates","Internal Work"
"HMDB0000193","Isocitric acid","LC-MS/MS","OC(C(CC(O)=O)C(O)=O)C(O)=O",192.1235,192.027002600,"Tricarboxylic acids and derivatives","Internal Work"
"HMDB0000718","IsoValeric acid","LC-MS/MS","CC(C)CC(O)=O",102.1317,102.068079600,"Fatty acids and conjugates","Internal Work"
"HMDB0000715","Kynurenic acid","LC-MS/MS","OC(=O)C1=CC(=O)C2=CC=CC=C2N1",189.1675,189.042593100,"Quinoline carboxylic acids","Internal Work"
"HMDB0000156","Malic acid","LC-MS/MS","O[C@@H](CC(O)=O)C(O)=O",134.0874,134.021523300,"Beta hydroxy acids and derivatives","Internal Work"
"HMDB0000446","N1-Acetyl-Lysine","LC-MS/MS","CC(=O)N[C@@H](CCCCN)C(O)=O",188.2270,188.116092400,"Carboxylic acids and derivatives","Internal Work"
"HMDB0001276","N1-Acetylspermidine","LC-MS/MS","CC(=O)NCCCNCCCCN",187.2825,187.168462300,"Carboximidic acids","Internal Work"
"HMDB0003357","N2-Acetyl-Ornithine","LC-MS/MS","CC(=O)N[C@@H](CCCN)C(O)=O",174.1977,174.100442300,"Carboxylic acids and derivatives","Internal Work"
"HMDB0000766","N-Acetyl-Alanine","LC-MS/MS","C[C@H](NC(C)=O)C(O)=O",131.1299,131.058243200,"Amino acids, peptides, and analogues","Internal Work"
"HMDB0006028","N-Acetyl-Asparagine","LC-MS/MS","CC(=O)N[C@@H](CC(N)=O)C(O)=O",174.1546,174.064056800,"Amino acids, peptides, and analogues","Internal Work"
"HMDB0000812","N-Acetyl-Aspartic acid","LC-MS/MS","CC(=O)N[C@@H](CC(O)=O)C(O)=O",175.1394,175.048072400,"Amino acids, peptides, and analogues","Internal Work"
"HMDB0001138","N-Acetyl-Glutamic acid","LC-MS/MS","CC(=O)N[C@@H](CCC(O)=O)C(O)=O",189.1659,189.063722500,"Amino acids, peptides, and analogues","Internal Work"
"HMDB0000532","N-Acetyl-Glycine","LC-MS/MS","CC(=O)NCC(O)=O",117.1033,117.042593100,"Amino acids, peptides, and analogues","Internal Work"
"HMDB0032055","N-Acetyl-Histidine","LC-MS/MS","CC(=O)N[C@@H](CC1=CNC=N1)C(O)=O",197.1940,197.080041200,"Amino acids, peptides, and analogues","Internal Work"
"HMDB0061684","N-Acetyl-Isoleucine","LC-MS/MS","CC[C@H](C)[C@H](NC(C)=O)C(O)=O",173.2120,173.105193300,"Amino acids, peptides, and analogues","Internal Work"
"HMDB0011745","N-Acetyl-Methionine","LC-MS/MS","CSCC[C@H](NC(C)=O)C(O)=O",191.2480,191.061614000,"Amino acids, peptides, and analogues","Internal Work"
"HMDB0094701","N-Acetyl-Proline","LC-MS/MS","[H][C@]1(CCCN1C(C)=O)C(O)=O",157.1671,157.073893200,"Amino acids, peptides, and analogues","Internal Work"
"HMDB0002064","N-Acetylputrescine","LC-MS/MS","CC(=O)NCCCCN",130.1882,130.110613100,"Carboximidic acids","Internal Work"
"HMDB0002931","N-Acetyl-Serine","LC-MS/MS","CC(=O)N[C@@H](CO)C(O)=O",147.1293,147.053157800,"Amino acids, peptides, and analogues","Internal Work"
"HMDB0013713","N-Acetyl-Tryptophan","LC-MS/MS","CC(=O)N[C@@H](CC1=CNC2=C1C=CC=C2)C(O)=O",246.2619,246.100442300,"Amino acids, peptides, and analogues","Internal Work"
"HMDB0011757","N-Acetyl-Valine","LC-MS/MS","CC(C)[C@H](NC(C)=O)C(O)=O",159.1850,159.089543300,"Amino acids, peptides, and analogues","Internal Work"
"HMDB0004193","Nudifloramide","LC-MS/MS","CN1C=C(C=CC1=O)C(N)=O",152.1506,152.058577500,"Pyridinecarboxylic acids and derivatives","Internal Work"
"HMDB0000226","Orotic acid","LC-MS/MS","OC(=O)C1=CC(=O)NC(=O)N1",156.0963,156.017106600,"Pyrimidines and pyrimidine derivatives","Internal Work"
"HMDB0011635","p-Cresol sulfate","LC-MS/MS","CC1=CC=C(OS(O)(=O)=O)C=C1",188.2010,188.014329400,"Arylsulfates","Internal Work"
"HMDB0000209","Phenylacetic acid","LC-MS/MS","OC(=O)CC1=CC=CC=C1",136.1479,136.052429500,"no subclass","Internal Work"
"HMDB0006344","Phenylacetylglutamine","LC-MS/MS","NC(=O)CC[C@H](NC(=O)CC1=CC=CC=C1)C(O)=O",264.2771,264.111007000,"Amino acids, peptides, and analogues","Internal Work"
"HMDB0013678","p-Hydroxyhippuric acid","LC-MS/MS","OC(=O)CNC(=O)C1=CC=C(O)C=C1",195.1721,195.053157800,"Benzene and substituted derivatives","Internal Work"
"HMDB0002243","Picolinic acid","LC-MS/MS","OC(=O)C1=CC=CC=N1",123.1094,123.032028400,"Pyridinecarboxylic acids and derivatives","Internal Work"
"HMDB0000070","Pipecolic acid","LC-MS/MS","OC(=O)C1CCCCN1",129.1570,129.078978600,"Carboxylic acids and derivatives","Internal Work"
"HMDB0257047","Quinoline-4-carboxylic acid","LC-MS/MS","OC(=O)C1=CC=NC2=CC=CC=C12",173.1710,173.047678500,"Quinoline carboxylic acids","Internal Work"
"HMDB0000232","Quinolinic acid","LC-MS/MS","OC(=O)C1=CC=CN=C1C(O)=O",167.1189,167.021857700,"Pyridinecarboxylic acids and derivatives","Internal Work"
"HMDB0001895","Salicylic acid","LC-MS/MS","OC(=O)C1=C(O)C=CC=C1",138.1220,138.031694100,"Benzoic acids and derivatives","Internal Work"
"HMDB0000956","Tartaric acid","LC-MS/MS","O[C@H]([C@@H](O)C(O)=O)C(O)=O",150.0868,150.016437900,"Carbohydrates and carbohydrate conjugates","Internal Work"
"HMDB0000943","Threonic acid","LC-MS/MS","OC[C@H](O)[C@@H](O)C(O)=O",136.1033,136.037173400,"Carbohydrates and carbohydrate conjugates","Internal Work"
"HMDB0000273","Thymidine","LC-MS/MS","CC1=CN([C@H]2C[C@H](O)[C@@H](CO)O2)C(=O)NC1=O",242.2286,242.090271600,"Pyrimidine 2'-deoxyribonucleosides","Internal Work"
"HMDB0000294","Urea","LC-MS/MS","NC(N)=O",60.0553,60.032362760,"Ureas","Internal Work"
"HMDB0000296","Uridine","LC-MS/MS","OC[C@H]1O[C@H]([C@H](O)[C@@H]1O)N1C=CC(=O)NC1=O",244.2014,244.069536100,"no subclass","Internal Work"
"HMDB0000925","TMAO","LC-MS/MS","C[N+](C)(C)[O-]",75.1097,75.068413920,"Aminoxides","Internal Work"
"HMDB0000062","Carnitine (C0)","DI-MS/MS","C[N+](C)(C)C[C@H](O)CC([O-])=O",161.1989,161.105193400,"Quaternary ammonium salts","Internal Work"
"HMDB0000651","Decanoylcarnitine (C10)","DI-MS/MS","CCCCCCCCCC(=O)O[C@H](CC([O-])=O)C[N+](C)(C)C",315.4540,315.240958500,"Fatty acid esters","Internal Work"
"HMDB0250918","Decenoylcarnitine (C10:1)","DI-MS/MS","CCCCCCCC=CC(=O)C(O)(CC([O-])=O)C[N+](C)(C)C",313.4380,313.225308500,"Fatty acids and conjugates","Internal Work"
"HMDB0241095","Decadienoylcarnitine (C10:2)","DI-MS/MS","CCCC=CCCC=CC(=O)OC(CC([O-])=O)C[N+](C)(C)C",311.4220,311.209658400,"Fatty acid esters","Internal Work"
"HMDB0002250","Dodecanoylcarnitine (C12)","DI-MS/MS","CCCCCCCCCCCC(=O)O[C@H](CC(O)=O)C[N+](C)(C)C",344.5150,344.279535100,"Fatty acid esters","Internal Work"
"HMDB0013327","Dodecanedioylcarnitine (C12-DC)","DI-MS/MS","C[N+](C)(C)[C@H](CCC([O-])=O)OC(=O)CCCCCCCCCCC(O)=O",373.4843,373.246437900,"Tricarboxylic acids and derivatives","Internal Work"
"HMDB0251567","Dodecenoylcarnitine (C12:1)","DI-MS/MS","CCCCCCCCCC=CC(=O)C(O)(CC([O-])=O)C[N+](C)(C)C",341.4920,341.256608600,"Fatty acids and conjugates","Internal Work"
"HMDB0005066","Tetradecanoylcarnitine (C14)","DI-MS/MS","CCCCCCCCCCCCCC(=O)O[C@H](CC(O)=O)C[N+](C)(C)C",372.5690,372.310835300,"Fatty acid esters","Internal Work"
"HMDB0258884","Tetradecenoylcarnitine (C14:1)","DI-MS/MS","CCCCCCCCCCCC=CC(=O)C(O)(CC([O-])=O)C[N+](C)(C)C",369.5460,369.287908700,"Fatty acids and conjugates","Internal Work"
"HMDB0253296","Hydroxytetradecenoylcarnitine (C14:1-OH)","DI-MS/MS","C[N+](C)(C)CC(O)(CC([O-])=O)C(=O)C=CCCCCCCCCCCCO",385.5450,385.282823400,"Fatty acids and conjugates","Internal Work"
"HMDB0258882","Tetradecadienoylcarnitine (C14:2)","DI-MS/MS","CCCCCCCCCC=CC=CC(=O)C(O)(CC([O-])=O)C[N+](C)(C)C",367.5300,367.272258700,"Fatty acids and conjugates","Internal Work"
"HMDB0240755","Hydroxytetradecadienoylcarnitine (C14:2-OH)","DI-MS/MS","[H]\C(CCCCC)=C(/[H])CC([H])=C([H])CC(O)CC(=O)OC(CC([O-])=O)C[N+](C)(C)C",383.5290,383.267173300,"Fatty acid esters","Internal Work"
"HMDB0253127","Hexadecenoylcarnitine C16","DI-MS/MS","CCCCCCCCCCCCCC=CC(=O)C(O)(CC([O-])=O)C[N+](C)(C)C",397.6000,397.319208900,"Fatty acids and conjugates","Internal Work"
"HMDB0241460","Hydroxyhexadecanoylcarnitine (C16-OH)","DI-MS/MS","CCCCCCCCCCCC(O)CCCC(=O)OC(CC([O-])=O)C[N+](C)(C)C",415.6150,415.329773600,"Fatty acid esters","Internal Work"
"HMDB0253127","Hexadecenoylcarnitine (C16:1)","DI-MS/MS","CCCCCCCCCCCCCC=CC(=O)C(O)(CC([O-])=O)C[N+](C)(C)C",397.6000,397.319208900,"Fatty Acyls","Internal Work"
"HMDB0253270","Hydroxyhexadecenoylcarnitine (C16:1-OH)","DI-MS/MS","C[N+](C)(C)CC(O)(CC([O-])=O)C(=O)C=CCCCCCCCCCCCCCO",413.5990,413.314123500,"Fatty acids and conjugates","Internal Work"
"HMDB0253270","Hexadecadienoylcarnitine (C16:2)","DI-MS/MS","C[N+](C)(C)CC(O)(CC([O-])=O)C(=O)C=CCCCCCCCCCCCCCO",413.5990,413.314123500,"Prenol lipids","Internal Work"
"HMDB0241486","Hydroxyhexadecadienoylcarnitine (C16:2-OH)","DI-MS/MS","CCCC=CC(O)CCCC=CCCCCC(=O)OC(CC([O-])=O)C[N+](C)(C)C",411.5830,411.298473400,"Fatty acid esters","Internal Work"
"HMDB00008484","Octadecanoylcarnitine (C18)","DI-MS/MS","CCCCCCC(O)CCCCCCCCCCC(=O)OC(CC([O-])=O)C[N+](C)(C)C",443.6603,443.361073700,"Fatty Acyls","Internal Work"
"HMDB0094687","Octadecenoylcarnitine (C18:1)","DI-MS/MS","CCCCCCCCCCCCCCCC=CC(=O)OC(CC([O-])=O)C[N+](C)(C)C",425.6540,425.350509000,"Fatty acid esters","Internal Work"
"HMDB0253282","Hydroxyoctadecenoylcarnitine (C18:1-OH)","DI-MS/MS","C[N+](C)(C)CC(O)(CC([O-])=O)C(=O)C=CCCCCCCCCCCCCCCCO",441.6530,441.345423600,"Fatty acids and conjugates","Internal Work"
"HMDB0255895","Octadecadienylcarnitine (C18:2)","DI-MS/MS","CCCCCCCCCCCCCCC=CC=CC(O)(CC([O-])=O)C[N+](C)(C)C",409.6550,409.355594400,"Eicosanoids","Internal Work"
"HMDB0000201","Acetylcarnitine (C2)","DI-MS/MS","CC(=O)O[C@H](CC([O-])=O)C[N+](C)(C)C",203.2380,203.115758000,"Fatty acid esters","Internal Work"
"HMDB0000824","Propionylcarnitine (C3)","DI-MS/MS","CCC(=O)O[C@H](CC([O-])=O)C[N+](C)(C)C",217.2650,217.131408100,"Fatty acid esters","Internal Work"
"HMDB0013125","Hydroxypropionylcarnitine (C3-OH)","DI-MS/MS","C[N+](C)(C)C[C@H](CC([O-])=O)OC(=O)CCO",233.2616,233.126322700,"Fatty acid esters","Internal Work"
"HMDB0013124","Propenoylcarnitine (C3:1)","DI-MS/MS","C[N+](C)(C)C[C@H](CC([O-])=O)OC(=O)C=C",215.2463,215.115758000,"Fatty acid esters","Internal Work"
"HMDB0002013","Butyrylcarnitine (C4)","DI-MS/MS","CCCC(=O)O[C@H](CC([O-])=O)C[N+](C)(C)C",231.2920,231.147058200,"Fatty acid esters","Internal Work"
"HMDB0002095","Malonylcarnitine (Hydroxybutyrylcarnitine) ","DI-MS/MS","C[N+](C)(C)C[C@@H](CC([O-])=O)OC(=O)CC(O)=O",247.2470,247.105587300,"Fatty acid esters","Internal Work"
"HMDB0013126","Butenylcarnitine (C4:1)","DI-MS/MS","C\C=C\C(=O)O[C@@H](CC([O-])=O)C[N+](C)(C)C",229.2729,229.131408100,"Fatty acid esters","Internal Work"
"HMDB0013128","Valerylcarnitine (C5)","DI-MS/MS","CCCCC(=O)O[C@H](CC([O-])=O)C[N+](C)(C)C",245.3190,245.162708200,"Fatty acid esters","Internal Work"
"HMDB0254648","Methylglutarylcarnitine (C5-M-DC)","DI-MS/MS","CC(CCC(=O)C(C(O)C[N+](C)(C)C)C([O-])=O)C(=O)C(C(O)C[N+](C)(C)C)C([O-])=O",432.5140,432.247166100,"Medium-chain keto acids and derivatives","Internal Work"
"HMDB0013132","Hydroxyvalerylcarnitine ","DI-MS/MS","[H]C(O)(CC)CC(=O)O[C@@]([H])(CC([O-])=O)C[N+](C)(C)C",261.3180,261.158000000,"Fatty acid esters","Internal Work"
"HMDB0002366","Tiglylcarnitine (C5:1)","DI-MS/MS","C\C=C(/C)C(=O)O[C@H](CC([O-])=O)C[N+](C)(C)C",243.3030,243.147058200,"Fatty acid esters","Internal Work"
"HMDB0013129","Glutaconylcarnitine (C5:1-DC)","DI-MS/MS","OC(=O)C\C=C\C(=O)O[C@@H](CC([O-])=O)C[N+](C)(C)C",273.2824,273.121237300,"Fatty acid esters","Internal Work"
"HMDB0000756","Hexanoylcarnitine (C6 (C4:1-DC))","DI-MS/MS","CCCCCC(=O)O[C@H](CC(O)=O)C[N+](C)(C)C",260.3498,260.186183300,"Fatty acid esters","Internal Work"
"HMDB0253155","Hexenoylcarnitine (C6:1)","DI-MS/MS","CCCC=CC(=O)C(O)(CC([O-])=O)C[N+](C)(C)C",257.3300,257.162708200,"Medium-chain keto acids and derivatives","Internal Work"
"HMDB0242187","Pimeloylcarnitine (C7-DC)","DI-MS/MS","C[N+](C)(C)C(CCC([O-])=O)OC(=O)CCCCCC(O)=O",303.3550,303.168187500,"Tricarboxylic acids and derivatives","Internal Work"
"HMDB0000791","Octanoylcarnitine (C8)","DI-MS/MS","CCCCCCCC(=O)O[C@H](CC([O-])=O)C[N+](C)(C)C",287.3951,287.209658400,"Fatty acid esters","Internal Work"
"HMDB0013288","Nonaylcarnitine (C9)","DI-MS/MS","CCCCCCCCC(=O)OC(CC([O-])=O)C[N+](C)(C)C",301.4216,301.225308500,"Fatty acid esters","Internal Work"
"HMDB0010379","LysoPC a C14:0","DI-MS/MS","CCCCCCCCCCCCCC(=O)OC[C@@H](O)COP([O-])(=O)OCC[N+](C)(C)C",467.5769,467.301189300,"Glycerophosphocholines","Internal Work"
"HMDB0010382","LysoPC a C16:0","DI-MS/MS","CCCCCCCCCCCCCCCC(=O)OC[C@@H](O)COP([O-])(=O)OCC[N+](C)(C)C",495.6301,495.332489500,"Glycerophosphocholines","Internal Work"
"HMDB0010383","LysoPC a C16:1","DI-MS/MS","CCCCCC\C=C/CCCCCCCC(=O)OC[C@@H](O)COP([O-])(=O)OCC[N+](C)(C)C",493.6142,493.316839400,"Glycerophosphocholines","Internal Work"
"HMDB0012108","LysoPC a C17:0","DI-MS/MS","CCCCCCCCCCCCCCCCC(=O)OC[C@@H](O)COP([O-])(=O)OCC[N+](C)(C)C",509.6566,509.348139500,"Glycerophosphocholines","Internal Work"
"HMDB0010384","LysoPC a C18:0","DI-MS/MS","CCCCCCCCCCCCCCCCCC(=O)OC[C@@H](O)COP([O-])(=O)OCC[N+](C)(C)C",523.6832,523.363789600,"Glycerophosphocholines","Internal Work"
"HMDB0002815","LysoPC a C18:1","DI-MS/MS","[H][C@@](O)(COC(=O)CCCCCCC\C=C/CCCCCCCC)COP([O-])(=O)OCC[N+](C)(C)C",521.6673,521.348139500,"Glycerophosphocholines","Internal Work"
"HMDB0010386","LysoPC a C18:2","DI-MS/MS","[H][C@@](O)(COC(=O)CCCCCCC\C=C/C\C=C/CCCCC)COP([O-])(=O)OCC[N+](C)(C)C",519.6515,519.332489500,"Glycerophosphocholines","Internal Work"
"HMDB0010393","LysoPC a C20:3","DI-MS/MS","CCCCCCCC\C=C/C\C=C/C\C=C/CCCC(=O)OC[C@@H](O)COP([O-])(=O)OCC[N+](C)(C)C",545.6887,545.348139500,"Glycerophosphocholines","Internal Work"
"HMDB0010395","LysoPC a C20:4","DI-MS/MS","CCCCC\C=C/C\C=C/C\C=C/C\C=C/CCCC(=O)OC[C@@H](O)COP([O-])(=O)OCC[N+](C)(C)C",543.6729,543.332489500,"Glycerophosphocholines","Internal Work"
"HMDB0010405","LysoPC a C24:0","DI-MS/MS","[H][C@@](O)(COC(=O)CCCCCCCCCCCCCCCCCCCCCCC)COP([O-])(=O)OCC[N+](C)(C)C",607.8427,607.457690000,"Glycerophosphocholines","Internal Work"
"HMDB0029205","LysoPC a C26:0","DI-MS/MS","[H][C@@](O)(COC(=O)CCCCCCCCCCCCCCCCCCCCCCCCC)COP([O-])(=O)OCC[N+](C)(C)C",635.8959,635.488990100,"Glycerophosphocholines","Internal Work"
"HMDB0029220","LysoPC a C26:1","DI-MS/MS","CCCCCCCCCCCCCCCCCCCC\C=C\CCCC(=O)OC[C@@H](O)COP([O-])(=O)OCC[N+](C)(C)C",633.8800,633.473340000,"Glycerophosphocholines","Internal Work"
"HMDB0029206","LysoPC a C28:0","DI-MS/MS","[H][C@@](O)(COC(=O)CCCCCCCCCCCCCCCCCCCCCCCCCCC)COP([O-])(=O)OCC[N+](C)(C)C",663.9490,663.520290200,"Glycerophosphocholines","Internal Work"
"HMDB0029221","LysoPC a C28:1","DI-MS/MS","CCCCCCCCCCCCCCCCCCCCCC\C=C\CCCC(=O)OC[C@@H](O)COP([O-])(=O)OCC[N+](C)(C)C",661.9331,661.504640200,"Glycerophosphocholines","Internal Work"
"HMDB0341514","PC aa C24:0","DI-MS/MS",NULL,0.0000,0.000000000,"Glycerophospholipids","Internal Work"
"HMDB0341515","PC aa C26:0","DI-MS/MS",NULL,0.0000,0.000000000,"Glycerophospholipids","Internal Work"
"HMDB0007867","PC aa C28:1","DI-MS/MS","CCCCCCCCCCCCCC(=O)OC[C@]([H])(COP([O-])(=O)OCC[N+](C)(C)C)OC(=O)CCCCCCC\C=C/CCCC",675.9167,675.483904700,"Glycerophosphocholines","Internal Work"
"HMDB0007869","PC aa C30:0","DI-MS/MS","[H][C@@](COC(=O)CCCCCCCCCCCCC)(COP([O-])(=O)OCC[N+](C)(C)C)OC(=O)CCCCCCCCCCCCCCC",705.9857,705.530854900,"Glycerophosphocholines","Internal Work"
"HMDB0007903","PC aa C30:2","DI-MS/MS","[H][C@@](COC(=O)CCCCCCCCCCCCCCC)(COP([O-])(=O)OCC[N+](C)(C)C)OC(=O)CCCCCCCCCCCCCCC",734.0389,733.562155100,"Glycerophosphocholines","Internal Work"
"HMDB0000564","PC aa C32:0","DI-MS/MS","CCCCCCCCCCCCCC(=O)OC[C@]([H])(COP([O-])(=O)OCC[N+](C)(C)C)OC(=O)CCCCCCCCC\C=C/CCCCCC",732.0230,731.546505000,"Glycerophosphocholines","Internal Work"
"HMDB0007872","PC aa C32:1","DI-MS/MS","[H][C@@](COC(=O)CCCCCCCCCCCCC)(COP([O-])(=O)OCC[N+](C)(C)C)OC(=O)CCCCCCC\C=C/C\C=C/CCCCC",730.0071,729.530854900,"Glycerophosphocholines","Internal Work"
"HMDB0007874","PC aa C32:2","DI-MS/MS","CCCCCCCCCCCCCC(=O)OC[C@]([H])(COP([O-])(=O)OCC[N+](C)(C)C)OC(=O)CCCC\C=C/C\C=C/C\C=C/CCCCC",727.9912,727.515204900,"Glycerophosphocholines","Internal Work"
"HMDB0007875","PC aa C32:3","DI-MS/MS","CCCCCCCCCCCCCC(=O)OC[C@]([H])(COP([O-])(=O)OCC[N+](C)(C)C)OC(=O)CCCCCCCCC\C=C/CCCCCCCC",760.0761,759.577805100,"Glycerophosphocholines","Internal Work"
"HMDB0007879","PC aa C34:1","DI-MS/MS","CCCCCCCCCCCCCC(=O)OC[C@]([H])(COP([O-])(=O)OCC[N+](C)(C)C)OC(=O)CCCCCCCCC\C=C/C\C=C/CCCCC",758.0603,757.562155100,"Glycerophosphocholines","Internal Work"
"HMDB0007880","PC aa C34:2","DI-MS/MS","CCCCCCCCCCCCCC(=O)OC[C@]([H])(COP([O-])(=O)OCC[N+](C)(C)C)OC(=O)CCC\C=C/C\C=C/C\C=C/CCCCCCCC",756.0444,755.546505000,"Glycerophosphocholines","Internal Work"
"HMDB0007881","PC aa C34:3","DI-MS/MS","CCCCCCCCCCCCCC(=O)OC[C@]([H])(COP([O-])(=O)OCC[N+](C)(C)C)OC(=O)CCC\C=C/C\C=C/C\C=C/C\C=C/CCCCC",754.0285,753.530854900,"Glycerophosphocholines","Internal Work"
"HMDB0007883","PC aa C34:4","DI-MS/MS","[H][C@@](COC(=O)CCCCCCCCCCCCC)(COP([O-])(=O)OCC[N+](C)(C)C)OC(=O)CCCCCCCCCCCCCCCCCCCCC",790.1452,789.624755300,"Glycerophosphocholines","Internal Work"
"HMDB0007886","PC aa C36:0","DI-MS/MS","CCCCCCCCCCCCCC(=O)OC[C@]([H])(COP([O-])(=O)OCC[N+](C)(C)C)OC(=O)CCCCCCCCCCC\C=C/CCCCCCCC",788.1293,787.609105200,"Glycerophosphocholines","Internal Work"
"HMDB0007887","PC aa C36:1","DI-MS/MS","CCCCCCCC\C=C/CCCCCCCC(=O)OC[C@H](COP([O-])(=O)OCC[N+](C)(C)C)OC(=O)CCCCCCC\C=C/CCCCCCCC",786.1134,785.593455200,"Glycerophosphocholines","Internal Work"
"HMDB0000593","PC aa C36:2","DI-MS/MS","CCCCC\C=C/C\C=C/CCCCCCCCCCCC(=O)O[C@]([H])(COC(=O)CCCCCCC\C=C/CCCC)COP([O-])(=O)OCC[N+](C)(C)C",784.0975,783.577805100,"Glycerophosphocholines","Internal Work"
"HMDB0007921","PC aa C36:3","DI-MS/MS","CCCCCCCCCCCCCC(=O)OC[C@]([H])(COP([O-])(=O)OCC[N+](C)(C)C)OC(=O)CCCCC\C=C/C\C=C/C\C=C/C\C=C/CCCCC",782.0817,781.562155100,"Glycerophosphocholines","Internal Work"
"HMDB0007889","PC aa C36:4","DI-MS/MS","CCCCCCCCCCCCCC(=O)OC[C@]([H])(COP([O-])(=O)OCC[N+](C)(C)C)OC(=O)CC\C=C/C\C=C/C\C=C/C\C=C/C\C=C/CCCCC",780.0658,779.546505000,"Glycerophosphocholines","Internal Work"
"HMDB0007890","PC aa C36:5","DI-MS/MS","CCCC\C=C/CCCCCCCC(=O)O[C@]([H])(COC(=O)CCCCC\C=C/C\C=C/C\C=C/C\C=C/C\C=C/CC)COP([O-])(=O)OCC[N+](C)(C)C",778.0499,777.530854900,"Glycerophosphocholines","Internal Work"
"HMDB0008690","PC aa C36:6","DI-MS/MS","[H][C@@](COC(=O)CCCCCCCCCCCCC)(COP([O-])(=O)OCC[N+](C)(C)C)OC(=O)CCCCCCCCCCCCCCCCCCCCCCC",818.1983,817.656055400,"Glycerophosphocholines","Internal Work"
"HMDB0007893","PC aa C38:0","DI-MS/MS","CCCCCCCCCCCCCC(=O)OC[C@]([H])(COP([O-])(=O)OCC[N+](C)(C)C)OC(=O)CCCCCCCCCCCCC\C=C/CCCCCCCC",816.1825,815.640405400,"Glycerophosphocholines","Internal Work"
"HMDB0007894","PC aa C38:1","DI-MS/MS","CCCCCC\C=C/CCCCCCCC(=O)OC[C@]([H])(COP([O-])(=O)OCC[N+](C)(C)C)OC(=O)CCCCCCCCCCC\C=C/C\C=C/CCCCC",812.1507,811.609105200,"Glycerophosphocholines","Internal Work"
"HMDB0008020","PC aa C38:3","DI-MS/MS","CCCCCCCCCCCCCCCC(=O)OC[C@]([H])(COP([O-])(=O)OCC[N+](C)(C)C)OC(=O)CCCCC\C=C/C\C=C/C\C=C/C\C=C/CCCCC",810.1348,809.593455200,"Glycerophosphocholines","Internal Work"
"HMDB0007988","PC aa C38:4","DI-MS/MS","CCCCCCCCCCCCCCCC(=O)OC[C@]([H])(COP([O-])(=O)OCC[N+](C)(C)C)OC(=O)CC\C=C/C\C=C/C\C=C/C\C=C/C\C=C/CCCCC",808.1189,807.577805100,"Glycerophosphocholines","Internal Work"
"HMDB0007989","PC aa C38:5","DI-MS/MS","CCCCCCCCCCCCCCCC(=O)OC[C@]([H])(COP([O-])(=O)OCC[N+](C)(C)C)OC(=O)CC\C=C/C\C=C/C\C=C/C\C=C/C\C=C/C\C=C/CC",806.1031,805.562155100,"Glycerophosphocholines","Internal Work"
"HMDB0007991","PC aa C38:6","DI-MS/MS","CCCCCCCCCCCCCCCC(=O)OC[C@]([H])(COP([O-])(=O)OCC[N+](C)(C)C)OC(=O)CCCCCCCCCCCCC\C=C/CCCCCCCC",844.2356,843.671705500,"Glycerophosphocholines","Internal Work"
"HMDB0008688","PC aa C40:2","DI-MS/MS","CCCCCCCC\C=C/CCCCCC\C=C/OC(COC(=O)CC\C=C/C\C=C/C\C=C/C\C=C/C\C=C/CCCCC)COP([O-])(=O)OCC[N+](C)(C)C",818.1568,817.598540600,"Glycerophosphocholines","Internal Work"
"HMDB0008086","PC aa C40:3","DI-MS/MS","CCCCCC\C=C/CCCCCCCCCC(=O)OC[C@]([H])(COP([O-])(=O)OCC[N+](C)(C)C)OC(=O)CCCCCCCCCCC\C=C/C\C=C/CCCCC",840.2039,839.640405400,"Glycerophosphocholines","Internal Work"
"HMDB0008054","PC aa C40:4","DI-MS/MS","CCCCCCCCCCCCCCCCCC(=O)OC[C@]([H])(COP([O-])(=O)OCC[N+](C)(C)C)OC(=O)CCCCC\C=C/C\C=C/C\C=C/C\C=C/CCCCC",838.1880,837.624755300,"Glycerophosphocholines","Internal Work"
"HMDB0008055","PC aa C40:5","DI-MS/MS","CCCCCCCCCCCCCCCCCC(=O)OC[C@]([H])(COP([O-])(=O)OCC[N+](C)(C)C)OC(=O)CC\C=C/C\C=C/C\C=C/C\C=C/C\C=C/CCCCC",836.1721,835.609105200,"Glycerophosphocholines","Internal Work"
"HMDB0008057","PC aa C40:6","DI-MS/MS","CCCCCCCCCCCCCCCCCC(=O)OC[C@]([H])(COP([O-])(=O)OCC[N+](C)(C)C)OC(=O)CC\C=C/C\C=C/C\C=C/C\C=C/C\C=C/C\C=C/CC",834.1562,833.593455200,"Glycerophosphocholines","Internal Work"
"HMDB0008059","PC aa C42:1","DI-MS/MS","[H][C@@](COC(=O)CCCCCCCCCCCCCCCCC)(COP([O-])(=O)OCC[N+](C)(C)C)OC(=O)CCCCCCCCCCCCCCCCCCCCCCC",874.3047,873.718655700,"Glycerophosphocholines","Internal Work"
"HMDB0008092","PC aa C42:2","DI-MS/MS","CCCCCCCCCCCCCCCCCC(=O)OC[C@]([H])(COP([O-])(=O)OCC[N+](C)(C)C)OC(=O)CCCCCCCCCCCCC\C=C/CCCCCCCC",872.2888,871.703005600,"Glycerophosphocholines","Internal Work"
"HMDB0008191","PC aa C42:4","DI-MS/MS","CCCCCCCC\C=C/CCCCCCCCCCCCCC(=O)O[C@]([H])(COC(=O)CCCCCCCCC\C=C/CCCCCC)COP([O-])(=O)OCC[N+](C)(C)C",870.2729,869.687355600,"Glycerophosphocholines","Internal Work"
"HMDB0008257","PC aa C42:5","DI-MS/MS","CCCCCCCC\C=C/CCCCCCCCCCCCCC(=O)O[C@]([H])(COC(=O)CCCC\C=C/C\C=C/C\C=C/CCCCC)COP([O-])(=O)OCC[N+](C)(C)C",866.2411,865.656055400,"Glycerophosphocholines","Internal Work"
"HMDB0013341","PC ae C30:0","DI-MS/MS","CCCCCCCC\C=C/CCCCCCCCCCCCCC(=O)O[C@]([H])(COC(=O)CCCC\C=C/C\C=C/C\C=C/C\C=C/CC)COP([O-])(=O)OCC[N+](C)(C)C",864.2253,863.640405400,"Glycerophosphocholines","Internal Work"
"HMDB0013402","PC ae C30:1","DI-MS/MS","CCCCCCCCCCCCCCCCCCCC(=O)OC[C@]([H])(COP([O-])(=O)OCC[N+](C)(C)C)OC(=O)CC\C=C/C\C=C/C\C=C/C\C=C/C\C=C/C\C=C/CC",862.2094,861.624755300,"Glycerophosphocholines","Internal Work"
"HMDB0013410","PC ae C30:2","DI-MS/MS","[H][C@@](COCCCCCCCCCCCCCC)(COP([O-])(=O)OCC[N+](C)(C)C)OC(=O)CCCCCCCCCCCCCCC",692.0022,691.551590400,"Glycerophosphocholines","Internal Work"
"HMDB0013404","PC ae C32:1","DI-MS/MS","CCCCCCCCCCCCCCOC[C@]([H])(COP([O-])(=O)OCC[N+](C)(C)C)OC(=O)CCCCCCC\C=C/CCCCCC",689.9863,689.535940300,"Glycerophosphocholines","Internal Work"
"HMDB0013411","PC ae C32:2","DI-MS/MS","CCCCCC\C=C/CCCCCCCCOC[C@]([H])(COP([O-])(=O)OCC[N+](C)(C)C)OC(=O)CCCCCCC\C=C/CCCC",687.9704,687.520290200,"Glycerophosphocholines","Internal Work"
"HMDB0013405","PC ae C34:0","DI-MS/MS","CCCCCCCCCCCCCCCCOC[C@]([H])(COP([O-])(=O)OCC[N+](C)(C)C)OC(=O)CCCCCCC\C=C/CCCCCC",718.0395,717.567240400,"Glycerophosphocholines","Internal Work"
"HMDB0013412","PC ae C34:1","DI-MS/MS","CCCCCC\C=C/CCCCCCCCOC[C@]([H])(COP([O-])(=O)OCC[N+](C)(C)C)OC(=O)CCCCCCC\C=C/CCCCCC",716.0236,715.551590400,"Glycerophosphocholines","Internal Work"
"HMDB0011151","PC ae C34:2","DI-MS/MS","[H][C@@](COCCCCCCCCCCCCCCCC)(COP([O-])(=O)OCC[N+](C)(C)C)OC(=O)CCCCCCCCCCCCCCCCC",748.1085,747.614190600,"Glycerophosphocholines","Internal Work"
"HMDB0013413","PC ae C34:3","DI-MS/MS","CCCCCCCCCCCCCCCCCC(=O)O[C@]([H])(COCCCCCCCC\C=C/CCCCCC)COP([O-])(=O)OCC[N+](C)(C)C",746.0926,745.598540600,"Glycerophosphocholines","Internal Work"
"HMDB0013406","PC ae C36:0","DI-MS/MS","CCCCCCCCCCCCCCCCOC[C@]([H])(COP([O-])(=O)OCC[N+](C)(C)C)OC(=O)CCCCCCC\C=C/C\C=C/CCCCC",744.0767,743.582890500,"Glycerophosphocholines","Internal Work"
"HMDB0013414","PC ae C36:1","DI-MS/MS","CCCCCC\C=C/CCCCCCCCOC[C@]([H])(COP([O-])(=O)OCC[N+](C)(C)C)OC(=O)CCCCCCC\C=C/C\C=C/CCCCC",742.0609,741.567240400,"Glycerophosphocholines","Internal Work"
"HMDB0013418","PC ae C36:2","DI-MS/MS","[H][C@@](COCCCCCCCCCCCCCCCC)(COP([O-])(=O)OCC[N+](C)(C)C)OC(=O)CCCCCCCCCCCCCCCCCCC",776.1617,775.645490800,"Glycerophosphocholines","Internal Work"
"HMDB0013425","PC ae C36:3","DI-MS/MS","CCCCCCCCCCCCCCCCCCCC(=O)O[C@]([H])(COCCCCCCCC\C=C/CCCCCC)COP([O-])(=O)OCC[N+](C)(C)C",774.1458,773.629840700,"Glycerophosphocholines","Internal Work"
"HMDB0013407","PC ae C36:4","DI-MS/MS","CCCCCCCCCCCCCCCCCCOC[C@]([H])(COP([O-])(=O)OCC[N+](C)(C)C)OC(=O)CCCCCCC\C=C/C\C=C/CCCCC",772.1299,771.614190600,"Glycerophosphocholines","Internal Work"
"HMDB0013415","PC ae C36:5","DI-MS/MS","CCCCCC\C=C/CCCCCCCCCCOC[C@]([H])(COP([O-])(=O)OCC[N+](C)(C)C)OC(=O)CCCCCCC\C=C/C\C=C/CCCCC",770.1140,769.598540600,"Glycerophosphocholines","Internal Work"
"HMDB0013408","PC ae C38:0","DI-MS/MS","[H][C@@](COCCCCCCCCCCCCCCCC)(COP([O-])(=O)OCC[N+](C)(C)C)OC(=O)CCCCCC\C=C/C\C=C/C\C=C/C\C=C/CC",768.0981,767.582890500,"Glycerophosphocholines","Internal Work"
"HMDB0013416","PC ae C38:1","DI-MS/MS","CCCCCC\C=C/CCCCCCCCOC[C@]([H])(COP([O-])(=O)OCC[N+](C)(C)C)OC(=O)CCC\C=C/C\C=C/C\C=C/C\C=C/CCCCC",766.0823,765.567240400,"Glycerophosphocholines","Internal Work"
"HMDB0013431","PC ae C38:2","DI-MS/MS","[H][C@@](COCCCCCCCCCCCCCCCC)(COP([O-])(=O)OCC[N+](C)(C)C)OC(=O)CCCCCCCCCCCCCCCCCCCCC",804.2148,803.676790900,"Glycerophosphocholines","Internal Work"
"HMDB0013439","PC ae C38:3","DI-MS/MS","CCCCCCCCCCCCCCCCCCCCCC(=O)O[C@]([H])(COCCCCCCCC\C=C/CCCCCC)COP([O-])(=O)OCC[N+](C)(C)C",802.1989,801.661140800,"Glycerophosphocholines","Internal Work"
"HMDB0013420","PC ae C38:4","DI-MS/MS","CCCCCCCC\C=C/CCCCCCCCCC(=O)O[C@]([H])(COCCCCCCCC\C=C/CCCCCCCC)COP([O-])(=O)OCC[N+](C)(C)C",800.1831,799.645490800,"Glycerophosphocholines","Internal Work"
"HMDB0013432","PC ae C38:5","DI-MS/MS","CCCCCCCCCCCCCCCCCCCCOC[C@]([H])(COP([O-])(=O)OCC[N+](C)(C)C)OC(=O)CCCC\C=C/C\C=C/C\C=C/CCCCC",798.1672,797.629840700,"Glycerophosphocholines","Internal Work"
"HMDB0013409","PC ae C38:6","DI-MS/MS","[H][C@@](COCCCCCCCCCCCCCCCCCC)(COP([O-])(=O)OCC[N+](C)(C)C)OC(=O)CCC\C=C/C\C=C/C\C=C/C\C=C/CCCCC",796.1513,795.614190600,"Glycerophosphocholines","Internal Work"
"HMDB0013433","PC ae C40:1","DI-MS/MS","[H][C@@](COCCCCCCCC\C=C/CCCCCCCC)(COP([O-])(=O)OCC[N+](C)(C)C)OC(=O)CCC\C=C/C\C=C/C\C=C/C\C=C/CCCCC",794.1354,793.598540600,"Glycerophosphocholines","Internal Work"
"HMDB0013437","PC ae C40:2","DI-MS/MS","CCCCCCCCCCCCCCCCOC[C@H](COP([O-])(=O)OCC[N+](C)(C)C)OC(=O)CC\C=C/C\C=C/C\C=C/C\C=C/C\C=C/C\C=C/CC",792.1195,791.582890500,"Glycerophosphocholines","Internal Work"
"HMDB0013445","PC ae C40:3","DI-MS/MS","CCCCCCCCCCCCCCCCCCCCCC(=O)O[C@]([H])(COCCCCCCCC\C=C/CCCCCCCC)COP([O-])(=O)OCC[N+](C)(C)C",830.2521,829.692440900,"Glycerophosphocholines","Internal Work"
"HMDB0013442","PC ae C40:4","DI-MS/MS","CCCCCCCCCCCCCCCCCCCCCC(=O)O[C@]([H])(COCCCCCCCC\C=C/C\C=C/CCCCC)COP([O-])(=O)OCC[N+](C)(C)C",828.2362,827.676790900,"Glycerophosphocholines","Internal Work"
"HMDB0013444","PC ae C40:5","DI-MS/MS","CCCCCCCCCCCCCCCCCCCCCCOC[C@]([H])(COP([O-])(=O)OCC[N+](C)(C)C)OC(=O)CCCC\C=C/C\C=C/C\C=C/CCCCC",826.2203,825.661140800,"Glycerophosphocholines","Internal Work"
"HMDB0013422","PC ae C40:6","DI-MS/MS","CCCCCCCCCCCCCCCCCCCCOC[C@]([H])(COP([O-])(=O)OCC[N+](C)(C)C)OC(=O)CCC\C=C/C\C=C/C\C=C/C\C=C/CCCCC",824.2045,823.645490800,"Glycerophosphocholines","Internal Work"
"HMDB0013434","PC ae C42:1","DI-MS/MS","CCCCCCCC\C=C/CCCCCCCCCCOC[C@]([H])(COP([O-])(=O)OCC[N+](C)(C)C)OC(=O)CCC\C=C/C\C=C/C\C=C/C\C=C/CCCCC",822.1886,821.629840700,"Glycerophosphocholines","Internal Work"
"HMDB0013438","PC ae C42:2","DI-MS/MS","CCCCCCCCCCCCCCCCCCOC[C@]([H])(COP([O-])(=O)OCC[N+](C)(C)C)OC(=O)CC\C=C/C\C=C/C\C=C/C\C=C/C\C=C/C\C=C/CC",820.1727,819.614190600,"Glycerophosphocholines","Internal Work"
"HMDB0013458","PC ae C42:3","DI-MS/MS","[H][C@@](COCCCCCCCCCCCCCCCCCC)(COP([O-])(=O)OCC[N+](C)(C)C)OC(=O)CCCCCCCCCCCCCCCCCCCCCCC",860.3211,859.739391100,"Glycerophosphocholines","Internal Work"
"HMDB0013448","PC ae C42:4","DI-MS/MS","CCCCCCCCCCCCCCCCCCCCCCCC(=O)O[C@]([H])(COCCCCCCCC\C=C/CCCCCCCC)COP([O-])(=O)OCC[N+](C)(C)C",858.3053,857.723741100,"Glycerophosphocholines","Internal Work"
"HMDB0013451","PC ae C42:5","DI-MS/MS","CCCCCCCCCCCCCCCCCCCCCCCC(=O)O[C@]([H])(COCCCCCCCC\C=C/C\C=C/CCCCC)COP([O-])(=O)OCC[N+](C)(C)C",856.2894,855.708091000,"Glycerophosphocholines","Internal Work"
"HMDB0013449","PC ae C44:3","DI-MS/MS","CCCCCCCCCCCCCCCCCCCCCCCCOC[C@]([H])(COP([O-])(=O)OCC[N+](C)(C)C)OC(=O)CCCC\C=C/C\C=C/C\C=C/CCCCC",854.2735,853.692440900,"Glycerophosphocholines","Internal Work"
"HMDB0013453","PC ae C44:4","DI-MS/MS","CCCCCCCCCCCCCCCCCCCCCCOC[C@]([H])(COP([O-])(=O)OCC[N+](C)(C)C)OC(=O)CCC\C=C/C\C=C/C\C=C/C\C=C/CCCCC",852.2576,851.676790900,"Glycerophosphocholines","Internal Work"
"HMDB0013456","PC ae C44:5","DI-MS/MS","CCCCCCCC\C=C/CCCCCCCCCCCCOC[C@]([H])(COP([O-])(=O)OCC[N+](C)(C)C)OC(=O)CCC\C=C/C\C=C/C\C=C/C\C=C/CCCCC",850.2417,849.661140800,"Glycerophosphocholines","Internal Work"
"HMDB0013450","PC ae C44:6","DI-MS/MS","CCCCCCCCCCCCCCCCCCCCCCOC[C@]([H])(COP([O-])(=O)OCC[N+](C)(C)C)OC(=O)CCCCCCCC\C=C/C\C=C/C\C=C/CCCCC",882.3267,881.723741100,"Glycerophosphocholines","Internal Work"
"HMDB0011130","LPE(18:0)","LC-MS/MS","[H][C@@](O)(COC(=O)CCCCCCCCCCCCCCCCC)COP(O)(=O)OCCN",481.6035,481.316839400,"Glycerophosphoethanolamines","PMID: 20671299"
"HMDB0011505","LPE(18:1)","LC-MS/MS","[H][C@@](O)(COC(=O)CCCCCCCCC\C=C/CCCCCC)COP(O)(=O)OCCN",479.5876,479.301189300,"Glycerophosphoethanolamines","PMID: 20671299"
"HMDB0011514","LPE(20:3)","LC-MS/MS","[H][C@@](O)(COC(=O)CCCCCCCCC\C=C/C\C=C/C\C=C/CC)COP(O)(=O)OCCN",503.6090,503.301189300,"Glycerophosphoethanolamines","PMID: 20671299"
"HMDB0008926","PE(16:0/18:1)","LC-MS/MS","[H][C@@](COC(=O)CCCCCCCCCCCCCCC)(COP(O)(=O)OCCN)OC(=O)CCCCCCCCC\C=C/CCCCCC",718.0100,717.530855400,"Glycerophosphoethanolamines","PMID: 20671299"
"HMDB0008928","PE(16:0/18:2)","LC-MS/MS","[H][C@@](COC(=O)CCCCCCCCCCCCCCC)(COP(O)(=O)OCCN)OC(=O)CCCCCCC\C=C/C\C=C/CCCCC",715.9805,715.515204900,"Glycerophosphoethanolamines","PMID: 20671299"
"HMDB0008935","PE(16:0/20:3)","LC-MS/MS","[H][C@@](COC(=O)CCCCCCCCCCCCCCC)(COP(O)(=O)OCCN)OC(=O)CCC\C=C/C\C=C/C\C=C/CCCCCCCC",742.0178,741.530854900,"Glycerophosphoethanolamines","PMID: 20671299"
"HMDB0008937","PE(16:0/20:4)","LC-MS/MS","[H][C@@](COC(=O)CCCCCCCCCCCCCCC)(COP(O)(=O)OCCN)OC(=O)CCC\C=C/C\C=C/C\C=C/C\C=C/CCCCC",740.0019,739.515204900,"Glycerophosphoethanolamines","PMID: 20671299"
"HMDB0008943","PE(16:0/22:4)","LC-MS/MS","[H][C@@](COC(=O)CCCCCCCCCCCCCCC)(COP(O)(=O)OCCN)OC(=O)CCCCC\C=C/C\C=C/C\C=C/C\C=C/CCCCC",768.0551,767.546505000,"Glycerophosphoethanolamines","PMID: 20671299"
"HMDB0008944","PE(16:0/22:5)","LC-MS/MS","[H][C@@](COC(=O)CCCCCCCCCCCCCCC)(COP(O)(=O)OCCN)OC(=O)CC\C=C/C\C=C/C\C=C/C\C=C/C\C=C/CCCCC",766.0392,765.530854900,"Glycerophosphoethanolamines","PMID: 20671299"
"HMDB0008946","PE(16:0/22:6)","LC-MS/MS","[H][C@@](COC(=O)CCCCCCCCCCCCCCC)(COP(O)(=O)OCCN)OC(=O)CC\C=C/C\C=C/C\C=C/C\C=C/C\C=C/C\C=C/CC",764.0233,763.515204900,"Glycerophosphoethanolamines","PMID: 20671299"
"HMDB0008991","PE(18:0/18:0)","LC-MS/MS","[H][C@@](COC(=O)CCCCCCCCCCCCCCCCC)(COP(O)(=O)OCCN)OC(=O)CCCCCCCCCCCCCCCCC",748.0800,747.577805600,"Glycerophosphoethanolamines","PMID: 20671299"
"HMDB0008994","PE(18:0/18:2)","LC-MS/MS","[H][C@@](COC(=O)CCCCCCCCCCCCCCCCC)(COP(O)(=O)OCCN)OC(=O)CCCCCCC\C=C/C\C=C/CCCCC",744.0337,743.546505000,"Glycerophosphoethanolamines","PMID: 20671299"
"HMDB0008995","PE(18:0/18:3)","LC-MS/MS","[H][C@@](COC(=O)CCCCCCCCCCCCCCCCC)(COP(O)(=O)OCCN)OC(=O)CCCC\C=C/C\C=C/C\C=C/CCCCC",742.0178,741.530854900,"Glycerophosphoethanolamines","PMID: 20671299"
"HMDB0009000","PE(18:0/20:2)","LC-MS/MS","[H][C@@](COC(=O)CCCCCCCCCCCCCCCCC)(COP(O)(=O)OCCN)OC(=O)CCCCCCCCC\C=C/C\C=C/CCCCC",772.0868,771.577805100,"Glycerophosphoethanolamines","PMID: 20671299"
"HMDB0009001","PE(18:0/20:3)","LC-MS/MS","[H][C@@](COC(=O)CCCCCCCCCCCCCCCCC)(COP(O)(=O)OCCN)OC(=O)CCC\C=C/C\C=C/C\C=C/CCCCCCCC",770.0710,769.562155100,"Glycerophosphoethanolamines","PMID: 20671299"
"HMDB0009003","PE(18:0/20:4)","LC-MS/MS","[H][C@@](COC(=O)CCCCCCCCCCCCCCCCC)(COP(O)(=O)OCCN)OC(=O)CCC\C=C/C\C=C/C\C=C/C\C=C/CCCCC",768.0551,767.546505000,"Glycerophosphoethanolamines","PMID: 20671299"
"HMDB0009009","PE(18:0/22:4)","LC-MS/MS","[H][C@@](COC(=O)CCCCCCCCCCCCCCCCC)(COP(O)(=O)OCCN)OC(=O)CCCCC\C=C/C\C=C/C\C=C/C\C=C/CCCCC",796.1082,795.577805100,"Glycerophosphoethanolamines","PMID: 20671299"
"HMDB0009010","PE(18:0/22:5)","LC-MS/MS","[H][C@@](COC(=O)CCCCCCCCCCCCCCCCC)(COP(O)(=O)OCCN)OC(=O)CC\C=C/C\C=C/C\C=C/C\C=C/C\C=C/CCCCC",794.0924,793.562155100,"Glycerophosphoethanolamines","PMID: 20671299"
"HMDB0009012","PE(18:0/22:6)","LC-MS/MS","[H][C@@](COC(=O)CCCCCCCCCCCCCCCCC)(COP(O)(=O)OCCN)OC(=O)CC\C=C/C\C=C/C\C=C/C\C=C/C\C=C/C\C=C/CC",792.0765,791.546505000,"Glycerophosphoethanolamines","PMID: 20671299"
"HMDB0009025","PE(18:1/18:1)","LC-MS/MS","[H][C@@](COC(=O)CCCCCCCCC\C=C/CCCCCC)(COP(O)(=O)OCCN)OC(=O)CCCCCCCCC\C=C/CCCCCC",744.0480,743.546505500,"Glycerophosphoethanolamines","PMID: 20671299"
"HMDB0009027","PE(18:1/18:2)","LC-MS/MS","[H][C@@](COC(=O)CCCCCCCCC\C=C/CCCCCC)(COP(O)(=O)OCCN)OC(=O)CCCCCCC\C=C/C\C=C/CCCCC",742.0178,741.530854900,"Glycerophosphoethanolamines","PMID: 20671299"
"HMDB0009034","PE(18:1/20:3)","LC-MS/MS","[H][C@@](COC(=O)CCCCCCCCC\C=C/CCCCCC)(COP(O)(=O)OCCN)OC(=O)CCC\C=C/C\C=C/C\C=C/CCCCCCCC",768.0551,767.546505000,"Glycerophosphoethanolamines","PMID: 20671299"
"HMDB0009036","PE(18:1/20:4)","LC-MS/MS","[H][C@@](COC(=O)CCCCCCCCC\C=C/CCCCCC)(COP(O)(=O)OCCN)OC(=O)CCC\C=C/C\C=C/C\C=C/C\C=C/CCCCC",766.0392,765.530854900,"Glycerophosphoethanolamines","PMID: 20671299"
"HMDB0009089","PE(18:2/16:1)","LC-MS/MS","[H][C@@](COC(=O)CCCCCCC\C=C/C\C=C/CCCCC)(COP(O)(=O)OCCN)OC(=O)CCCCCCC\C=C/CCCCCC",713.9646,713.499554800,"Glycerophosphoethanolamines","PMID: 20671299"
"HMDB0009093","PE(18:2/18:2)","LC-MS/MS","[H][C@@](COC(=O)CCCCCCC\C=C/C\C=C/CCCCC)(COP(O)(=O)OCCN)OC(=O)CCCCCCC\C=C/C\C=C/CCCCC",740.0019,739.515204900,"Glycerophosphoethanolamines","PMID: 20671299"
"NA","PE(O-16:0/18:2)","LC-MS/MS","[H][C@@](COC(=O)CCCCCCCCCCCCCCC)(COP(O)(=O)OCCN)OC(=O)CCCCCCC\C=C/C\C=C/CCCCC",715.9805,715.515204900,"Glycerophospholipids","PMID: 20671299"
"HMDB0341538","PE(O-16:0/20:4)","LC-MS/MS","[H][C@@](COC(=O)CCCCCCCCCCCCCCC)(COP(O)(=O)OCCN)OC(=O)CCC\C=C/C\C=C/C\C=C/C\C=C/CCCCC",740.0019,739.515204900,"Glycerophosphoethanolamines","PMID: 20671299"
"NA","PE(O-16:0/22:6)","LC-MS/MS","CCCCCCCCCCCCCCCCOC[C@H](COP([O-])(=O)OCC[N+](C)(C)C)OC(=O)CC\C=C/C\C=C/C\C=C/C\C=C/C\C=C/C\C=C/CC",792.1195,791.582890500,"Glycerophospholipids","PMID: 20671299"
"HMDB0341536","PE(O-18:0/18:1)","LC-MS/MS",NULL,732.0810,731.582891000,"Glycerophospholipids","PMID: 20671299"
"HMDB0341537","PE(O-18:0/18:2)","LC-MS/MS",NULL,730.0650,729.567240900,"Glycerophospholipids","PMID: 20671299"
"HMDB0341538","PE(O-18:0/20:4)","LC-MS/MS","CCCCCCCCCCCCCCCCCCOC[C@H](COP(O)(=O)OCCN)OC(=O)CCC\C=C\C\C=C\C\C=C\C\C=C\CCCCC",754.0716,753.567240400,"Glycerophospholipids","PMID: 20671299"
"HMDB0011342","PE(P-16:0/18:1)","LC-MS/MS","[H][C@@](CO\C=C/CCCCCCCCCCCCCC)(COP(O)(=O)OCCN)OC(=O)CCCCCCC\C=C/CCCCCCCC",701.9970,701.535940300,"Glycerophosphoethanolamines","PMID: 20671299"
"HMDB0011343","PE(P-16:0/18:2)","LC-MS/MS","[H][C@@](CO\C=C/CCCCCCCCCCCCCC)(COP(O)(=O)OCCN)OC(=O)CCCCCCC\C=C/C\C=C/CCCCC",699.9811,699.520290200,"Glycerophosphoethanolamines","PMID: 20671299"
"HMDB0011350","PE(P-16:0/20:3)","LC-MS/MS","[H][C@@](CO\C=C/CCCCCCCCCCCCCC)(COP(O)(=O)OCCN)OC(=O)CCC\C=C/C\C=C/C\C=C/CCCCCCCC",726.0184,725.535940300,"Glycerophosphoethanolamines","PMID: 20671299"
"HMDB0011352","PE(P-16:0/20:4)","LC-MS/MS","[H][C@@](CO\C=C/CCCCCCCCCCCCCC)(COP(O)(=O)OCCN)OC(=O)CCC\C=C/C\C=C/C\C=C/C\C=C/CCCCC",724.0025,723.520290200,"Glycerophosphoethanolamines","PMID: 20671299"
"HMDB0011358","PE(P-16:0/22:4)","LC-MS/MS","[H][C@@](CO\C=C/CCCCCCCCCCCCCC)(COP(O)(=O)OCCN)OC(=O)CCCCC\C=C/C\C=C/C\C=C/C\C=C/CCCCC",752.0557,751.551590400,"Glycerophosphoethanolamines","PMID: 20671299"
"HMDB0005780","PE(P-16:0/22:6)","LC-MS/MS","[H][C@@](CO\C=C/CCCCCCCCCCCCCC)(COP(O)(=O)OCCN)OC(=O)CC\C=C/C\C=C/C\C=C/C\C=C/C\C=C/C\C=C/CC",748.0239,747.520290200,"Glycerophosphoethanolamines","PMID: 20671299"
"HMDB0011371","PE(P-18:0/16:0)","LC-MS/MS","[H][C@@](CO\C=C/CCCCCCCCCCCCCCCC)(COP(O)(=O)OCCN)OC(=O)CCCCCCCCCCCCCCC",704.0129,703.551590400,"Glycerophosphoethanolamines","PMID: 20671299"
"HMDB0011374","PE(P-18:0/18:1)","LC-MS/MS","[H][C@@](CO\C=C/CCCCCCCCCCCCCCCC)(COP(O)(=O)OCCN)OC(=O)CCCCCCCCC\C=C/CCCCCC",730.0502,729.567240400,"Glycerophosphoethanolamines","PMID: 20671299"
"HMDB0011376","PE(P-18:0/18:2)","LC-MS/MS","[H][C@@](CO\C=C/CCCCCCCCCCCCCCCC)(COP(O)(=O)OCCN)OC(=O)CCCCCCC\C=C/C\C=C/CCCCC",728.0343,727.551590400,"Glycerophosphoethanolamines","PMID: 20671299"
"HMDB0011383","PE(P-18:0/20:3)","LC-MS/MS","[H][C@@](CO\C=C/CCCCCCCCCCCCCCCC)(COP(O)(=O)OCCN)OC(=O)CCC\C=C/C\C=C/C\C=C/CCCCCCCC",754.0716,753.567240400,"Glycerophosphoethanolamines","PMID: 20671299"
"HMDB0011386","PE(P-18:0/20:4)","LC-MS/MS","[H][C@@](CO\C=C/CCCCCCCCCCCCCCCC)(COP(O)(=O)OCCN)OC(=O)CCCCCC\C=C/C\C=C/C\C=C/C\C=C/CC",752.0557,751.551590400,"Glycerophosphoethanolamines","PMID: 20671299"
"HMDB0011391","PE(P-18:0/22:4)","LC-MS/MS","[H][C@@](CO\C=C/CCCCCCCCCCCCCCCC)(COP(O)(=O)OCCN)OC(=O)CCCCC\C=C/C\C=C/C\C=C/C\C=C/CCCCC",780.1088,779.582890500,"Glycerophosphoethanolamines","PMID: 20671299"
"HMDB0011392","PE(P-18:0/22:5)","LC-MS/MS","[H][C@@](CO\C=C/CCCCCCCCCCCCCCCC)(COP(O)(=O)OCCN)OC(=O)CC\C=C/C\C=C/C\C=C/C\C=C/C\C=C/CCCCC",778.0930,777.567240400,"Glycerophosphoethanolamines","PMID: 20671299"
"HMDB0011394","PE(P-18:0/22:6)","LC-MS/MS","[H][C@@](CO\C=C/CCCCCCCCCCCCCCCC)(COP(O)(=O)OCCN)OC(=O)CC\C=C/C\C=C/C\C=C/C\C=C/C\C=C/C\C=C/CC",776.0771,775.551590400,"Glycerophosphoethanolamines","PMID: 20671299"
"HMDB0011404","PE(P-18:1/16:0)","LC-MS/MS","[H][C@@](CO\C=C/CCCCCCCC\C=C/CCCCCC)(COP(O)(=O)OCCN)OC(=O)CCCCCCCCCCCCCCC",701.9970,701.535940300,"Glycerophosphoethanolamines","PMID: 20671299"
"HMDB0011407","PE(P-18:1/18:1)","LC-MS/MS","[H][C@@](CO\C=C/CCCCCCCC\C=C/CCCCCC)(COP(O)(=O)OCCN)OC(=O)CCCCCCCCC\C=C/CCCCCC",728.0343,727.551590400,"Glycerophosphoethanolamines","PMID: 20671299"
"HMDB0011409","PE(P-18:1/18:2)","LC-MS/MS","[H][C@@](CO\C=C/CCCCCCCC\C=C/CCCCCC)(COP(O)(=O)OCCN)OC(=O)CCCCCCC\C=C/C\C=C/CCCCC",726.0184,725.535940300,"Glycerophosphoethanolamines","PMID: 20671299"
"HMDB0011416","PE(P-18:1/20:3)","LC-MS/MS","[H][C@@](CO\C=C/CCCCCCCC\C=C/CCCCCC)(COP(O)(=O)OCCN)OC(=O)CCC\C=C/C\C=C/C\C=C/CCCCCCCC",752.0557,751.551590400,"Glycerophosphoethanolamines","PMID: 20671299"
"HMDB0011418","PE(P-18:1/20:4)","LC-MS/MS","[H][C@@](CO\C=C/CCCCCCCC\C=C/CCCCCC)(COP(O)(=O)OCCN)OC(=O)CCC\C=C/C\C=C/C\C=C/C\C=C/CCCCC",750.0398,749.535940300,"Glycerophosphoethanolamines","PMID: 20671299"
"HMDB0011425","PE(P-18:1/22:5)","LC-MS/MS","[H][C@@](CO\C=C/CCCCCCCC\C=C/CCCCCC)(COP(O)(=O)OCCN)OC(=O)CC\C=C/C\C=C/C\C=C/C\C=C/C\C=C/CCCCC",776.0771,775.551590400,"Glycerophosphoethanolamines","PMID: 20671299"
"HMDB0011427","PE(P-18:1/22:6)","LC-MS/MS","[H][C@@](CO\C=C/CCCCCCCC\C=C/CCCCCC)(COP(O)(=O)OCCN)OC(=O)CC\C=C/C\C=C/C\C=C/C\C=C/C\C=C/C\C=C/CC",774.0612,773.535940300,"Glycerophosphoethanolamines","PMID: 20671299"
"HMDB0341539","PE(P-18:2/20:4)","LC-MS/MS","[H]\C(CCCCC)=C(\[H])C\C([H])=C(/[H])CCCCCCCC(=O)OC[C@]([H])(COP(O)(=O)OCCN)OC(=O)CCC\C([H])=C(/[H])C\C([H])=C(/[H])C\C([H])=C(/[H])C\C([H])=C(/[H])CCCCC",764.0380,763.515205300,"Glycerophosphoethanolamines","PMID: 20671299"
"HMDB0012355","PS(32:1)","LC-MS/MS","[H][C@](N)(COP(O)(=O)OC[C@@]([H])(COC(=O)CCCCCCCCCCCCCCC)OC(=O)CCCCCCC\C=C/CCCCCC)C(O)=O",733.9650,733.489384500,"Glycerophosphoserines","PMID: 20671299"
"HMDB0112295","PS(34:0)","LC-MS/MS","[H][C@](N)(COP(O)(=O)OC[C@@]([H])(COC(=O)CCCCCCC\C=C/CCCCCCCC)OC(=O)CCCCCCCCCCCCC)C(O)=O",733.9650,733.489384500,"Glycerophosphoserines","PMID: 20671299"
"HMDB0012387","PS(34:1)","LC-MS/MS","[H][C@](N)(COP(O)(=O)OC[C@@]([H])(COC(=O)CCCCCCC\C=C/CCCCCCCC)OC(=O)CCCCCCCCCCCCCCC)C(O)=O",762.0190,761.520684600,"Glycerophosphoserines","PMID: 20671299"
"HMDB0012388","PS(34:2)","LC-MS/MS","[H][C@](N)(COP(O)(=O)OC[C@@]([H])(COC(=O)CCCCCCC\C=C/CCCCCCCC)OC(=O)CCCCCCC\C=C/CCCCCC)C(O)=O",760.0030,759.505034600,"Glycerophosphoserines","PMID: 20671299"
"HMDB0012378","PS(36:0)","LC-MS/MS","[H][C@](N)(COP(O)(=O)OC[C@@]([H])(COC(=O)CCCCCCCCCCCCCCCCC)OC(=O)CCCCCCCCCCCCCCCCC)C(O)=O",792.0890,791.567634800,"Glycerophosphoserines","PMID: 20671299"
"HMDB0010163","PS(36:1)","LC-MS/MS","CCCCCCCCCCCCCCCCCC(=O)OC[C@H](COP(O)(=O)OC[C@H](N)C(O)=O)OC(=O)CCCCCCC\C=C/CCCCCCCC",790.0730,789.551984800,"Glycerophosphoserines","PMID: 20671299"
"HMDB0012390","PS(36:2)","LC-MS/MS","[H][C@](N)(COP(O)(=O)OC[C@@]([H])(COC(=O)CCCCCCC\C=C/CCCCCCCC)OC(=O)CCCCCCC\C=C/CCCCCCCC)C(O)=O",788.0570,787.536334700,"Glycerophosphoserines","PMID: 20671299"
"HMDB0012381","PS(36:3)","LC-MS/MS","[H][C@](N)(COP(O)(=O)OC[C@@]([H])(COC(=O)CCCCCCCCCCCCCCCCC)OC(=O)CCCCCCC\C=C/C\C=C/C\C=C/CC)C(O)=O",786.0273,785.520684200,"Glycerophosphoserines","PMID: 20671299"
"HMDB0012402","PS(36:4)","LC-MS/MS","[H][C@](N)(COP(O)(=O)OC[C@@]([H])(COC(=O)CCCCCCC\C=C/C\C=C/CCCCC)OC(=O)CCCCCCC\C=C/C\C=C/CCCCC)C(O)=O",784.0114,783.505034100,"Glycerophosphoserines","PMID: 20671299"
"HMDB0112364","PS(38:1)","LC-MS/MS","[H][C@](N)(COP(O)(=O)OC[C@@]([H])(COC(=O)CCCCCCC\C=C/CCCCCC)OC(=O)CCCCCCCCCCCCCCCCCCCCC)C(O)=O",818.1270,817.583284900,"Glycerophosphoserines","PMID: 20671299"
"HMDB0112351","PS(38:2)","LC-MS/MS","[H][C@](N)(COP(O)(=O)OC[C@@]([H])(COC(=O)CCCCCCCCCCCCCCC)OC(=O)CCCCCCCCCCC\C=C/C\C=C/CCCCC)C(O)=O",816.1110,815.567634800,"Glycerophosphoserines","PMID: 20671299"
"HMDB0012382","PS(38:3)","LC-MS/MS","[H][C@](N)(COP(O)(=O)OC[C@@]([H])(COC(=O)CCCCCCCCCCCCCCCCC)OC(=O)CCCCCC\C=C/C\C=C/C\C=C/CCCCC)C(O)=O",814.0805,813.551984300,"Glycerophosphoserines","PMID: 20671299"
"HMDB0012383","PS(38:4)","LC-MS/MS","CCCCCCCCCCCCCCCCCC(=O)OC[C@H](COP(O)(=O)OC[C@H](N)C(O)=O)OC(=O)CCC\C=C/C\C=C/C\C=C/C\C=C/CCCCC",812.0646,811.536334200,"Glycerophosphoserines","PMID: 20671299"
"HMDB0012404","PS(38:5)","LC-MS/MS","[H][C@](N)(COP(O)(=O)OC[C@@]([H])(COC(=O)CCCCCCC\C=C/C\C=C/CCCCC)OC(=O)CCCCCC\C=C/C\C=C/C\C=C/CCCCC)C(O)=O",810.0487,809.520684200,"Glycerophosphoserines","PMID: 20671299"
"HMDB0012362","PS(38:6)","LC-MS/MS","[H][C@](N)(COP(O)(=O)OC[C@@]([H])(COC(=O)CCCCCCCCCCCCCCC)OC(=O)CC\C=C/C\C=C/C\C=C/C\C=C/C\C=C/C\C=C/CC)C(O)=O",808.0328,807.505034100,"Glycerophosphoserines","PMID: 20671299"
"HMDB0112460","PS(40:3)","LC-MS/MS","[H][C@](N)(COP(O)(=O)OC[C@@]([H])(COC(=O)CCCC\C=C/C\C=C/C\C=C/CCCCC)OC(=O)CCCCCCCCCCCCCCCCCCCCC)C(O)=O",842.1490,841.583284900,"Glycerophosphoserines","PMID: 20671299"
"HMDB0112382","PS(40:4)","LC-MS/MS","[H][C@](N)(COP(O)(=O)OC[C@@]([H])(COC(=O)CCCCCCCCCCCCCCCCC)OC(=O)CCCCC\C=C/C\C=C/C\C=C/C\C=C/CCCCC)C(O)=O",840.1330,839.567634800,"Glycerophosphoserines","PMID: 20671299"
"HMDB0010166","PS(40:5)","LC-MS/MS","[H][C@](N)(COP(O)(=O)OC[C@@]([H])(COC(=O)CCCCCCCCCCCCCCCCC)OC(=O)CCCCC\C=C/C\C=C/C\C=C/C\C=C/C\C=C/CC)C(O)=O",838.1019,837.551984300,"Glycerophosphoserines","PMID: 20671299"
"HMDB0012444","PS(40:6)","LC-MS/MS","[H][C@](N)(COP(O)(=O)OC[C@@]([H])(COC(=O)CC\C=C/C\C=C/C\C=C/C\C=C/C\C=C/C\C=C/CC)OC(=O)CCCCCCCCCCCCCCCCC)C(O)=O",836.0860,835.536334200,"Glycerophosphoserines","PMID: 20671299"
"HMDB0012445","PS(40:7)","LC-MS/MS","[H][C@](N)(COP(O)(=O)OC[C@@]([H])(COC(=O)CC\C=C/C\C=C/C\C=C/C\C=C/C\C=C/C\C=C/CC)OC(=O)CCCCCCC\C=C/CCCCCCCC)C(O)=O",834.0701,833.520684200,"Glycerophosphoserines","PMID: 20671299"
"HMDB0010630","PG(34:1)","LC-MS/MS","[H][C@](O)(CO)COP(O)(=O)OC[C@@]([H])(COC(=O)CCCCCCC\C=C/CCCCCCCC)OC(=O)CCCCCCCCCCCCCCC",749.0071,748.525435200,"Glycerophosphoglycerols","PMID: 20671299"
"HMDB0010575","PG(34:2)","LC-MS/MS","[H][C@](O)(CO)COP(O)(=O)OC[C@@]([H])(COC(=O)CCCCCCCCCCCCCCC)OC(=O)CCCCCCC\C=C/C\C=C/CCCCC",746.9913,746.509785100,"Glycerophosphoglycerols","PMID: 20671299"
"HMDB0010632","PG(36:1)","LC-MS/MS","[H][C@](O)(CO)COP(O)(=O)OC[C@@]([H])(COC(=O)CCCCCCC\C=C/CCCCCCCC)OC(=O)CCCCCCCCCCCCCCCCC",777.0603,776.556735300,"Glycerophosphoglycerols","PMID: 20671299"
"HMDB0010647","PG(36:2)","LC-MS/MS","[H][C@](O)(CO)COP(O)(=O)OC[C@@]([H])(COC(=O)CCCCCCC\C=C/C\C=C/CCCCC)OC(=O)CCCCCCCCCCCCCCCCC",775.0444,774.541085300,"Glycerophosphoglycerols","PMID: 20671299"
"HMDB0010648","PG(36:3)","LC-MS/MS","[H][C@](O)(CO)COP(O)(=O)OC[C@@]([H])(COC(=O)CCCCCCC\C=C/C\C=C/CCCCC)OC(=O)CCCCCCCCC\C=C/CCCCCC",773.0285,772.525435200,"Glycerophosphoglycerols","PMID: 20671299"
"HMDB0010593","PG(36:4)","LC-MS/MS","[H][C@](O)(CO)COP(O)(=O)OC[C@@]([H])(COC(=O)CCCCCCC\C=C/CCCCCC)OC(=O)CCC\C=C/C\C=C/C\C=C/CCCCCCCC",771.0127,770.509785100,"Glycerophosphoglycerols","PMID: 20671299"
"HMDB0010665","PG(36:5)","LC-MS/MS","[H][C@](O)(CO)COP(O)(=O)OC[C@@]([H])(COC(=O)CCCC\C=C/C\C=C/C\C=C/CCCCC)OC(=O)CCCCCCC\C=C/C\C=C/CCCCC",768.9968,768.494135100,"Glycerophosphoglycerols","PMID: 20671299"
"HMDB0010581","PG(38:4)","LC-MS/MS","[H][C@](O)(CO)COP(O)(=O)OC[C@@]([H])(COC(=O)CCCCCCCCCCCCCCC)OC(=O)CCCCC\C=C/C\C=C/C\C=C/C\C=C/CCCCC",799.0658,798.541085300,"Glycerophosphoglycerols","PMID: 20671299"
"HMDB0010596","PG(38:5)","LC-MS/MS","[H][C@](O)(CO)COP(O)(=O)OC[C@@]([H])(COC(=O)CCCCCCC\C=C/CCCCCC)OC(=O)CCCCC\C=C/C\C=C/C\C=C/C\C=C/CCCCC",797.0499,796.525435200,"Glycerophosphoglycerols","PMID: 20671299"
"HMDB0010683","PG(38:6)","LC-MS/MS","[H][C@](O)(CO)COP(O)(=O)OC[C@@]([H])(COC(=O)CCCCCCC\C=C/C\C=C/C\C=C/CC)OC(=O)CCC\C=C/C\C=C/C\C=C/CCCCCCCC",795.0341,794.509785100,"Glycerophosphoglycerols","PMID: 20671299"
"HMDB0010611","PG(40:4)","LC-MS/MS","[H][C@](O)(CO)COP(O)(=O)OC[C@@]([H])(COC(=O)CCCCCCCCCCCCCCCCC)OC(=O)CCCCC\C=C/C\C=C/C\C=C/C\C=C/CCCCC",827.1190,826.572385400,"Glycerophosphoglycerols","PMID: 20671299"
"HMDB0010612","PG(40:5)","LC-MS/MS","[H][C@](O)(CO)COP(O)(=O)OC[C@@]([H])(COC(=O)CCCCCCCCCCCCCCCCC)OC(=O)CC\C=C/C\C=C/C\C=C/C\C=C/C\C=C/CCCCC",825.1031,824.556735300,"Glycerophosphoglycerols","PMID: 20671299"
"HMDB0010614","PG(40:6)","LC-MS/MS","[H][C@](O)(CO)COP(O)(=O)OC[C@@]([H])(COC(=O)CCCCCCCCCCCCCCCCC)OC(=O)CC\C=C/C\C=C/C\C=C/C\C=C/C\C=C/C\C=C/CC",823.0872,822.541085300,"Glycerophosphoglycerols","PMID: 20671299"
"HMDB0010629","PG(40:7)","LC-MS/MS","[H][C@](O)(CO)COP(O)(=O)OC[C@@]([H])(COC(=O)CCCCCCCCC\C=C/CCCCCC)OC(=O)CC\C=C/C\C=C/C\C=C/C\C=C/C\C=C/C\C=C/CC",821.0713,820.525435200,"Glycerophosphoglycerols","PMID: 20671299"
"HMDB0010687","PG(40:8)","LC-MS/MS","[H][C@](O)(CO)COP(O)(=O)OC[C@@]([H])(COC(=O)CCCCCCC\C=C/C\C=C/C\C=C/CC)OC(=O)CC\C=C/C\C=C/C\C=C/C\C=C/C\C=C/CCCCC",819.0555,818.509785100,"Glycerophosphoglycerols","PMID: 20671299"
"HMDB0010689","PG(40:9)","LC-MS/MS","[H][C@](O)(CO)COP(O)(=O)OC[C@@]([H])(COC(=O)CCCCCCC\C=C/C\C=C/C\C=C/CC)OC(=O)CC\C=C/C\C=C/C\C=C/C\C=C/C\C=C/C\C=C/CC",817.0396,816.494135100,"Glycerophosphoglycerols","PMID: 20671299"
"HMDB0000674","PA(32:0)","LC-MS/MS","[H][C@@](COC(=O)CCCCCCCCCCCCCCC)(COP(O)(O)=O)OC(=O)CCCCCCCCCCCCCCC",648.9030,648.473006200,"Glycerophosphates","PMID: 20671299"
"HMDB0114874","PA(32:1)","LC-MS/MS","[H][C@@](COC(=O)CCCCCCCCCCCCCCCCC)(COP(O)(O)=O)OC(=O)CCCCCCC\C=C/CCCC",646.8870,646.457356100,"Glycerophosphates","PMID: 20671299"
"HMDB0114876","PA(34:0)","LC-MS/MS","[H][C@@](COC(=O)CCCCCCCCCCCCCCCCC)(COP(O)(O)=O)OC(=O)CCCCCCCCCCCCCCC",676.9570,676.504306300,"Glycerophosphates","PMID: 20671299"
"HMDB0007858","PA(34:1)","LC-MS/MS","[H][C@@](COC(=O)CCCCCCCCCCCCCCC)(COP(O)(O)=O)OC(=O)CCCCCCCCC\C=C/CCCCCC",674.9410,674.488656200,"Glycerophosphates","PMID: 20671299"
"HMDB0007860","PA(34:2)","LC-MS/MS","CCCCCCCCCCCCCCCC(=O)OC[C@]([H])(COP(O)(=O)O)OC(=O)CCCCCCC\C=C/C\C=C/CCCCC",672.9127,672.473005700,"Glycerophosphates","PMID: 20671299"
"HMDB0115240","PA(36:0)","LC-MS/MS","[H][C@@](COC(=O)CCCCCCCCCCCCCCCCCCCCC)(COP(O)(O)=O)OC(=O)CCCCCCCCCCCCC",705.0110,704.535606400,"Glycerophosphates","PMID: 20671299"
"HMDB0115094","PA(36:1)","LC-MS/MS","[H][C@@](COC(=O)CCCCCCCCC\C=C/CCCCCCCC)(COP(O)(O)=O)OC(=O)CCCCCCCCCCCCCCC",702.9950,702.519956400,"Glycerophosphates","PMID: 20671299"
"HMDB0007862","PA(36:2)","LC-MS/MS","[H][C@@](COC(=O)CCCCCCCCC\C=C/CCCCCC)(COP(O)(O)=O)OC(=O)CCCCCCCCC\C=C/CCCCCC",700.9790,700.504306300,"Glycerophosphates","PMID: 20671299"
"HMDB0114878","PA(36:3)","LC-MS/MS","[H][C@@](COC(=O)CCCCCCCCCCCCCCCCC)(COP(O)(O)=O)OC(=O)CCCC\C=C/C\C=C/C\C=C/CCCCC",698.9630,698.488656200,"Glycerophosphates","PMID: 20671299"
"HMDB0115006","PA(36:4)","LC-MS/MS","[H][C@@](COC(=O)CCCCCCC\C=C/C\C=C/C\C=C/CC)(COP(O)(O)=O)OC(=O)CCCCCCCCC\C=C/CCCCCC",696.9470,696.473006200,"Glycerophosphates","PMID: 20671299"
"HMDB0115299","PA(38:2)","LC-MS/MS","[H][C@@](COC(=O)CCCCCCCCCCC\C=C/C\C=C/CCCCC)(COP(O)(O)=O)OC(=O)CCCCCCCCCCCCCCC",729.0330,728.535606400,"Glycerophosphates","PMID: 20671299"
"HMDB0114985","PA(38:3)","LC-MS/MS","[H][C@@](COC(=O)CCCC\C=C/C\C=C/C\C=C/CCCCC)(COP(O)(O)=O)OC(=O)CCCCCCCCCCCCCCCCCCC",727.0170,726.519956400,"Glycerophosphates","PMID: 20671299"
"HMDB0114884","PA(38:4)","LC-MS/MS","[H][C@@](COC(=O)CCCCCCCCCCCCCCCCC)(COP(O)(O)=O)OC(=O)CCC\C=C/C\C=C/C\C=C/C\C=C/CCCCC",725.0010,724.504306300,"Glycerophosphates","PMID: 20671299"
"HMDB0114910","PA(38:5)","LC-MS/MS","[H][C@@](COC(=O)CCCCCCCCC\C=C/CCCCCC)(COP(O)(O)=O)OC(=O)CCCCCC\C=C/C\C=C/C\C=C/C\C=C/CC",722.9850,722.488656200,"Glycerophosphates","PMID: 20671299"
"HMDB0114849","PA(38:6)","LC-MS/MS","[H][C@@](COC(=O)CCCCCCCCCCCCCCC)(COP(O)(O)=O)OC(=O)CC\C=C/C\C=C/C\C=C/C\C=C/C\C=C/C\C=C/CC",720.9690,720.473006200,"Glycerophosphates","PMID: 20671299"
"HMDB0009779","PI(32:1)","LC-MS/MS","[H][C@@](COC(=O)CCCCCCCCCCCCCCC)(COP(O)(=O)O[C@H]1C(O)C(O)C(O)[C@@H](O)C1O)OC(=O)CCCCCCC\C=C/CCCCCC",809.0160,808.510179100,"Glycerophosphoinositols","PMID: 20671299"
"HMDB0009781","PI(34:0)","LC-MS/MS","CCCCCCCCCCCCCCCCCC(=O)O[C@H](COC(=O)CCCCCCCCCCCCCCC)COP(O)(=O)O[C@H]1[C@H](O)[C@@H](O)[C@H](O)[C@@H](O)[C@H]1O",839.0980,838.557129700,"Glycerophosphoinositols","PMID: 20671299"
"HMDB0009834","PI(34:1)","LC-MS/MS","[H][C@@](COC(=O)CCCCCCC\C=C/CCCCCCCC)(COP(O)(=O)O[C@H]1C(O)C(O)C(O)[C@@H](O)C1O)OC(=O)CCCCCCCCCCCCCCC",837.0692,836.541479200,"Glycerophosphoinositols","PMID: 20671299"
"HMDB0009835","PI(34:2)","LC-MS/MS","[H][C@@](COC(=O)CCCCCCC\C=C/CCCCCCCC)(COP(O)(=O)O[C@H]1C(O)C(O)C(O)[C@@H](O)C1O)OC(=O)CCCCCCC\C=C/CCCCCC",835.0533,834.525829100,"Glycerophosphoinositols","PMID: 20671299"
"HMDB0009808","PI(36:0)","LC-MS/MS","[H][C@@](COC(=O)CCCCCCCCCCCCCCCCC)(COP(O)(=O)O[C@H]1C(O)C(O)C(O)[C@@H](O)C1O)OC(=O)CCCCCCCCCCCCCCCCC",867.1382,866.588429400,"Glycerophosphoinositols","PMID: 20671299"
"HMDB0240667","PI(36:1)","LC-MS/MS","[H][C@@](COC(=O)CCCCCCCCCCCCCCCCC)(COP(O)(=O)O[C@H]1[C@H](O)[C@@H](O)[C@H](O)[C@@H](O)[C@H]1O)OC(=O)CCCCCCC\C=C/CCCCCCCC",865.1224,864.572779300,"Glycerophosphoinositols","PMID: 20671299"
"HMDB0009836","PI(36:2)","LC-MS/MS","[H][C@@](COC(=O)CCCCCCC\C=C/CCCCCCCC)(COP(O)(=O)O[C@H]1C(O)C(O)C(O)[C@@H](O)C1O)OC(=O)CCCCCCCCC\C=C/CCCCCC",863.1065,862.557129300,"Glycerophosphoinositols","PMID: 20671299"
"HMDB0009838","PI(36:3)","LC-MS/MS","[H][C@@](COC(=O)CCCCCCC\C=C/CCCCCCCC)(COP(O)(=O)O[C@H]1C(O)C(O)C(O)[C@@H](O)C1O)OC(=O)CCCCCCC\C=C/C\C=C/CCCCC",861.0906,860.541479200,"Glycerophosphoinositols","PMID: 20671299"
"HMDB0009839","PI(36:4)","LC-MS/MS","[H][C@@](COC(=O)CCCCCCC\C=C/CCCCCCCC)(COP(O)(=O)O[C@H]1C(O)C(O)C(O)[C@@H](O)C1O)OC(=O)CCCC\C=C/C\C=C/C\C=C/CCCCC",859.0747,858.525829100,"Glycerophosphoinositols","PMID: 20671299"
"HMDB0341540","PI(36:5)","LC-MS/MS",NULL,857.0720,856.510179500,0,"PMID: 20671299"
"HMDB0009870","PI(38:2)","LC-MS/MS","[H][C@@](COC(=O)CCCCCCCCC\C=C/CCCCCCCC)(COP(O)(=O)O[C@H]1C(O)C(O)C(O)[C@@H](O)C1O)OC(=O)CCCCCCCCC\C=C/CCCCCC",891.1596,890.588429400,"Glycerophosphoinositols","PMID: 20671299"
"HMDB0009887","PI(38:3)","LC-MS/MS","[H][C@@](COC(=O)CCCCCC\C=C/C\C=C/C\C=C/CCCCC)(COP(O)(=O)O[C@H]1C(O)C(O)C(O)[C@@H](O)C1O)OC(=O)CCCCCCCCCCCCCCCCC",889.1438,888.572779300,"Glycerophosphoinositols","PMID: 20671299"
"HMDB0009816","PI(38:4)","LC-MS/MS","[H][C@@](COC(=O)CCCCCCCCCCCCCCCCC)(COP(O)(=O)O[C@H]1C(O)C(O)C(O)[C@@H](O)C1O)OC(=O)CCCCCC\C=C/C\C=C/C\C=C/C\C=C/CC",887.1279,886.557129300,"Glycerophosphoinositols","PMID: 20671299"
"HMDB0009854","PI(38:5)","LC-MS/MS","[H][C@@](COC(=O)CCCCCCC\C=C/C\C=C/CCCCC)(COP(O)(=O)O[C@H]1C(O)C(O)C(O)[C@@H](O)C1O)OC(=O)CCC\C=C/C\C=C/C\C=C/CCCCCCCC",885.1120,884.541479200,"Glycerophosphoinositols","PMID: 20671299"
"HMDB0009883","PI(38:6)","LC-MS/MS","[H][C@@](COC(=O)CCCCCC\C=C/C\C=C/C\C=C/C\C=C/CC)(COP(O)(=O)O[C@H]1C(O)C(O)C(O)[C@@H](O)C1O)OC(=O)CCCCCCC\C=C/CCCCCCCC",885.1120,884.541479200,"Glycerophosphoinositols","PMID: 20671299"
"HMDB0009868","PI(40:3)","LC-MS/MS","[H][C@@](COC(=O)CCCCCCCCCCCCCCCCCCC)(COP(O)(=O)O[C@H]1C(O)C(O)C(O)[C@@H](O)C1O)OC(=O)CCCCCC\C=C/C\C=C/C\C=C/C\C=C/CC",915.1810,914.588429400,"Glycerophosphoinositols","PMID: 20671299"
"HMDB0009817","PI(40:4)","LC-MS/MS","[H][C@@](COC(=O)CCCCCCCCCCCCCCCCC)(COP(O)(=O)O[C@H]1C(O)C(O)C(O)[C@@H](O)C1O)OC(=O)CCCCCCCC\C=C/C\C=C/C\C=C/C\C=C/CC",915.1810,914.588429400,"Glycerophosphoinositols","PMID: 20671299"
"HMDB0009819","PI(40:5)","LC-MS/MS","[H][C@@](COC(=O)CCCCCCCCCCCCCCCCC)(COP(O)(=O)O[C@H]1C(O)C(O)C(O)[C@@H](O)C1O)OC(=O)CC\C=C/C\C=C/C\C=C/C\C=C/C\C=C/CCCCC",913.1652,912.572779300,"Glycerophosphoinositols","PMID: 20671299"
"HMDB0009891","PI(40:6)","LC-MS/MS","[H][C@@](COC(=O)CCCCCC\C=C/C\C=C/C\C=C/CCCCC)(COP(O)(=O)O[C@H]1C(O)C(O)C(O)[C@@H](O)C1O)OC(=O)CCC\C=C/C\C=C/C\C=C/CCCCCCCC",911.1493,910.557129300,"Glycerophosphoinositols","PMID: 20671299"
"HMDB0005102","PGD1","LC-MS/MS","CCCCC[C@H](O)\C=C\[C@@H]1[C@@H](CCCCCCC(O)=O)[C@@H](O)CC1=O",354.4810,354.240624200,"Eicosanoids","PMID: 20671299"
"HMDB0060045","15-keto-PGF1a","LC-MS/MS","CCCCCC(=O)\C=C\[C@H]1[C@H](O)C[C@H](O)[C@@H]1CCCCCCC(O)=O",354.4810,354.240624200,"Eicosanoids","PMID: 20671299"
"HMDB0001403","PGD2","LC-MS/MS","[H][C@](O)(CCCCC)\C=C\[C@@]1([H])C(=O)C[C@]([H])(O)[C@]1([H])C\C=C/CCCC(O)=O",352.4651,352.224974100,"Eicosanoids","PMID: 20671299"
"HMDB0001220","PGE2","LC-MS/MS","CCCCC[C@H](O)\C=C\[C@H]1[C@H](O)CC(=O)[C@@H]1C\C=C/CCCC(O)=O",352.4651,352.224974100,"Eicosanoids","PMID: 20671299"
"HMDB0001139","PGF2a","LC-MS/MS","CCCCC[C@H](O)\C=C\[C@H]1[C@H](O)C[C@H](O)[C@@H]1C\C=C\CCCC(O)=O",354.4810,354.240624200,"Eicosanoids","PMID: 20671299"
"HMDB0002710","PGJ2","LC-MS/MS","CCCCC[C@H](O)\C=C\[C@@H]1[C@@H](C\C=C/CCCC(O)=O)C=CC1=O",334.4498,334.214409400,"Eicosanoids","PMID: 20671299"
"HMDB0003252","TXB2","LC-MS/MS","CCCCC[C@H](O)\C=C\[C@H]1OC(O)C[C@H](O)[C@@H]1C\C=C/CCCC(O)=O",370.4804,370.235538800,"Eicosanoids","PMID: 20671299"
"HMDB0004240","15-keto-PGF2a","LC-MS/MS","CCCCCC(=O)\C=C\[C@H]1[C@H](O)C[C@H](O)[C@@H]1C\C=C/CCCC(O)=O",352.4651,352.224974100,"Eicosanoids","PMID: 20671299"
"HMDB0060042","13,14-dihydro-15-keto-PGD2","LC-MS/MS","CCCCCC(=O)CC[C@@H]1[C@@H](C\C=C/CCCC(O)=O)[C@@H](O)CC1=O",352.4651,352.224974100,"Eicosanoids","PMID: 20671299"
"HMDB0002776","13,14-dihydro-15-keto-PGE2","LC-MS/MS","CCCCCC(=O)CC[C@H]1[C@H](O)CC(=O)[C@@H]1C\C=C/CCCC(O)=O",352.4651,352.224974100,"Eicosanoids","PMID: 20671299"
"HMDB0004685","13,14-dihydro-15-keto-PGF2a","LC-MS/MS","CCCCCC(=O)CC[C@H]1[C@H](O)C[C@H](O)[C@@H]1C\C=C/CCCC(O)=O",354.4810,354.240624200,"Eicosanoids","PMID: 20671299"
"HMDB0002277","2,3-dinor-11ß-PGF2a","LC-MS/MS","CCCCC[C@H](O)\C=C\[C@H]1[C@@H](O)C[C@H](O)[C@@H]1CC(=O)CCC(O)=O",342.4272,342.204238700,"Eicosanoids","PMID: 20671299"
"HMDB0062298","15d PGD2","LC-MS/MS","[H]\C(CCCC(O)=O)=C(/[H])C[C@]1([H])\C(=C(\[H])/C(/[H])=C(\[H])CCCCC)C(=O)C[C@]1([H])O",334.4560,334.214409400,"Eicosanoids","PMID: 20671299"
"HMDB0005079","15d PGJ2","LC-MS/MS","CCCCC\C=C\C=C1/[C@@H](C\C=C/CCCC(O)=O)C=CC1=O",316.4345,316.203844800,"Eicosanoids","PMID: 20671299"
"HMDB0060041","11b-PGE2","LC-MS/MS","CCCCC[C@H](O)\C=C\[C@H]1[C@@H](O)CC(=O)[C@@H]1C\C=C/CCCC(O)=O",352.4651,352.224974100,"Eicosanoids","PMID: 20671299"
"HMDB0010199","11b-PGF2a","LC-MS/MS","CCCCC[C@H](O)\C=C\[C@H]1[C@@H](O)C[C@H](O)[C@@H]1C\C=C/CCCC(O)=O",354.4810,354.240624200,"Eicosanoids","PMID: 20671299"
"HMDB0060054","bicyclo-PGE2","LC-MS/MS","CCCCC1[C@H]2CC(=O)[C@H](C\C=C/CCCC(O)=O)[C@H]2CCC1=O",334.4498,334.214409400,"Eicosanoids","PMID: 20671299"
"HMDB0004682","11-HETE","LC-MS/MS","CCCCC\C=C/C=C\[C@H](O)C\C=C/C\C=C\CCCC(O)=O",320.4663,320.235144900,"Eicosanoids","PMID: 20671299"
"HMDB0012535","12-HHTrE","LC-MS/MS","CCCCC[C@H](O)\C=C\C=C\C\C=C/CCCC(O)=O",280.4024,280.203844800,"Fatty acids and conjugates","PMID: 20671299"
"HMDB0003034","PGD3","LC-MS/MS","CC\C=C/C[C@H](O)\C=C\[C@@H]1[C@@H](C\C=C/CCCC(O)=O)[C@@H](O)CC1=O",350.4492,350.209324100,"Eicosanoids","PMID: 20671299"
"HMDB0012611","18-HEPE","LC-MS/MS","CC[C@H](O)\C=C\C=C/C\C=C\C\C=C/C\C=C/CCCC(O)=O",318.4504,318.219494800,"Eicosanoids","PMID: 20671299"
"HMDB0005099","TXB3","LC-MS/MS","CC\C=C\CC(O)\C=C\C1OC(O)CC(O)C1C\C=C\CCCC(O)=O",368.4645,368.219888800,"Eicosanoids","PMID: 20671299"
"HMDB0062652","9-HODE","LC-MS/MS","CCCCC\C=C/C=C/[C@@H](O)CCCCCCCC(O)=O",296.4449,296.235144900,"Lineolic acids and derivatives","PMID: 20671299"
"HMDB0004667","13-HODE","LC-MS/MS","CCCCC[C@H](O)\C=C\C=C/CCCCCCCC(O)=O",296.4449,296.235144900,"Lineolic acids and derivatives","PMID: 20671299"
"HMDB0004668","13-OxoODE","LC-MS/MS","CCCCCC(=O)\C=C\C=C/CCCCCCCC(O)=O",294.4290,294.219494800,"Lineolic acids and derivatives","PMID: 20671299"
"HMDB0247705","9-HOTrE","LC-MS/MS","CCC=CCC=CC=CC(O)CCCCCCCC(O)=O",294.4350,294.219494800,"Lineolic acids and derivatives","PMID: 20671299"
"HMDB0010203","13-HOTrE","LC-MS/MS","CC\C=C/CC(O)\C=C\C=C/CCCCCCCC(O)=O",294.4290,294.219494800,"Lineolic acids and derivatives","PMID: 20671299"
"HMDB0341541","13-HOTrE(y)","LC-MS/MS",NULL,294.4350,294.219494800,0,"PMID: 20671299"
"HMDB0341542","5-HETrE","LC-MS/MS",NULL,322.4890,322.250795000,0,"PMID: 20671299"
"HMDB0060052","8-HETrE","LC-MS/MS","CCCCC\C=C/C\C=C\C=C/[C@@H](O)CCCCCCC(O)=O",322.4822,322.250795000,"Eicosanoids","PMID: 20671299"
"HMDB0005045","15-HETrE","LC-MS/MS","CCCCC[C@H](O)\C=C\C=C/C\C=C/CCCCCCC(O)=O",322.4822,322.250795000,"Eicosanoids","PMID: 20671299"
"HMDB0011134","5-HETE","LC-MS/MS","CCCCC\C=C/C\C=C/C\C=C/C=C/[C@@H](O)CCCC(O)=O",320.4663,320.235144900,"Eicosanoids","PMID: 20671299"
"HMDB0005087","6-trans-LTB4","LC-MS/MS","CCCCC\C=C/C[C@@H](O)\C=C\C=C\C=C\[C@@H](O)CCCC(O)=O",336.4657,336.230059500,"Eicosanoids","PMID: 20671299"
"HMDB0005089","12-epi-LTB4","LC-MS/MS","CCCCC\C=C/C[C@H](O)\C=C\C=C\C=C/[C@@H](O)CCCC(O)=O",336.4657,336.230059500,"Eicosanoids","PMID: 20671299"
"HMDB0005088","6-trans-12-epi-LTB4","LC-MS/MS","CCCCC\C=C/C[C@H](O)\C=C\C=C\C=C\[C@@H](O)CCCC(O)=O",336.4657,336.230059500,"Eicosanoids","PMID: 20671299"
"HMDB0001085","LTB4","LC-MS/MS","CCCCC\C=C/C[C@@H](O)\C=C\C=C\C=C/[C@@H](O)CCCC(O)=O",336.4657,336.230059500,"Eicosanoids","PMID: 20671299"
"HMDB0001198","LTC4","LC-MS/MS","CCCCC\C=C/C\C=C/C=C/C=C/[C@@H](SC[C@H](NC(=O)CC[C@H](N)C(O)=O)C(=O)NCC(O)=O)[C@@H](O)CCCC(O)=O",625.7740,625.303300800,"Amino acids, peptides, and analogues","PMID: 20671299"
"HMDB0005095","11-trans-LTC4","LC-MS/MS","CCCCC\C=C/C\C=C\C=C\C=C\[C@@H](SC[C@H](NC(=O)CC[C@H](N)C(O)=O)C(=O)NCC(O)=O)[C@@H](O)CCCC(O)=O",625.7740,625.303300800,"Amino acids, peptides, and analogues","PMID: 20671299"
"HMDB0002200","LTE4","LC-MS/MS","CCCCC\C=C/C\C=C/C=C/C=C/[C@@H](SC[C@H](N)C(O)=O)[C@@H](O)CCCC(O)=O",439.6100,439.239244500,"Eicosanoids","PMID: 20671299"
"HMDB0004679","8-HETE","LC-MS/MS","CCCCC\C=C/C\C=C/C=C/[C@@H](O)C\C=C/CCCC(O)=O",320.4663,320.235144900,"Eicosanoids","PMID: 20671299"
"HMDB0006111","12-HETE","LC-MS/MS","CCCCC\C=C/C[C@H](O)\C=C\C=C/C\C=C/CCCC(O)=O",320.4663,320.235144900,"Eicosanoids","PMID: 20671299"
"HMDB0060055","Tetranor 12-HETE","LC-MS/MS","CCCCC\C=C/C[C@H](O)\C=C\C=C/CCC(O)=O",266.3758,266.188194700,"Fatty acids and conjugates","PMID: 20671299"
"HMDB0003876","15-HETE","LC-MS/MS","CCCCC[C@H](O)\C=C\C=C/C\C=C/C\C=C/CCCC(O)=O",320.4663,320.235144900,"Eicosanoids","PMID: 20671299"
"HMDB0010210","15-oxoETE","LC-MS/MS","CCCCCC(=O)\C=C\C=C/C\C=C/C\C=C/CCCC(O)=O",318.4504,318.219494800,"Fatty acids and conjugates","PMID: 20671299"
"HMDB0010216","5,15-DiHETE","LC-MS/MS","CCCCC[C@H](O)\C=C\C=C/C\C=C/C=C/[C@@H](O)CCCC(O)=O",336.4657,336.230059500,"Eicosanoids","PMID: 20671299"
"HMDB0004385","5S,6S-Lipoxin A4","LC-MS/MS","CCCCC[C@H](O)\C=C\C=C/C=C/C=C/[C@@H](O)[C@@H](O)CCCC(O)=O",352.4651,352.224974100,"Eicosanoids","PMID: 20671299"
"HMDB0005081","5-HEPE","LC-MS/MS","CC\C=C/C\C=C/C\C=C/C\C=C/C=C/C(O)CCCC(O)=O",318.4504,318.219494800,"Eicosanoids","PMID: 20671299"
"HMDB0010202","12-HEPE","LC-MS/MS","CC\C=C/C\C=C/CC(O)\C=C\C=C/C\C=C/CCCC(O)=O",318.4504,318.219494800,"Eicosanoids","PMID: 20671299"
"HMDB0010209","15-HEPE","LC-MS/MS","CC\C=C/C(O)C\C=C\C=C/C\C=C/C\C=C/CCCC(O)=O",318.4504,318.219494800,"Eicosanoids","PMID: 20671299"
"HMDB0004705","12,13-DiHOME","LC-MS/MS","CCCCC[C@H](O)[C@@H](O)C\C=C/CCCCCCCC(O)=O",314.4660,314.245709600,"Fatty acids and conjugates","PMID: 20671299"
"HMDB0002190","5,6-EpETrE","LC-MS/MS","CCCCC\C=C/C\C=C/C\C=C/CC1OC1CCCC(O)=O",320.4663,320.235144900,"Fatty acids and conjugates","PMID: 20671299"
"HMDB0002283","14,15-EpETrE","LC-MS/MS","CCCCC[C@@H]1O[C@@H]1C\C=C/C\C=C/C\C=C/CCCC(O)=O",320.4663,320.235144900,"Fatty acids and conjugates","PMID: 20671299"
"HMDB0002343","5,6-DiHETrE","LC-MS/MS","CCCCC\C=C/C\C=C/C\C=C/CC(O)C(O)CCCC(O)=O",338.4816,338.245709600,"Eicosanoids","PMID: 20671299"
"HMDB0002311","8,9-DiHETrE","LC-MS/MS","CCCCC\C=C/C\C=C/CC(O)C(O)C\C=C/CCCC(O)=O",338.4816,338.245709600,"Eicosanoids","PMID: 20671299"
"HMDB0002314","11,12-DiHETrE","LC-MS/MS","CCCCC\C=C/CC(O)C(O)C\C=C/C\C=C/CCCC(O)=O",338.4816,338.245709600,"Eicosanoids","PMID: 20671299"
"HMDB0002265","14,15-DiHETrE","LC-MS/MS","CCCCCC(O)C(O)C\C=C/C\C=C/C\C=C/CCCC(O)=O",338.4816,338.245709600,"Eicosanoids","PMID: 20671299"
"HMDB0004680","16-HETE","LC-MS/MS","CCCC[C@@H](O)\C=C/C\C=C/C\C=C/C\C=C/CCCC(O)=O",320.4663,320.235144900,"Eicosanoids","PMID: 20671299"
"HMDB0012598","17-HETE","LC-MS/MS","CCCC(O)C\C=C/C\C=C/C\C=C/C\C=C/CCCC(O)=O",320.4663,320.235144900,"Eicosanoids","PMID: 20671299"
"HMDB0006245","18-HETE","LC-MS/MS","CC[C@@H](O)CC\C=C/C\C=C/C\C=C/C\C=C/CCCC(O)=O",320.4663,320.235144900,"Eicosanoids","PMID: 20671299"
"HMDB0005998","20-HETE","LC-MS/MS","OCCCCC\C=C/C\C=C/C\C=C/C\C=C/CCCC(O)=O",320.4663,320.235144900,"Fatty acids and conjugates","PMID: 20671299"
"HMDB0013621","16(17)-EpDPE","LC-MS/MS","CC\C=C/CC1OC1C\C=C/C\C=C/C\C=C/C\C=C/CCC(O)=O",344.4877,344.235144900,"Fatty acids and conjugates","PMID: 20671299"
"HMDB0010214","19,20-DiHDPA","LC-MS/MS","CCC(O)C(O)C\C=C/C\C=C/C\C=C/C\C=C/C\C=C/CCC(O)=O",362.5030,362.245709600,"Fatty acids and conjugates","PMID: 20671299"
"HMDB0341543","5-iPF2a-VI","LC-MS/MS",NULL,354.4870,354.240624200,0,"PMID: 20671299"
"HMDB0005077","8-iso-PGF2a","LC-MS/MS","CCCCCC(=O)\C=C\[C@H]1[C@H](O)C[C@H](O)[C@H]1C\C=C/CCCC(O)=O",352.4651,352.224974100,"Eicosanoids","PMID: 20671299"
"HMDB0010222","9-HETE","LC-MS/MS","CCCCC\C=C/C\C=C/CC(O)\C=C/C=C/CCCC(O)=O",320.4663,320.235144900,"Eicosanoids","PMID: 20671299"
"HMDB0060053","9-HEPE","LC-MS/MS","CC\C=C\C\C=C\C\C=C\CC(O)\C=C\C=C\CCCC(O)=O",318.4504,318.219494800,"Eicosanoids","PMID: 20671299"
"HMDB0060049","4-HDoHE","LC-MS/MS","CC\C=C/C\C=C/C\C=C/C\C=C/C\C=C/C=C\C(O)CCC(O)=O",344.4877,344.235144900,"Fatty acids and conjugates","PMID: 20671299"
"HMDB0060050","7-HDoHE","LC-MS/MS","CC\C=C/C\C=C/C\C=C/C\C=C/C=C\C(O)C\C=C/CCC(O)=O",344.4877,344.235144900,"Fatty acids and conjugates","PMID: 20671299"
"HMDB0060051","8-HDoHE","LC-MS/MS","CC\C=C/C\C=C/C\C=C/C\C=C/CC(O)\C=C\C=C\CCC(O)=O",344.4877,344.235144900,"Fatty acids and conjugates","PMID: 20671299"
"HMDB0060037","10-HDoHE","LC-MS/MS","CC\C=C/C\C=C/C\C=C/C=C\C(O)C\C=C/C\C=C/CCC(O)=O",344.4877,344.235144900,"Fatty acids and conjugates","PMID: 20671299"
"HMDB0060040","11-HDoHE","LC-MS/MS","CC\C=C/C\C=C/C\C=C/CC(O)\C=C\C=C\C\C=C/CCC(O)=O",344.4877,344.235144900,"Fatty acids and conjugates","PMID: 20671299"
"HMDB0060043","13-HDoHE","LC-MS/MS","CCC\C=C/C\C=C/C\C=C/CC(O)\C=C\C=C\C\C=C/CC",314.5048,314.260965700,"Fatty alcohols","PMID: 20671299"
"HMDB0060044","14-HDoHE","LC-MS/MS","CCC1C=C1C\C=C/CC(O)\C=C\C=C\C\C=C/C\C=C/CCC(O)=O",356.4984,356.235144900,"Lineolic acids and derivatives","PMID: 20671299"
"HMDB0060047","16-HDoHE","LC-MS/MS","CC\C=C/C=C\C(O)C\C=C/C\C=C/C\C=C/C\C=C/CCC(O)=O",344.4877,344.235144900,"Fatty acids and conjugates","PMID: 20671299"
"HMDB0010213","17-HDoHE","LC-MS/MS","CC\C=C/CC(O)\C=C\C=C/C\C=C/C\C=C/C\C=C/CCC(O)=O",344.4877,344.235144900,"Fatty acids and conjugates","PMID: 20671299"
"HMDB0060048","20-HDoHE","LC-MS/MS","CCC(O)\C=C\C=C\C\C=C/C\C=C/C\C=C/C\C=C/CCC(O)=O",344.4877,344.235144900,"Fatty acids and conjugates","PMID: 20671299"
"NA","LacCer(d18:1/14:0)","DI-MS/MS",NULL,0.0000,0.000000000,0,"Internal Work"
"HMDB0006750","LacCer(d18:1/16:0)","DI-MS/MS","[H][C@@](CO[C@@H]1O[C@H](CO)[C@@H](O[C@]2([H])O[C@H](CO)[C@H](O)[C@H](O)[C@H]2O)[C@H](O)[C@H]1O)(NC(=O)CCCCCCCCCCCCCCC)[C@H](O)\C=C\CCCCCCCCCCCCC",862.1819,861.617741900,"Glycosphingolipids","Internal Work"
"HMDB0011591","LacCer(d18:1/18:0)","DI-MS/MS","[H][C@@](CO[C@@H]1O[C@H](CO)[C@@H](O[C@]2([H])O[C@H](CO)[C@H](O)[C@H](O)[C@H]2O)[C@H](O)[C@H]1O)(NC(=O)CCCCCCCCCCCCCCCCC)[C@H](O)\C=C\CCCCCCCCCCCCC",890.2350,889.649042000,"Glycosphingolipids","Internal Work"
"HMDB0011593","LacCer(d18:1/20:0)","DI-MS/MS","[H][C@@](CO[C@@H]1O[C@H](CO)[C@@H](O[C@]2([H])O[C@H](CO)[C@H](O)[C@H](O)[C@H]2O)[C@H](O)[C@H]1O)(NC(=O)CCCCCCCCCCCCCCCCCCC)[C@H](O)\C=C\CCCCCCCCCCCCC",918.2882,917.680342100,"Purines and purine derivatives","Internal Work"
"HMDB0011594","LacCer(d18:1/22:0)","DI-MS/MS","[H][C@@](CO[C@@H]1O[C@H](CO)[C@@H](O[C@]2([H])O[C@H](CO)[C@H](O)[C@H](O)[C@H]2O)[C@H](O)[C@H]1O)(NC(=O)CCCCCCCCCCCCCCCCCCCCC)[C@H](O)\C=C\CCCCCCCCCCCCC",946.3414,945.711642300,"Glycosphingolipids","Internal Work"
"HMDB0011595","LacCer(d18:1/24:0)","DI-MS/MS","[H][C@@](CO[C@@H]1O[C@H](CO)[C@@H](O[C@]2([H])O[C@H](CO)[C@H](O)[C@H](O)[C@H]2O)[C@H](O)[C@H]1O)(NC(=O)CCCCCCCCCCCCCCCCCCCCCCC)[C@H](O)\C=C\CCCCCCCCCCCCC",974.3945,973.742942400,"Glycosphingolipids","Internal Work"
"HMDB0004872","LacCer(d18:1/24:1)","DI-MS/MS","[H][C@@](CO[C@@H]1O[C@H](CO)[C@@H](O[C@]2([H])O[C@H](CO)[C@H](O)[C@H](O)[C@H]2O)[C@H](O)[C@H]1O)(NC(=O)CCCCCCCCCCCCC\C=C/CCCCCCCC)[C@H](O)\C=C\CCCCCCCCCCCCC",972.3960,971.727292300,"Glycosphingolipids","Internal Work"
"HMDB0004879","Trihexosylceramide(d18:1/16:0)","DI-MS/MS","CCCCCCCCCCCCCCCC(=O)NC(COC1OC(CO)C(OC2OC(CO)C(OC3OC(CO)C(O)C(O)C3O)C(O)C2O)C(O)C1O)C(O)\C=C\CCCCCCCCCCCCC",1024.3225,1023.670565000,"Glycosphingolipids","Internal Work"
"HMDB0004880","Trihexosylceramide(d18:1/18:0)","DI-MS/MS","CCCCCCCCCCCCCCCCCC(=O)NC(COC1OC(CO)C(OC2OC(CO)C(OC3OC(CO)C(O)C(O)C3O)C(O)C2O)C(O)C1O)C(O)\C=C\CCCCCCCCCCCCC",1052.3756,1051.701865000,"Glycosphingolipids","Internal Work"
"HMDB0004883","Trihexosylceramide(d18:1/24:1)","DI-MS/MS","CCCCCCCCCCCCC\C=C\C(O)C(COC1OC(CO)C(OC2OC(CO)C(OC3OC(CO)C(O)C(O)C3O)C(O)C2O)C(O)C1O)NC(=O)CCCCCCCCCCCCC\C=C\CCCCCCCC",1134.5192,1133.780116000,"Glycosphingolipids","Internal Work"
"HMDB0004882","Trihexosylceramide(d18:1/22:0)","DI-MS/MS","CCCCCCCCCCCCCCCCCCCCCC(=O)NC(COC1OC(CO)C(OC2OC(CO)C(OC3OC(CO)C(O)C(O)C3O)C(O)C2O)C(O)C1O)C(O)\C=C\CCCCCCCCCCCCC",1108.4820,1107.764466000,"Glycosphingolipids","Internal Work"
"HMDB0004884","Trihexosylceramide(d18:1/26:1)","DI-MS/MS","CCCCCCCCCCCCCCCCCCCCCCCCCC(=O)NC(COC1OC(CO)C(OC2OC(CO)C(OC3OC(CO)C(O)C(O)C3O)C(O)C2O)C(O)C1O)C(O)\C=C\CCCCCCCCCCCCC",1164.5883,1163.827066000,"Glycosphingolipids","Internal Work"
"NA","GlcCer(d16:1/22:0)","DI-MS/MS",NULL,0.0000,0.000000000,"Sphingolipids","Internal Work"
"HMDB0341544","GlcCer(d16:1/24:0)","DI-MS/MS",NULL,784.2170,783.658818800,"Sphingolipids","Internal Work"
"HMDB0341545","GlcCer(d18:1/14:0)","DI-MS/MS",NULL,672.0010,671.533618300,"Sphingolipids","Internal Work"
"HMDB0004971","GlcCer(d18:1/16:0)","DI-MS/MS","CCCCCCCCCCCCCCCC(=O)N[C@@H](CO[C@@H]1O[C@H](CO)[C@@H](O)[C@H](O)[C@H]1O)[C@H](O)\C=C\CCCCCCCCCCCCC",700.0413,699.564918400,"Glycosphingolipids","Internal Work"
"HMDB0004972","GlcCer(d18:1/18:0)","DI-MS/MS","CCCCCCCCCCCCCCCCCC(=O)N[C@@H](CO[C@@H]1O[C@H](CO)[C@@H](O)[C@H](O)[C@H]1O)[C@H](O)\C=C\CCCCCCCCCCCCC",728.0944,727.596218600,"Glycosphingolipids","Internal Work"
"HMDB0004970","GlcCer(d18:1/18:1)","DI-MS/MS","#N/A",0.0000,0.000000000,"Glycosphingolipids","Internal Work"
"HMDB0004973","GlcCer(d18:1/20:0)","DI-MS/MS","CCCCCCCCCCCCCCCCCCCC(=O)N[C@@H](CO[C@@H]1O[C@H](CO)[C@@H](O)[C@H](O)[C@H]1O)[C@H](O)\C=C\CCCCCCCCCCCCC",756.1476,755.627518700,"Glycosphingolipids","Internal Work"
"HMDB0004974","GlcCer(d18:1/22:0)","DI-MS/MS","CCCCCCCCCCCCCCCCCCCCCC(=O)N[C@@H](CO[C@@H]1O[C@H](CO)[C@@H](O)[C@H](O)[C@H]1O)[C@H](O)\C=C\CCCCCCCCCCCCC",784.2008,783.658818800,"Glycosphingolipids","Internal Work"
"NA","GlcCer(d18:1/23:0)","DI-MS/MS",NULL,0.0000,0.000000000,"Sphingolipids","Internal Work"
"HMDB0004978","GlcCer(d18:1/24:0)","DI-MS/MS","CCCCCCCCCCCCCCCCCCCCCCCC(=O)N[C@@H](CO[C@@H]1O[C@H](CO)[C@@H](O)C(O)C1O)[C@H](O)\C=C\CCCCCCCCCCCCC",812.2539,811.690119000,"Glycosphingolipids","Internal Work"
"HMDB0004975","GlcCer(d18:1/24:1)","DI-MS/MS","CCCCCCCCCCCCC\C=C\[C@@H](O)[C@H](CO[C@@H]1O[C@H](CO)[C@@H](O)[C@H](O)[C@H]1O)NC(=O)CCCCCCCCCCCCC\C=C/CCCCCCCC",810.2380,809.674468900,"Glycosphingolipids","Internal Work"
"HMDB0004977","GlcCer(d18:1/26:0)","DI-MS/MS","CCCCCCCCCCCCCCCCCCCCCCCCCC(=O)N[C@@H](CO[C@@H]1O[C@H](CO)[C@@H](O)[C@H](O)[C@H]1O)[C@H](O)\C=C\CCCCCCCCCCCCC",840.3071,839.721419100,"Glycosphingolipids","Internal Work"
"HMDB0004976","GlcCer(d18:1/26:1)","DI-MS/MS","CCCCCCCCCCCCC\C=C\[C@@H](O)[C@H](CO[C@@H]1O[C@H](CO)[C@@H](O)[C@H](O)[C@H]1O)NC(=O)CCCCCCCCCCCCCCC\C=C/CCCCCCCC",838.2912,837.705769000,"Glycosphingolipids","Internal Work"
"NA","GlcCer(d18:2/16:0)","DI-MS/MS",NULL,0.0000,0.000000000,"Sphingolipids","Internal Work"
"NA","GlcCer(d18:2/18:0)","DI-MS/MS",NULL,0.0000,0.000000000,"Sphingolipids","Internal Work"
"NA","GlcCer(d18:2/20:0)","DI-MS/MS",NULL,0.0000,0.000000000,"Sphingolipids","Internal Work"
"NA","GlcCer(d18:2/22:0)","DI-MS/MS",NULL,0.0000,0.000000000,"Sphingolipids","Internal Work"
"NA","GlcCer(d18:2/23:0)","DI-MS/MS",NULL,0.0000,0.000000000,"Sphingolipids","Internal Work"
"NA","GlcCer(d18:2/24:0)","DI-MS/MS",NULL,0.0000,0.000000000,"Sphingolipids","Internal Work"
"HMDB0341516","Cer(d16:1/18:0)","DI-MS/MS",NULL,0.0000,0.000000000,"Sphingolipids","Internal Work"
"HMDB0341517","Cer(d16:1/20:0)","DI-MS/MS",NULL,0.0000,0.000000000,"Sphingolipids","Internal Work"
"HMDB0240682","Cer(d16:1/22:0)","DI-MS/MS","[H][C@@](CO)(NC(=O)CCCCCCCCCCCCCCCCCCCCC)[C@H](O)\C=C\CCCCCCCCCCC",594.0220,593.574695300,"Ceramides","Internal Work"
"HMDB0249814","Cer(d16:1/23:0)","DI-MS/MS","CCCCCCCCCCCCCCCCCCCCCCC(=O)NC(CO)C(O)C=CCCCCCCCCCCC",608.0490,607.590345300,"Ceramides","Internal Work"
"HMDB0341518","Cer(d16:1/24:0)","DI-MS/MS",NULL,0.0000,0.000000000,"Sphingolipids","Internal Work"
"HMDB0011773","Cer(d18:1/14:0)","DI-MS/MS","CCCCCCCCCCCCC\C=C\[C@@H](O)[C@H](CO)NC(=O)CCCCCCCCCCCCC",509.8475,509.480794900,"Ceramides","Internal Work"
"HMDB0004949","Cer(d18:1/16:0)","DI-MS/MS","CCCCCCCCCCCCCCCC(=O)NC(CO)C(O)C=CCCCCCCCCCCCCC",537.9007,537.512095000,"Ceramides","Internal Work"
"HMDB0004950","Cer(d18:1/18:0)","DI-MS/MS","CCCCCCCCCCCCCCCCCC(=O)NC(CO)C(O)C=CCCCCCCCCCCCCC",565.9680,565.543395200,"Ceramides","Internal Work"
"HMDB0004948","Cer(d18:1/18:1)","DI-MS/MS","[H][C@@](CO)(NC(=O)CCCCCCC\C=C/CCCCCCCC)[C@H](O)\C=C\CCCCCCCCCCCCC",563.9380,563.527745100,"Ceramides","Internal Work"
"HMDB0004951","Cer(d18:1/20:0)","DI-MS/MS","[H][C@@](CO)(NC(=O)CCCCCCCCCCCCCCCCCCC)[C@H](O)\C=C\CCCCCCCCCCCCC",594.0070,593.574695300,"Ceramides","Internal Work"
"HMDB0004952","Cer(d18:1/22:0)","DI-MS/MS","[H][C@@](CO)(NC(=O)CCCCCCCCCCCCCCCCCCCCC)[C@H](O)\C=C\CCCCCCCCCCCCC",622.0602,621.605995400,"Ceramides","Internal Work"
"HMDB0000950","Cer(d18:1/23:0)","DI-MS/MS","[H][C@@](CO)(NC(=O)CCCCCCCCCCCCCCCCCCCCCC)[C@H](O)\C=C\CCCCCCCCCCCCC",636.0867,635.621645500,"Ceramides","Internal Work"
"HMDB0004956","Cer(d18:1/24:0)","DI-MS/MS","[H][C@@](CO)(NC(=O)CCCCCCCCCCCCCCCCCCCCCCC)[C@H](O)\C=C\CCCCCCCCCCCCC",650.1133,649.637295500,"Ceramides","Internal Work"
"HMDB0004953","Cer(d18:1/24:1)","DI-MS/MS","CCCCCCCCCCCCC\C=C\[C@@H](O)[C@H](CO)NC(=O)CCCCCCCCCCCCC\C=C/CCCCCCCC",648.0974,647.621645500,"Ceramides","Internal Work"
"HMDB0004957","Cer(d18:1/25:0)","DI-MS/MS","[H][C@@](CO)(NC(=O)CCCCCCCCCCCCCCCCCCCCCCCC)[C@H](O)\C=C\CCCCCCCCCCCCC",664.1399,663.652945600,"Ceramides","Internal Work"
"HMDB0004955","Cer(d18:1/26:0)","DI-MS/MS","CCCCCCCCCCCCCCCCCCCCCCCCCC(=O)N[C@@H](CO)[C@H](O)\C=C\CCCCCCCCCCCCC",678.1665,677.668595700,"Ceramides","Internal Work"
"HMDB0010707","Cer(d18:1/26:1)","DI-MS/MS","CCCCCCCCCCCCCCC\C=C\[C@@]([H])(O)[C@]([H])(COP(=O)(O)O)NC(=O)CCCCCCCCCCCCCCC\C=C/CCCCCCCC",784.1837,783.650576100,"Phosphosphingolipids","Internal Work"
"HMDB0341546","Cer(d18:2/14:0)","DI-MS/MS",NULL,507.8440,507.465144800,"Sphingolipids","Internal Work"
"HMDB0240686","Cer(d18:2/16:0)","DI-MS/MS","[H][C@@](CO)(NC(=O)CCCCCCCCCCCCCCC)[C@H](O)\C=C\CCCCCCCC\C=C/CCC",535.8980,535.496445000,"Ceramides","Internal Work"
"NA","Cer(d18:2/18:0)","DI-MS/MS","[H]\C(CCC)=C(/[H])CCCCCCCCC([H])=C([H])[C@@]([H])(O)[C@]([H])(CO)N=C(O)CCCCCCCCCCCCCCCCC",563.9520,563.527745100,"Organooxygen compounds","Internal Work"
"HMDB0341547","Cer(d18:2/18:1)","DI-MS/MS",NULL,561.9360,561.512095000,"Sphingolipids","Internal Work"
"HMDB0341548","Cer(d18:2/20:0)","DI-MS/MS",NULL,592.0060,591.559045200,"Sphingolipids","Internal Work"
"HMDB0341519","Cer(d18:2/22:0)","DI-MS/MS",NULL,0.0000,0.000000000,"Sphingolipids","Internal Work"
"HMDB0341549","Cer(d18:2/23:0)","DI-MS/MS",NULL,634.0870,633.605995400,"Sphingolipids","Internal Work"
"HMDB0341520","Cer(d18:2/24:0)","DI-MS/MS",NULL,0.0000,0.000000000,"Sphingolipids","Internal Work"
"HMDB0240680","Cer(d18:2/24:1)","DI-MS/MS","[H][C@@](CO)(NC(=O)CCCCCCCCCCCCC\C=C/CCCCCCCC)[C@H](O)\C=C\CCCCCCCC\C=C/CCC",646.0980,645.605995400,"Alcohols and polyols","Internal Work"
"HMDB0011764","Cer(d18:0/20:0)","DI-MS/MS","CCCCCCCCCCCCCCCCCCCC(=O)N[C@@H](CO)[C@H](O)CCCCCCCCCCCCCCC",596.0229,595.590345300,"Ceramides","Internal Work"
"HMDB0011765","Cer(d18:0/22:0)","DI-MS/MS","CCCCCCCCCCCCCCCCCCCCCC(=O)N[C@@H](CO)[C@H](O)CCCCCCCCCCCCCCC",624.0760,623.621645500,"Ceramides","Internal Work"
"HMDB0011768","Cer(d18:0/24:0)","DI-MS/MS","CCCCCCCCCCCCCCCCCCCCCCCC(=O)N[C@@H](CO)[C@H](O)CCCCCCCCCCCCCCC",652.1292,651.652945600,"Ceramides","Internal Work"
"HMDB0011769","Cer(d18:0/24:1)","DI-MS/MS","CCCCCCCCCCCCCCC[C@@H](O)[C@H](CO)NC(=O)CCCCCCCCCCCCC\C=C/CCCCCCCC",650.1133,649.637295500,"Ceramides","Internal Work"
"HMDB0011772","Cer(d18:0/26:1)","DI-MS/MS","CCCCCCCCCCCCCCC[C@@H](O)[C@H](CO)NC(=O)CCCCCCCCCCCCCCC\C=C/CCCCCCCC",678.1665,677.668595700,"Ceramides","Internal Work"
"HMDB0006725","CE(14:0)","DI-MS/MS","[H][C@@]1(CC[C@@]2([H])[C@]3([H])CC=C4C[C@H](CC[C@]4(C)[C@@]3([H])CC[C@]12C)OC(=O)CCCCCCCCCCCCC)[C@H](C)CCCC(C)C",597.0092,596.553231500,"Steroid esters","Internal Work"
"HMDB0010367","CE(14:1)","DI-MS/MS","CCCC\C=C/CCCCCCCC(=O)O[C@H]1CC[C@]2(C)C3CC[C@]4(C)C(CCC4C3CC=C2C1)[C@H](C)CCCC(C)C",594.9933,594.537581500,"Steroid esters","Internal Work"
"HMDB0060057","CE(15:0)","DI-MS/MS","[H][C@@]12CCC([C@H](C)CCCC(C)C)[C@@]1(C)CC[C@@]1([H])[C@@]2([H])CC=C2C[C@H](CC[C@]12C)OC(=O)CCCCCCCCCCCCCC",611.0358,610.568881600,"Steroid esters","Internal Work"
"HMDB0060056","CE(15:1)","DI-MS/MS","[H][C@@]12CCC([C@H](C)CCCC(C)C)[C@@]1(C)CC[C@@]1([H])[C@@]2([H])CC=C2C[C@H](CC[C@]12C)OC(=O)CCCCCCC\C=C\CCCCC",609.0199,608.553231500,"Steroid esters","Internal Work"
"HMDB0000885","CE(16:0)","DI-MS/MS","[H][C@@]1(CC[C@@]2([H])[C@]3([H])CC=C4C[C@H](CC[C@]4(C)[C@@]3([H])CC[C@]12C)OC(=O)CCCCCCC\C=C/CCCCCC)[C@H](C)CCCC(C)C",623.0630,622.568881600,"Steroid esters","Internal Work"
"HMDB0000658","CE(16:1)","DI-MS/MS","[H][C@@]1(CC[C@@]2([H])[C@]3([H])CC=C4C[C@H](CC[C@]4(C)[C@@]3([H])CC[C@]12C)OC(=O)CCCCCCC\C=C/CCCCCC)[C@H](C)CCCC(C)C",623.0630,622.568881600,"Steroid esters","Internal Work"
"HMDB0060059","CE(17:0)","DI-MS/MS","[H][C@@]12CCC([C@H](C)CCCC(C)C)[C@@]1(C)CC[C@@]1([H])[C@@]2([H])CC=C2C[C@H](CC[C@]12C)OC(=O)CCCCCCCCCCCCCCCC",639.0889,638.600181700,"Steroid esters","Internal Work"
"HMDB0060060","CE(17:1)","DI-MS/MS","[H][C@@]12CCC([C@H](C)CCCC(C)C)[C@@]1(C)CC[C@@]1([H])[C@@]2([H])CC=C2C[C@H](CC[C@]12C)OC(=O)CCCCCCC\C=C\CCCCCCC",637.0730,636.584531700,"Steroid esters","Internal Work"
"HMDB0010368","CE(18:0)","DI-MS/MS","CCCCCCCCCCCCCCCCCC(=O)O[C@H]1CC[C@]2(C)C3CC[C@]4(C)C(CCC4C3CC=C2C1)[C@H](C)CCCC(C)C",653.1155,652.615831800,"Steroid esters","Internal Work"
"HMDB0000918","CE(18:1)","DI-MS/MS","CCCCCCCC\C=C/CCCCCCCC(=O)O[C@H]1CC[C@]2(C)C3CC[C@]4(C)C(CCC4C3CC=C2C1)[C@H](C)CCCC(C)C",651.1170,650.600181800,"Steroid esters","Internal Work"
"HMDB0000610","CE(18:2)","DI-MS/MS","CCCCC\C=C/C\C=C/CCCCCCCC(=O)O[C@H]1CC[C@]2(C)C3CC[C@]4(C)C(CCC4C3CC=C2C1)[C@H](C)CCCC(C)C",649.1010,648.584531700,"Steroid esters","Internal Work"
"HMDB0010369","CE(18:3)","DI-MS/MS","CCCCC\C=C/C\C=C/C\C=C/CCCCC(=O)O[C@H]1CC[C@]2(C)C3CC[C@]4(C)C(CCC4C3CC=C2C1)[C@H](C)CCCC(C)C",647.0679,646.568881600,"Steroid esters","Internal Work"
"HMDB0006740","CE(20:0)","DI-MS/MS","CCCCCCCCCCCCCCCCCCCC(=O)O[C@H]1CC[C@]2(C)C3CC[C@]4(C)C(CCC4C3CC=C2C1)[C@H](C)CCCC(C)C",681.1687,680.647131900,"Steroid esters","Internal Work"
"HMDB0005193","CE(20:1)","DI-MS/MS","CCCCCCCC\C=C/CCCCCCCCCC(=O)O[C@H]1CC[C@]2(C)C3CC[C@]4(C)C(CCC4C3CC=C2C1)[C@H](C)CCCC(C)C",679.1528,678.631481900,"Steroid esters","Internal Work"
"HMDB0006736","CE(20:3)","DI-MS/MS","CCCCC\C=C/C\C=C/C\C=C/CCCCCCC(=O)O[C@H]1CC[C@@]2(C)C(=CCC3C4CCC([C@H](C)CCCC(C)C)[C@@]4(C)CCC23)C1",675.1210,674.600181700,"Steroid esters","Internal Work"
"HMDB0006726","CE(20:4)","DI-MS/MS","CCCCC\C=C/C\C=C/C\C=C/C\C=C/CCCC(=O)O[C@H]1CC[C@]2(C)C3CC[C@]4(C)C(CCC4C3CC=C2C1)[C@H](C)CCCC(C)C",673.1230,672.584531700,"Steroid esters","Internal Work"
"HMDB0006731","CE(20:5)","DI-MS/MS","CC\C=C/C\C=C/C\C=C/C\C=C/C\C=C/CCCC(=O)O[C@H]1CC[C@]2(C)C3CC[C@]4(C)C(CCC4C3CC=C2C1)[C@H](C)CCCC(C)C",671.0893,670.568881600,"Steroid esters","Internal Work"
"HMDB0006727","CE(22:0)","DI-MS/MS","CCCCCCCCCCCCCCCCCCCCCC(=O)O[C@H]1CC[C@]2(C)C3CC[C@]4(C)C(CCC4C3CC=C2C1)[C@H](C)CCCC(C)C",709.2218,708.678432100,"Steroid esters","Internal Work"
"HMDB0010372","CE(22:1)","DI-MS/MS","CCCCCCCC\C=C/CCCCCCCCCCCC(=O)O[C@H]1CC[C@@]2(C)C(=CCC3C4CCC([C@H](C)CCCC(C)C)[C@@]4(C)CCC23)C1",707.2059,706.662782000,"Steroid esters","Internal Work"
"HMDB0006737","CE(22:2)","DI-MS/MS","CCCCC\C=C/C\C=C/CCCCCCCCCCCC(=O)O[C@H]1CC[C@]2(C)C3CC[C@]4(C)C(CCC4C3CC=C2C1)[C@H](C)CCCC(C)C",705.1901,704.647131900,"Steroid esters","Internal Work"
"HMDB0010374","CE(22:5)","DI-MS/MS","CCCCC\C=C/C\C=C/C\C=C/C\C=C/C\C=C/CCC(=O)O[C@H]1CC[C@]2(C)C3CC[C@]4(C)C(CCC4C3CC=C2C1)[C@H](C)CCCC(C)C",699.1424,698.600181700,"Steroid esters","Internal Work"
"HMDB0006733","CE(22:6)","DI-MS/MS","CC\C=C/C\C=C/C\C=C/C\C=C/C\C=C/C\C=C/CCC(=O)O[C@H]1CC[C@]2(C)C3CC[C@]4(C)C(CCC4C3CC=C2C1)[C@H](C)CCCC(C)C",697.1265,696.584531700,"Steroid esters","Internal Work"
"HMDB0001419","24S-hydroxycholesterol","LC-MS/MS","[H][C@@]1(CC[C@@]2([H])[C@]3([H])CC=C4C[C@@H](O)CC[C@]4(C)[C@@]3([H])CC[C@]12C)[C@H](C)CC[C@H](O)C(C)C",402.6529,402.349780700,"Bile acids, alcohols and derivatives","PMID: 20671299"
"HMDB0006247","25-hydroxycholesterol","LC-MS/MS","[H]C12CC[C@H]([C@H](C)CCCC(C)(C)O)[C@@]1(C)CCC1([H])[C@@]2([H])CC=C2C[C@@H](O)CC[C@]12C",402.6529,402.349780700,"Cholestane steroids","PMID: 20671299"
"HMDB0002103","27-hydroxycholesterol","LC-MS/MS","[H][C@@]1(CC[C@@]2([H])[C@]3([H])CC=C4C[C@@H](O)CC[C@]4(C)[C@@]3([H])CC[C@]12C)[C@H](C)CCC[C@@H](C)CO",402.6529,402.349780700,"Bile acids, alcohols and derivatives","PMID: 20671299"
"HMDB0013643","4β-hydroxycholesterol","LC-MS/MS","[H][C@@]1(CC[C@@]2([H])[C@]3([H])CC=C4[C@@H](O)[C@@H](O)CC[C@]4(C)[C@@]3([H])CC[C@]12C)[C@H](C)CCCC(C)C",402.6529,402.349780700,"Cholestane steroids","PMID: 20671299"
"HMDB0000032","7-dehydrocholesterol","LC-MS/MS","[H][C@@]1(CC[C@@]2([H])C3=CC=C4C[C@@H](O)CC[C@]4(C)[C@@]3([H])CC[C@]12C)[C@H](C)CCCC(C)C",384.6377,384.339216000,"Cholestane steroids","PMID: 20671299"
"HMDB0000501","7-oxocholesterol","LC-MS/MS","[H][C@@]12CCC([C@H](C)CCCC(C)C)[C@@]1(C)CC[C@@]1([H])[C@@]2([H])C(=O)C=C2CC(O)CC[C@]12C",400.6371,400.334130700,"Cholestane steroids","PMID: 20671299"
"HMDB0001496","7α-hydroxycholesterol","LC-MS/MS","[H][C@@]1(CC[C@@]2([H])[C@]3([H])[C@H](O)C=C4C[C@@H](O)CC[C@]4(C)[C@@]3([H])CC[C@]12C)[C@H](C)CCCC(C)C",402.6630,402.349780700,"Cholestane steroids","PMID: 20671299"
"HMDB0002869","Campesterol","GC-MS","[H][C@@]1(CC[C@@]2([H])[C@]3([H])CC=C4C[C@@H](O)CC[C@]4(C)[C@@]3([H])CC[C@]12C)[C@H](C)CC[C@@H](C)C(C)C",400.6910,400.370516200,"Ergostane steroids","PMID: 20671299"
"HMDB0000921","Cholestenone","GC-MS","[H][C@@]1(CC[C@@]2([H])[C@]3([H])CCC4=CC(=O)CC[C@]4(C)[C@@]3([H])CC[C@]12C)[C@H](C)CCCC(C)C",384.6377,384.339216000,"Cholestane steroids","PMID: 20671299"
"HMDB0002719","Desmosterol","GC-MS","[H][C@@]1(CC[C@@]2([H])[C@]3([H])CC=C4C[C@@H](O)CC[C@]4(C)[C@@]3([H])CC[C@]12C)[C@H](C)CCC=C(C)C",384.6377,384.339216000,"Cholestane steroids","PMID: 20671299"
"HMDB0001251","Lanosterol","GC-MS","[H][C@@]1(CC[C@@]2(C)C3=C(CC[C@]12C)[C@@]1(C)CC[C@H](O)C(C)(C)[C@]1([H])CC3)[C@H](C)CCC=C(C)C",426.7174,426.386166200,"Triterpenoids","PMID: 20671299"
"HMDB0001170","Lathosterol","GC-MS","[H][C@@]1(CC[C@@]2([H])C3=CC[C@@]4([H])C[C@@H](O)CC[C@]4(C)[C@@]3([H])CC[C@]12C)[C@H](C)CCCC(C)C",386.6535,386.354866100,"Cholestane steroids","PMID: 20671299"
"HMDB0000852","Sitosterol","GC-MS","#N/A",0.0000,0.000000000,"Stigmastanes and derivatives","PMID: 20671299"
"HMDB0010169","SM C16:0","DI-MS/MS","[H][C@@](COP([O-])(=O)OCC[N+](C)(C)C)(NC(=O)CCCCCCCCCCCCCCC)[C@H](O)\C=C\CCCCCCCCCCCCC",703.0281,702.567574800,"Phosphosphingolipids","Internal Work"
"HMDB0240613","SM C16:1","DI-MS/MS","[H][C@@](COP([O-])(=O)OCC[N+](C)(C)C)(NC(=O)CCCCCCC\C=C/CCCCCC)[C@H](O)\C=C\CCCCCCCCCCCCC",701.0270,700.551925200,"Phosphosphingolipids","Internal Work"
"HMDB0001348","SM C18:0","DI-MS/MS","[H][C@@](COP([O-])(=O)OCC[N+](C)(C)C)(NC(=O)CCCCCCCCCCCCCCCCC)[C@H](O)\C=C\CCCCCCCCCCCCC",731.0970,730.598875400,"Phosphosphingolipids","Internal Work"
"HMDB0012100","SM C18:1","DI-MS/MS","CCCCCCCCCCCCC\C=C\[C@@H](O)[C@H](COP([O-])(=O)OCC[N+](C)(C)C)NC(=O)CCCCCCCCC\C=C/CCCCCC",729.0654,728.583224800,"Phosphosphingolipids","Internal Work"
"HMDB0013465","SM C20:2","DI-MS/MS","CCCCCCCCCCCCC\C=C\[C@@H](O)[C@H](COP([O-])(=O)OCC[N+](C)(C)C)NC(=O)CCCCCCCCC\C=C/C\C=C/CCCCC",755.1027,754.598874900,"Phosphosphingolipids","Internal Work"
"HMDB0011697","SM C24:0","DI-MS/MS","[H][C@@](COP([O-])(=O)OCC[N+](C)(C)C)(NC(=O)CCCCCCCCCCCCCCCCCCCCCCC)[C@H](O)\C=C\CCCCCCCCCCCCC",815.2590,814.692775800,"Phosphosphingolipids","Internal Work"
"HMDB0012107","SM C24:1","DI-MS/MS","CCCCCCCCCCCCC\C=C\[C@@H](O)[C@H](COP([O-])(=O)OCC[N+](C)(C)C)NC(=O)CCCCCCCCCCCCC\C=C/CCCCCCCC",813.2249,812.677125200,"Phosphosphingolipids","Internal Work"
"HMDB0011698","SM C26:0","DI-MS/MS","[H][C@@](COP([O-])(=O)OCC[N+](C)(C)C)(NC(=O)CCCCCCCCCCCCCCCCCCCCCCCCC)[C@H](O)\C=C\CCCCCCCCCCCCC",843.3130,842.724075900,"Phosphosphingolipids","Internal Work"
"HMDB0013461","SM C26:1","DI-MS/MS","CCCCCCCCCCCCC\C=C\[C@@H](O)[C@H](COP([O-])(=O)OCC[N+](C)(C)C)NC(=O)CCCCCCCCCCCCCCC\C=C/CCCCCCCC",841.2780,840.708425400,"Phosphosphingolipids","Internal Work"
"HMDB0013462","SM(OH) C14:1","DI-MS/MS","CCCCCCCCCCCCC\C=C\[C@@H](O)[C@H](COP([O-])(=O)OCC[N+](C)(C)C)NC(=O)CC(O)CCCCC\C=C/CCCC",688.9585,688.515539200,"Phosphosphingolipids","Internal Work"
"HMDB0013463","SM(OH) C16:1","DI-MS/MS","CCCCCCCCCCCCC\C=C\[C@@H](O)[C@H](COP([O-])(=O)OCC[N+](C)(C)C)NC(=O)CC(O)CCCCC\C=C/CCCCCC",717.0116,716.546839300,"Phosphosphingolipids","Internal Work"
"HMDB0013466","SM(OH) C22:1","DI-MS/MS","CCCCCCCCCCCCC\C=C\[C@@H](O)[C@H](COP([O-])(=O)OCC[N+](C)(C)C)NC(=O)CC(O)CCCCCCCCC\C=C/CCCCCCCC",801.1711,800.640739700,"Phosphosphingolipids","Internal Work"
"HMDB0013467","SM(OH) C22:2","DI-MS/MS","CCCCCCCCCCCCC\C=C\[C@@H](O)[C@H](COP([O-])(=O)OCC[N+](C)(C)C)NC(=O)CC(O)CCCCCCCCC\C=C/C\C=C/CCCCC",799.1552,798.625089700,"Phosphosphingolipids","Internal Work"
"HMDB0013469","SM(OH) C24:1","DI-MS/MS","CCCCCCCCCCCCC\C=C\[C@@H](O)[C@H](COP([O-])(=O)OCC[N+](C)(C)C)NC(=O)CC(O)CCCCCCCCCCC\C=C/CCCCCCCC",829.2243,828.672039900,"Phosphosphingolipids","Internal Work"
"HMDB0007014","DG(14:0_18:1)","DI-MS/MS","[H][C@](CO)(COC(=O)CCCCCCCCCCCCC)OC(=O)CCCCCCCCC\C=C/CCCCCC",566.8955,566.491025200,"Diradylglycerols","Internal Work"
"HMDB0007016","DG(14:0_18:2)","DI-MS/MS","[H]C(CCCCC)=C([H])C\C([H])=C(\[H])CCCCCCCC(=O)O[C@@]([H])(CO)COC(=O)CCCCCCCCCCCCC",564.8797,564.475375200,"Lineolic acids and derivatives","Internal Work"
"HMDB0007020","DG(14:0_20:0)","DI-MS/MS","[H][C@](CO)(COC(=O)CCCCCCCCCCCCC)OC(=O)CCCCCCCCCCCCCCCCCCC",596.9646,596.537975400,"Diradylglycerols","Internal Work"
"HMDB0007098","DG(16:0_16:0)","DI-MS/MS","[H][C@](CO)(COC(=O)CCCCCCCCCCCCCCC)OC(=O)CCCCCCCCCCCCCCC",568.9114,568.506675300,"Diradylglycerols","Internal Work"
"HMDB0007099","DG(16:0_16:1)","DI-MS/MS","[H]\C(CCCCCC)=C(/[H])CCCCCCCC(=O)O[C@@]([H])(CO)COC(=O)CCCCCCCCCCCCCCC",566.8955,566.491025200,"Diradylglycerols","Internal Work"
"HMDB0007101","DG(16:0_18:1)","DI-MS/MS","[H][C@](CO)(COC(=O)CCCCCCCCCCCCCCC)OC(=O)CCCCCCCCC\C=C/CCCCCC",594.9487,594.522325400,"Diradylglycerols","Internal Work"
"HMDB0007103","DG(16:0_18:2)","DI-MS/MS","[H][C@](CO)(COC(=O)CCCCCCCCCCCCCCC)OC(=O)CCCCCCC\C=C/C\C=C/CCCCC",592.9328,592.506675300,"Lineolic acids and derivatives","Internal Work"
"HMDB0007107","DG(16:0_20:0)","DI-MS/MS","[H][C@](CO)(COC(=O)CCCCCCCCCCCCCCC)OC(=O)CCCCCCCCCCCCCCCCCCC",625.0177,624.569275500,"Diradylglycerols","Internal Work"
"HMDB0007110","DG(16:0_20:3)","DI-MS/MS","[H][C@](CO)(COC(=O)CCCCCCCCCCCCCCC)OC(=O)CCC\C=C/C\C=C/C\C=C/CCCCCCCC",618.9701,618.522325400,"Diradylglycerols","Internal Work"
"HMDB0007129","DG(16:1_18:0)","DI-MS/MS","[H]\C(CCCCCC)=C(/[H])CCCCCCCC(=O)OC[C@]([H])(CO)OC(=O)CCCCCCCCCCCCCCCCC",594.9487,594.522325400,"Diradylglycerols","Internal Work"
"HMDB0007130","DG(16:1_18:1)","DI-MS/MS","[H][C@](CO)(COC(=O)CCCCCCC\C=C/CCCCCC)OC(=O)CCCCCCCCC\C=C/CCCCCC",592.9328,592.506675300,"Diradylglycerols","Internal Work"
"HMDB0007132","DG(16:1_18:2)","DI-MS/MS","[H]\C(CCCCCC)=C(/[H])CCCCCCCC(=O)OC[C@]([H])(CO)OC(=O)CCCCCCC\C([H])=C(\[H])C\C([H])=C(\[H])CCCCC",590.9169,590.491025200,"Lineolic acids and derivatives","Internal Work"
"HMDB0007136","DG(16:1_20:0)","DI-MS/MS","[H][C@](CO)(COC(=O)CCCCCCC\C=C/CCCCCC)OC(=O)CCCCCCCCCCCCCCCCCCC",623.0019,622.553625500,"Diradylglycerols","Internal Work"
"HMDB0007049","DG(17:0_17:1)","DI-MS/MS","[H]\C(CCCC)=C(/[H])CCCCCCCC(=O)OC[C@]([H])(CO)OC(=O)CCCCCCCCCCCCCCCCCCC",594.9487,594.522325400,"Diradylglycerols","Internal Work"
"HMDB0295723","DG(17:0_18:1)","DI-MS/MS","CCCCCCCCCCCCCCCCC(=O)OC[C@H](CO)OC(=O)CCCCCCC\C=C/CC1OC1CCCCC",622.9720,622.517240000,"Diradylglycerols","Internal Work"
"HMDB0007165","DG(18:0_20:0)","DI-MS/MS","[H][C@](CO)(COC(=O)CCCCCCCCCCCCCCCCC)OC(=O)CCCCCCCCCCCCCCCCCCC",653.0709,652.600575700,"Diradylglycerols","Internal Work"
"HMDB0007188","DG(18:1_18:1)","DI-MS/MS","[H][C@](CO)(COC(=O)CCCCCCCCC\C=C/CCCCCC)OC(=O)CCCCCCCCC\C=C/CCCCCC",620.9860,620.537975400,"Diradylglycerols","Internal Work"
"HMDB0007190","DG(18:1_18:2)","DI-MS/MS","[H][C@](CO)(COC(=O)CCCCCCCCC\C=C/CCCCCC)OC(=O)CCCCCCC\C=C/C\C=C/CCCCC",618.9701,618.522325400,"Lineolic acids and derivatives","Internal Work"
"HMDB0007191","DG(18:1_18:3)","DI-MS/MS","[H][C@](CO)(COC(=O)CCCCCCCCC\C=C/CCCCCC)OC(=O)CCCC\C=C/C\C=C/C\C=C/CCCCC",616.9542,616.506675300,"Lineolic acids and derivatives","Internal Work"
"HMDB0007224","DG(18:1_20:1)","DI-MS/MS","[H][C@](CO)(COC(=O)CCCCCCC\C=C/CCCCCCCC)OC(=O)CCCCCCCCC\C=C/CCCCCCCC",649.0391,648.569275500,"Diradylglycerols","Internal Work"
"HMDB0007197","DG(18:1_20:3)","DI-MS/MS","[H][C@](CO)(COC(=O)CCCCCCCCC\C=C/CCCCCC)OC(=O)CCC\C=C/C\C=C/C\C=C/CCCCCCCCCC",673.0605,672.569275500,"Diradylglycerols","Internal Work"
"HMDB0007199","DG(18:1_20:4)","DI-MS/MS","[H][C@](CO)(COC(=O)CCCCCCCCC\C=C/CCCCCC)OC(=O)CCC\C=C/C\C=C/C\C=C/C\C=C/CCCCC",642.9915,642.522325400,"Diradylglycerols","Internal Work"
"HMDB0007208","DG(18:1_22:6)","DI-MS/MS","[H][C@](CO)(COC(=O)CCCCCCCCC\C=C/CCCCCC)OC(=O)CC\C=C/C\C=C/C\C=C/C\C=C/C\C=C/C\C=C/CC",667.0129,666.522325400,"Diradylglycerols","Internal Work"
"HMDB0007248","DG(18:2_18:2)","DI-MS/MS","[H][C@](CO)(COC(=O)CCCCCCC\C=C/C\C=C/CCCCC)OC(=O)CCCCCCC\C=C/C\C=C/CCCCC",616.9542,616.506675300,"Lineolic acids and derivatives","Internal Work"
"HMDB0007249","DG(18:2_18:3)","DI-MS/MS","[H][C@](CO)(COC(=O)CCCCCCC\C=C/C\C=C/CCCCC)OC(=O)CCCC\C=C/C\C=C/C\C=C/CCCCC",614.9383,614.491025200,"Lineolic acids and derivatives","Internal Work"
"HMDB0341550","DG(18:2_20:4)","DI-MS/MS","[H]\C(CCCCC)=C(\[H])C\C([H])=C(/[H])CCCCCCCC(=O)OC[C@]([H])(CO)OC(=O)CCC\C([H])=C(/[H])C\C([H])=C(/[H])C\C([H])=C(/[H])C\C([H])=C(/[H])CCCCC",640.9900,640.506675300,"Diradylglycerols","Internal Work"
"HMDB0341551","DG(18:3_20:2)","DI-MS/MS","[H]\C(CCCCC)=C(\[H])C\C([H])=C(/[H])CCCCCCCCCC(=O)O[C@@]([H])(CO)COC(=O)CCCC\C([H])=C(/[H])C\C([H])=C(/[H])C\C([H])=C(/[H])CCCCC",643.0060,642.522325400,"Diradylglycerols","Internal Work"
"HMDB0042076","TG(14:0_32:2)","DI-MS/MS","[H][C@](COC(=O)CCCCCCCCCCCCC)(COC(=O)CCCCCCC\C=C/C\C=C/CCCCC)OC(=O)CCCCCCCCCCCCC",775.2530,774.673740600,"Triradylcglycerols","Internal Work"
"HMDB0042065","TG(14:0_34:0)","DI-MS/MS","[H][C@](COC(=O)CCCCCCCCCCCCC)(COC(=O)CCCCCCCCCCCCCCCCCCC)OC(=O)CCCCCCCCCCCCC",807.3390,806.736340900,"Triradylcglycerols","Internal Work"
"HMDB0042072","TG(14:0_34:1)","DI-MS/MS","[H][C@](COC(=O)CCCCCCCCCCCCC)(COC(=O)CCCCCCCCC\C=C/CCCCCCCC)OC(=O)CCCCCCCCCCCCC",805.3230,804.720690800,"Triradylcglycerols","Internal Work"
"HMDB0042078","TG(14:0_34:2)","DI-MS/MS","[H][C@](COC(=O)CCCCCCCCCCCCC)(COC(=O)CCCCCCCCC\C=C/C\C=C/CCCCC)OC(=O)CCCCCCCCCCCCC",803.3070,802.705040700,"Triradylcglycerols","Internal Work"
"HMDB0042073","TG(14:0_34:3)","DI-MS/MS","[H][C@](COC(=O)CCCCCCCCCCCCC)(COC(=O)CCC\C=C/C\C=C/C\C=C/CCCCCCCC)OC(=O)CCCCCCCCCCCCC",801.2910,800.689390700,"Triradylcglycerols","Internal Work"
"HMDB0042102","TG(14:0_35:1)","DI-MS/MS","[H][C@](COC(=O)CCCCCCCCCCCCC)(COC(=O)CCCCCCCCC\C=C/CCCCCCCC)OC(=O)CCCCCCCCCCCCCC",819.3500,818.736340900,"Triradylcglycerols","Internal Work"
"HMDB0042108","TG(14:0_35:2)","DI-MS/MS","[H][C@](COC(=O)CCCCCCCCCCCCC)(COC(=O)CCCCCCCCC\C=C/C\C=C/CCCCC)OC(=O)CCCCCCCCCCCCCC",817.3340,816.720690800,"Triradylcglycerols","Internal Work"
"HMDB0042074","TG(14:0_36:1)","DI-MS/MS","[H][C@](COC(=O)CCCCCCCCCCCCC)(COC(=O)CCCCCCCCCCC\C=C/CCCCCCCC)OC(=O)CCCCCCCCCCCCC",833.3770,832.751990900,"Triradylcglycerols","Internal Work"
"HMDB0042081","TG(14:0_36:2)","DI-MS/MS","[H][C@](COC(=O)CCCCCCCCCCCCC)(COC(=O)CCCCCCCCCCC\C=C/C\C=C/CCCCC)OC(=O)CCCCCCCCCCCCC",831.3610,830.736340900,"Triradylcglycerols","Internal Work"
"HMDB0042133","TG(14:0_36:3)","DI-MS/MS","[H][C@](COC(=O)CCCCCCCCCCCCC)(COC(=O)CCC\C=C/C\C=C/C\C=C/CCCCCCCC)OC(=O)CCCCCCCCCCCCCCC",829.3450,828.720690800,"Triradylcglycerols","Internal Work"
"HMDB0042082","TG(14:0_36:4)","DI-MS/MS","[H][C@](COC(=O)CCCCCCCCCCCCC)(COC(=O)CCCCC\C=C/C\C=C/C\C=C/C\C=C/CCCCC)OC(=O)CCCCCCCCCCCCC",827.3290,826.705040700,"Triradylcglycerols","Internal Work"
"HMDB0042142","TG(14:0_38:4)","DI-MS/MS","[H][C@](COC(=O)CCCCCCCCCCCCC)(COC(=O)CCCCC\C=C/C\C=C/C\C=C/C\C=C/CCCCC)OC(=O)CCCCCCCCCCCCCCC",855.3830,854.736340900,"Triradylcglycerols","Internal Work"
"HMDB0042143","TG(14:0_38:5)","DI-MS/MS","[H][C@](COC(=O)CCCCCCCCCCCCC)(COC(=O)CC\C=C/C\C=C/C\C=C/C\C=C/C\C=C/CCCCC)OC(=O)CCCCCCCCCCCCCCC",853.3670,852.720690800,"Triradylcglycerols","Internal Work"
"HMDB0043834","TG(16:0_28:1)","DI-MS/MS","[H][C@](COC(=O)CCCCCCCCCCCCCCC)(COC(=O)CCCCCCC\C=C/CCCC)OC(=O)CCCCCCCCCCCCC",749.2150,748.658090600,"Triradylcglycerols","Internal Work"
"HMDB0044030","TG(16:0_28:2)","DI-MS/MS","[H][C@](COC(=O)CCCCCCCCCCCCCCC)(COC(=O)CCCCCCC\C=C/CCCC)OC(=O)CCCCCCC\C=C/CCCC",747.1990,746.642440500,"Triradylcglycerols","Internal Work"
"HMDB0044031","TG(16:0_30:2)","DI-MS/MS","[H][C@](COC(=O)CCCCCCCCCCCCCCC)(COC(=O)CCCCCCC\C=C/CCCCCC)OC(=O)CCCCCCC\C=C/CCCC",775.2530,774.673740600,"Triradylcglycerols","Internal Work"
"HMDB0005356","TG(16:0_32:0)","DI-MS/MS","[H]C(COC(=O)CCCCCCCCCCCCCCC)(COC(=O)CCCCCCCCCCCCCCC)OC(=O)CCCCCCCCCCCCCCC",807.3202,806.736340900,"Triradylcglycerols","Internal Work"
"HMDB0005359","TG(16:0_32:1)","DI-MS/MS","[H][C@](COC(=O)CCCCCCCCCCCCCCC)(COC(=O)CCCCCCC\C=C/CCCCCC)OC(=O)CCCCCCCCCCCCCCC",805.3230,804.720690800,"Triradylcglycerols","Internal Work"
"HMDB0005376","TG(16:0_32:2)","DI-MS/MS","[H][C@](COC(=O)CCCCCCCCCCCCCCC)(COC(=O)CCCCCCC\C=C/CCCCCC)OC(=O)CCCCCCC\C=C/CCCCCC",803.3070,802.705040700,"Triradylcglycerols","Internal Work"
"HMDB0043843","TG(16:0_32:3)","DI-MS/MS","[H][C@](COC(=O)CCCCCCCCCCCCCCC)(COC(=O)CCCC\C=C/C\C=C/C\C=C/CCCCC)OC(=O)CCCCCCCCCCCCC",801.2910,800.689390700,"Triradylcglycerols","Internal Work"
"HMDB0043864","TG(16:0_33:1)","DI-MS/MS","[H][C@](COC(=O)CCCCCCCCCCCCCCC)(COC(=O)CCCCCCCCC\C=C/CCCCCC)OC(=O)CCCCCCCCCCCCCC",819.3500,818.736340900,"Triradylcglycerols","Internal Work"
"HMDB0043870","TG(16:0_33:2)","DI-MS/MS","[H][C@](COC(=O)CCCCCCCCCCCCCCC)(COC(=O)CCCCCCC\C=C/C\C=C/CCCCC)OC(=O)CCCCCCCCCCCCCC",817.3340,816.720690800,"Triradylcglycerols","Internal Work"
"HMDB0005357","TG(16:0_34:0)","DI-MS/MS","[H][C@](COC(=O)CCCCCCCCCCCCCCC)(COC(=O)CCCCCCCCCCCCCCCCC)OC(=O)CCCCCCCCCCCCCCC",835.3930,834.767641000,"Triradylcglycerols","Internal Work"
"HMDB0005360","TG(16:0_34:1)","DI-MS/MS","[H][C@](COC(=O)CCCCCCCCCCCCCCC)(COC(=O)CCCCCCC\C=C/CCCCCCCC)OC(=O)CCCCCCCCCCCCCCC",833.3770,832.751990900,"Triradylcglycerols","Internal Work"
"HMDB0005362","TG(16:0_34:2)","DI-MS/MS","[H][C@](COC(=O)CCCCCCCCCCCCCCC)(COC(=O)CCCCCCC\C=C/C\C=C/CCCCC)OC(=O)CCCCCCCCCCCCCCC",831.3610,830.736340900,"Triradylcglycerols","Internal Work"
"HMDB0005379","TG(16:0_34:3)","DI-MS/MS","[H][C@](COC(=O)CCCCCCCCCCCCCCC)(COC(=O)CCCCCCC\C=C/C\C=C/CCCCC)OC(=O)CCCCCCC\C=C/CCCCCC",829.3450,828.720690800,"Triradylcglycerols","Internal Work"
"HMDB0043846","TG(16:0_34:4)","DI-MS/MS","[H][C@](COC(=O)CCCCCCCCCCCCCCC)(COC(=O)CCC\C=C/C\C=C/C\C=C/C\C=C/CCCCC)OC(=O)CCCCCCCCCCCCC",827.3290,826.705040700,"Triradylcglycerols","Internal Work"
"HMDB0043866","TG(16:0_35:1)","DI-MS/MS","[H][C@](COC(=O)CCCCCCCCCCCCCCC)(COC(=O)CCCCCCCCC\C=C/CCCCCCCC)OC(=O)CCCCCCCCCCCCCC",847.4040,846.767641000,"Triradylcglycerols","Internal Work"
"HMDB0043872","TG(16:0_35:2)","DI-MS/MS","[H][C@](COC(=O)CCCCCCCCCCCCCCC)(COC(=O)CCCCCCCCC\C=C/C\C=C/CCCCC)OC(=O)CCCCCCCCCCCCCC",845.3880,844.751990900,"Triradylcglycerols","Internal Work"
"HMDB0043867","TG(16:0_35:3)","DI-MS/MS","[H][C@](COC(=O)CCCCCCCCCCCCCCC)(COC(=O)CCC\C=C/C\C=C/C\C=C/CCCCCCCC)OC(=O)CCCCCCCCCCCCCC",843.3720,842.736340900,"Triradylcglycerols","Internal Work"
"HMDB0005369","TG(16:0_36:2)","DI-MS/MS","[H][C@](COC(=O)CCCCCCCCCCCCCCC)(COC(=O)CCCCCCC\C=C/C\C=C/CCCCC)OC(=O)CCCCCCCCCCCCCCCCC",859.4150,858.767641000,"Triradylcglycerols","Internal Work"
"HMDB0005384","TG(16:0_36:3)","DI-MS/MS","[H][C@](COC(=O)CCCCCCCCCCCCCCC)(COC(=O)CCCCCCC\C=C/C\C=C/CCCCC)OC(=O)CCCCCCC\C=C/CCCCCCCC",857.3990,856.751990900,"Triradylcglycerols","Internal Work"
"HMDB0005363","TG(16:0_36:4)","DI-MS/MS","[H][C@](COC(=O)CCCCCCCCCCCCCCC)(COC(=O)CCC\C=C/C\C=C/C\C=C/C\C=C/CCCCC)OC(=O)CCCCCCCCCCCCCCC",855.3830,854.736340900,"Triradylcglycerols","Internal Work"
"HMDB0005380","TG(16:0_36:5)","DI-MS/MS","[H][C@](COC(=O)CCCCCCCCCCCCCCC)(COC(=O)CCC\C=C/C\C=C/C\C=C/C\C=C/CCCCC)OC(=O)CCCCCCC\C=C/CCCCCC",853.3670,852.720690800,"Triradylcglycerols","Internal Work"
"HMDB0043855","TG(16:0_36:6)","DI-MS/MS","[H][C@](COC(=O)CCCCCCCCCCCCCCC)(COC(=O)CC\C=C/C\C=C/C\C=C/C\C=C/C\C=C/C\C=C/CC)OC(=O)CCCCCCCCCCCCC",851.3510,850.705040700,"Triradylcglycerols","Internal Work"
"HMDB0050323","TG(16:0_37:3)","DI-MS/MS","[H][C@](COC(=O)CCCCCCCCC\C=C/CCCCCCCC)(COC(=O)CCCCCCC\C=C/C\C=C/CCCCC)OC(=O)CCCCCCCCCCCCCC",871.4260,870.767641000,"Triradylcglycerols","Internal Work"
"HMDB0005368","TG(16:0_38:1)","DI-MS/MS","[H][C@](COC(=O)CCCCCCCCCCCCCCC)(COC(=O)CCCCCCCCC\C=C/CCCCCCCC)OC(=O)CCCCCCCCCCCCCCCCC",889.4850,888.814591200,"Triradylcglycerols","Internal Work"
"HMDB0005383","TG(16:0_38:2)","DI-MS/MS","[H][C@](COC(=O)CCCCCCCCCCCCCCC)(COC(=O)CCCCCCCCC\C=C/CCCCCCCC)OC(=O)CCCCCCC\C=C/CCCCCCCC",887.4690,886.798941100,"Triradylcglycerols","Internal Work"
"HMDB0005389","TG(16:0_38:3)","DI-MS/MS","[H][C@](COC(=O)CCCCCCCCCCCCCCC)(COC(=O)CCCCCCCCC\C=C/CCCCCCCC)OC(=O)CCCCCCC\C=C/C\C=C/CCCCC",885.4530,884.783291100,"Triradylcglycerols","Internal Work"
"HMDB0005370","TG(16:0_38:4)","DI-MS/MS","[H][C@](COC(=O)CCCCCCCCCCCCCCC)(COC(=O)CCC\C=C/C\C=C/C\C=C/C\C=C/CCCCC)OC(=O)CCCCCCCCCCCCCCCCC",883.4370,882.767641000,"Triradylcglycerols","Internal Work"
"HMDB0005385","TG(16:0_38:5)","DI-MS/MS","[H][C@](COC(=O)CCCCCCCCCCCCCCC)(COC(=O)CCC\C=C/C\C=C/C\C=C/C\C=C/CCCCC)OC(=O)CCCCCCC\C=C/CCCCCCCC",881.4210,880.751990900,"Triradylcglycerols","Internal Work"
"HMDB0005391","TG(16:0_38:6)","DI-MS/MS","[H][C@](COC(=O)CCCCCCCCCCCCCCC)(COC(=O)CCC\C=C/C\C=C/C\C=C/C\C=C/CCCCC)OC(=O)CCCCCCC\C=C/C\C=C/CCCCC",879.4050,878.736340900,"Triradylcglycerols","Internal Work"
"HMDB0044079","TG(16:0_38:7)","DI-MS/MS","[H]C(CC)=C([H])C\C([H])=C(\[H])CC([H])=C([H])C\C([H])=C(\[H])C\C([H])=C(\[H])C\C([H])=C(\[H])CCC(=O)OC[C@]([H])(COC(=O)CCCCCCCCCCCCCCC)OC(=O)CCCCCCC\C([H])=C(\[H])CCCCCC",877.3890,876.720690800,"Triradylcglycerols","Internal Work"
"HMDB0043939","TG(16:0_40:6)","DI-MS/MS","[H][C@](COC(=O)CCCCCCCCCCCCCCC)(COC(=O)CC\C=C/C\C=C/C\C=C/C\C=C/C\C=C/C\C=C/CC)OC(=O)CCCCCCCCCCCCCCCCC",907.4590,906.767641000,"Triradylcglycerols","Internal Work"
"HMDB0044107","TG(16:0_40:7)","DI-MS/MS","[H][C@](COC(=O)CCCCCCCCCCCCCCC)(COC(=O)CC\C=C/C\C=C/C\C=C/C\C=C/C\C=C/C\C=C/CC)OC(=O)CCCCCCCCC\C=C/CCCCCC",905.4430,904.751990900,"Triradylcglycerols","Internal Work"
"HMDB0005392","TG(16:0_40:8)","DI-MS/MS","[H][C@](COC(=O)CCCCCCCCCCCCCCC)(COC(=O)CCC\C=C/C\C=C/C\C=C/C\C=C/CCCCC)OC(=O)CCC\C=C/C\C=C/C\C=C/C\C=C/CCCCC",903.4270,902.736340900,"Triradylcglycerols","Internal Work"
"HMDB0042069","TG(16:1_28:0)","DI-MS/MS","[H][C@](COC(=O)CCCCCCCCCCCCC)(COC(=O)CCCCCCC\C=C/CCCCCC)OC(=O)CCCCCCCCCCCCC",749.2150,748.658090600,"Triradylcglycerols","Internal Work"
"HMDB0042076","TG(16:1_30:1)","DI-MS/MS","[H][C@](COC(=O)CCCCCCCCCCCCC)(COC(=O)CCCCCCC\C=C/C\C=C/CCCCC)OC(=O)CCCCCCCCCCCCC",775.2530,774.673740600,"Glycerolipids","Internal Work"
"HMDB0044726","TG(16:1_32:0)","DI-MS/MS","[H][C@](COC(=O)CCCCCCCCCCCCCCCCC)(COC(=O)CCCCCCC\C=C/CCCC)OC(=O)CCCCCCCCCCCCCCC",805.3230,804.720690800,"Triradylcglycerols","Internal Work"
"HMDB0005376","TG(16:1_32:1)","DI-MS/MS","[H][C@](COC(=O)CCCCCCCCCCCCCCC)(COC(=O)CCCCCCC\C=C/CCCCCC)OC(=O)CCCCCCC\C=C/CCCCCC",803.3070,802.705040700,"Glycerolipids","Internal Work"
"HMDB0042543","TG(16:1_32:2)","DI-MS/MS","[H][C@](COC(=O)CCCCCCCCCCCCC)(COC(=O)CCCCCCCCCCCCCCC)OC(=O)CCCC\C=C/C\C=C/C\C=C/CCCCC",801.2910,800.689390700,"Triradylcglycerols","Internal Work"
"HMDB0042976","TG(16:1_33:1)","DI-MS/MS","[H][C@](COC(=O)CCCCCCCCCCCCCC)(COC(=O)CCCCCCCCC\C=C/C\C=C/CCCCC)OC(=O)CCCCCCCCCCCCC",817.3340,816.720690800,"Triradylcglycerols","Internal Work"
"HMDB0005360","TG(16:1_34:0)","DI-MS/MS","[H][C@](COC(=O)CCCCCCCCCCCCCCC)(COC(=O)CCCCCCC\C=C/CCCCCCCC)OC(=O)CCCCCCCCCCCCCCC",833.3770,832.751990900,"Glycerolipids","Internal Work"
"HMDB0044249","TG(16:1_34:1)","DI-MS/MS","[H]C(COC(=O)CCCCCCCCCCCCCCC)(COC(=O)CCCCCCCCCCCCCCC)OC(=O)CCCCCCC\C=C/C\C=C/CCCCC",831.3610,830.736340900,"Triradylcglycerols","Internal Work"
"HMDB0005379","TG(16:1_34:2)","DI-MS/MS","[H][C@](COC(=O)CCCCCCCCCCCCCCC)(COC(=O)CCCCCCC\C=C/C\C=C/CCCCC)OC(=O)CCCCCCC\C=C/CCCCCC",829.3450,828.720690800,"Glycerolipids","Internal Work"
"HMDB0042633","TG(16:1_34:3)","DI-MS/MS","[H][C@](COC(=O)CCCCCCCCCCCCC)(COC(=O)CCCCCCCCCCCCCCC)OC(=O)CCC\C=C/C\C=C/C\C=C/C\C=C/CCCCC",827.3290,826.705040700,"Triradylcglycerols","Internal Work"
"HMDB0046458","TG(16:1_36:1)","DI-MS/MS","[H][C@](COC(=O)CCCCCCCCCCCCCCCCCCCCC)(COC(=O)CCCCCCC\C=C/CCCC)OC(=O)CCCCCCC\C=C/CCCCCC",859.3948,858.767641000,"Triradylcglycerols","Internal Work"
"HMDB0005384","TG(16:1_36:2)","DI-MS/MS","[H][C@](COC(=O)CCCCCCCCCCCCCCC)(COC(=O)CCCCCCC\C=C/C\C=C/CCCCC)OC(=O)CCCCCCC\C=C/CCCCCCCC",857.3990,856.751990900,"Glycerolipids","Internal Work"
"HMDB0005440","TG(16:1_36:3)","DI-MS/MS","[H][C@](COC(=O)CCCCCCC\C=C/CCCCCC)(COC(=O)CCCCCCC\C=C/C\C=C/CCCCC)OC(=O)CCCCCCC\C=C/CCCCCCCC",855.3830,854.736340900,"Triradylcglycerols","Internal Work"
"HMDB0055688","TG(16:1_36:4)","DI-MS/MS","[H][C@@](COCCCCCCCCCCCCCCCCCC)(COC(=O)CCC\C=C/C\C=C/C\C=C/C\C=C/C\C=C/CC)OC(=O)CCCCCCCCCCCCC",839.3840,838.741426300,"Triradylcglycerols","Internal Work"
"HMDB0048751","TG(16:1_36:5)","DI-MS/MS","[H][C@](COC(=O)CCCCCCC\C=C/CCCCCC)(COC(=O)CCCC\C=C/C\C=C/C\C=C/CCCCC)OC(=O)CCCCCCC\C=C/C\C=C/CCCCC",851.3510,850.705040700,"Triradylcglycerols","Internal Work"
"HMDB0005455","TG(16:1_38:3)","DI-MS/MS","[H][C@](COC(=O)CCCCCCC\C=C/CCCCCCCC)(COC(=O)CCCCCCC\C=C/C\C=C/CCCCC)OC(=O)CCCCCCC\C=C/CCCCCCCC",883.4370,882.767641000,"Triradylcglycerols","Internal Work"
"HMDB0046858","TG(16:1_38:4)","DI-MS/MS","[H][C@](COC(=O)CCCCCCCCCCCCCCCCCCCCC)(COC(=O)CCCCCCC\C=C/CCCC)OC(=O)CCCC\C=C/C\C=C/C\C=C/C\C=C/CC",881.4210,880.751990900,"Triradylcglycerols","Internal Work"
"HMDB0010418","TG(16:1_38:5)","DI-MS/MS","[H]C(CC)=C([H])CC([H])=C([H])CC([H])=C([H])C\C([H])=C(\[H])C\C([H])=C(\[H])C\C([H])=C(\[H])CCC(=O)OC[C@]([H])(COC(=O)CCCCCCCCCCCCCCC)OC(=O)CCCCCCCCCCCCCCC",879.4050,878.736340900,"Triradylcglycerols","Internal Work"
"HMDB0011713","TG(17:0_32:1)","DI-MS/MS","[H][C@@](COC(=O)CCCCCCCCCCCCC)(COC(=O)CCCCCCCCCCCCCC)OC(=O)CCCCCCCCC\C=C/CCCCCCCC",819.3500,818.736340900,"Triradylcglycerols","Internal Work"
"HMDB0049113","TG(17:0_34:1)","DI-MS/MS","[H][C@@](COCCCCCCCCCCCCCCCCCC)(COC(=O)CCCCCCCCC\C=C/CCCCCC)OC(=O)CCCCCCCCCCCCCC",833.4210,832.788376400,"Triradylcglycerols","Internal Work"
"HMDB0011700","TG(17:0_34:2)","DI-MS/MS","[H][C@](COC(=O)CCCCCCCCCCCCCC)(COC(=O)CCCCCCCCC\C=C/C\C=C/CCCCC)OC(=O)CCCCCCCCCCCCCCC",845.3880,844.751990900,"Triradylcglycerols","Internal Work"
"HMDB0011701","TG(17:0_34:3)","DI-MS/MS","[H][C@](COC(=O)CCCCCCCCCCCCCC)(COC(=O)CCCCCC\C=C/C\C=C/C\C=C/CCCCC)OC(=O)CCCCCCCCCCCCCCC",843.3720,842.736340900,"Triradylcglycerols","Internal Work"
"HMDB0050323","TG(17:0_36:3)","DI-MS/MS","[H][C@](COC(=O)CCCCCCCCC\C=C/CCCCCCCC)(COC(=O)CCCCCCC\C=C/C\C=C/CCCCC)OC(=O)CCCCCCCCCCCCCC",871.4260,870.767641000,"Glycerolipids","Internal Work"
"HMDB0055545","TG(17:0_36:4)","DI-MS/MS","[H][C@@](COCCCCCCCCCCCCCCCCCC)(COC(=O)CCCCCC\C=C/C\C=C/C\C=C/C\C=C/CC)OC(=O)CCCCCCCCCCCCCC",855.4270,854.772726400,"Triradylcglycerols","Internal Work"
"HMDB0042976","TG(17:1_32:1)","DI-MS/MS","[H][C@](COC(=O)CCCCCCCCCCCCCC)(COC(=O)CCCCCCCCC\C=C/C\C=C/CCCCC)OC(=O)CCCCCCCCCCCCC",817.3340,816.720690800,"Glycerolipids","Internal Work"
"HMDB0011700","TG(17:1_34:1)","DI-MS/MS","[H][C@](COC(=O)CCCCCCCCCCCCCC)(COC(=O)CCCCCCCCC\C=C/C\C=C/CCCCC)OC(=O)CCCCCCCCCCCCCCC",845.3880,844.751990900,"Glycerolipids","Internal Work"
"HMDB0011701","TG(17:1_34:2)","DI-MS/MS","[H][C@](COC(=O)CCCCCCCCCCCCCC)(COC(=O)CCCCCC\C=C/C\C=C/C\C=C/CCCCC)OC(=O)CCCCCCCCCCCCCCC",843.3720,842.736340900,"Glycerolipids","Internal Work"
"HMDB0011702","TG(17:1_34:3)","DI-MS/MS","[H][C@](COC(=O)CCCCCCCCCCCCCC)(COC(=O)CCC\C=C/C\C=C/C\C=C/C\C=C/CCCCC)OC(=O)CCCCCCCCCCCCCCC",841.3560,840.720690800,"Triradylcglycerols","Internal Work"
"HMDB0055545","TG(17:1_36:3)","DI-MS/MS","[H][C@@](COCCCCCCCCCCCCCCCCCC)(COC(=O)CCCCCC\C=C/C\C=C/C\C=C/C\C=C/CC)OC(=O)CCCCCCCCCCCCCC",855.4270,854.772726400,"Glycerolipids","Internal Work"
"HMDB0043044","TG(17:1_36:4)","DI-MS/MS","[H][C@](COC(=O)CCCCCCCCCCCCCC)(COC(=O)CCCCC\C=C/C\C=C/C\C=C/C\C=C/C\C=C/CC)OC(=O)CCCCCCCCCCCCCCC",867.3940,866.736340900,"Triradylcglycerols","Internal Work"
"HMDB0341552","TG(17:1_38:5)","DI-MS/MS",NULL,0.0000,0.000000000,"Glycerolipids","Internal Work"
"HMDB0341553","TG(17:1_38:6)","DI-MS/MS",NULL,0.0000,0.000000000,"Glycerolipids","Internal Work"
"HMDB0341554","TG(17:2_34:2)","DI-MS/MS",NULL,0.0000,0.000000000,"Glycerolipids","Internal Work"
"HMDB0341555","TG(17:2_36:2)","DI-MS/MS",NULL,0.0000,0.000000000,"Glycerolipids","Internal Work"
"HMDB0341556","TG(17:2_36:3)","DI-MS/MS",NULL,0.0000,0.000000000,"Glycerolipids","Internal Work"
"HMDB0341557","TG(17:2_36:4)","DI-MS/MS",NULL,0.0000,0.000000000,"Glycerolipids","Internal Work"
"HMDB0341558","TG(17:2_38:6)","DI-MS/MS",NULL,0.0000,0.000000000,"Glycerolipids","Internal Work"
"HMDB0107858","TG(18:0_30:0)","DI-MS/MS","[H][C@@](COC(=O)CCCCCCCCCCCCCCCCCCC(C)C)(COC(=O)CCCCCCCCCCCCCCC(C)C)OC(=O)CCCCCCC",807.3390,806.736340900,"Triradylcglycerols","Internal Work"
"HMDB0010426","TG(18:0_30:1)","DI-MS/MS","[H][C@](COC(=O)CCCCCCCCCCCCCCCCC)(COC(=O)CCCCCCC\C=C/CCCCCC)OC(=O)CCCCCCCCCCCCC",805.3230,804.720690800,"Triradylcglycerols","Internal Work"
"HMDB0010427","TG(18:0_32:0)","DI-MS/MS","[H]C(COC(=O)CCCCCCCCCCCCCCCCC)(COC(=O)CCCCCCCCCCCCCCCCC)OC(=O)CCCCCCCCCCCCC",835.3734,834.767641000,"Triradylcglycerols","Internal Work"
"HMDB0010428","TG(18:0_32:1)","DI-MS/MS","[H][C@](COC(=O)CCCCCCCCCCCCCCCCC)(COC(=O)CCCCCCCCC\C=C/CCCCCC)OC(=O)CCCCCCCCCCCCC",833.3770,832.751990900,"Triradylcglycerols","Internal Work"
"HMDB0010430","TG(18:0_32:2)","DI-MS/MS","[H][C@](COC(=O)CCCCCCCCCCCCCCCCC)(COC(=O)CCCCCCC\C=C/C\C=C/CCCCC)OC(=O)CCCCCCCCCCCCC",831.3610,830.736340900,"Triradylcglycerols","Internal Work"
"HMDB0044682","TG(18:0_34:2)","DI-MS/MS","[H][C@](COC(=O)CCCCCCCCCCCCCCCCC)(COC(=O)CCCCCCCCC\C=C/C\C=C/CCCCC)OC(=O)CCCCCCCCCCCCC",859.4150,858.767641000,"Triradylcglycerols","Internal Work"
"HMDB0010432","TG(18:0_34:3)","DI-MS/MS","[H][C@](COC(=O)CCCCCCCCCCCCCCCCC)(COC(=O)CCCCCCC\C=C/C\C=C/C\C=C/CC)OC(=O)CCCCCCCCCCCCCCC",857.3990,856.751990900,"Triradylcglycerols","Internal Work"
"HMDB0005395","TG(18:0_36:1)","DI-MS/MS","[H][C@](COC(=O)CCCCCCCCCCCCCCCCC)(COC(=O)CCCCCCC\C=C/CCCCCCCC)OC(=O)CCCCCCCCCCCCCCCCC",889.4850,888.814591200,"Triradylcglycerols","Internal Work"
"HMDB0005397","TG(18:0_36:2)","DI-MS/MS","[H][C@](COC(=O)CCCCCCCCCCCCCCCCC)(COC(=O)CCCCCCC\C=C/C\C=C/CCCCC)OC(=O)CCCCCCCCCCCCCCCCC",887.4690,886.798941100,"Triradylcglycerols","Internal Work"
"HMDB0005405","TG(18:0_36:3)","DI-MS/MS","[H][C@](COC(=O)CCCCCCCCCCCCCCCCC)(COC(=O)CCCCCCC\C=C/C\C=C/CCCCC)OC(=O)CCCCCCC\C=C/CCCCCCCC",885.4530,884.783291100,"Triradylcglycerols","Internal Work"
"HMDB0005411","TG(18:0_36:4)","DI-MS/MS","[H][C@](COC(=O)CCCCCCCCCCCCCCCCC)(COC(=O)CCCCCCC\C=C/C\C=C/CCCCC)OC(=O)CCCCCCC\C=C/C\C=C/CCCCC",883.4370,882.767641000,"Triradylcglycerols","Internal Work"
"HMDB0044687","TG(18:0_36:5)","DI-MS/MS","[H][C@](COC(=O)CCCCCCCCCCCCCCCCC)(COC(=O)CC\C=C/C\C=C/C\C=C/C\C=C/C\C=C/CCCCC)OC(=O)CCCCCCCCCCCCC",881.4210,880.751990900,"Triradylcglycerols","Internal Work"
"HMDB0005412","TG(18:0_38:6)","DI-MS/MS","[H][C@](COC(=O)CCCCCCCCCCCCCCCCC)(COC(=O)CCC\C=C/C\C=C/C\C=C/C\C=C/CCCCC)OC(=O)CCCCCCC\C=C/C\C=C/CCCCC",907.4590,906.767641000,"Triradylcglycerols","Internal Work"
"HMDB0044909","TG(18:0_38:7)","DI-MS/MS","[H][C@](COC(=O)CCCCCCCCCCCCCCCCC)(COC(=O)CC\C=C/C\C=C/C\C=C/C\C=C/C\C=C/C\C=C/CC)OC(=O)CCCCCCC\C=C/CCCCCC",905.4430,904.751990900,"Triradylcglycerols","Internal Work"
"HMDB0042069","TG(18:1_26:0)","DI-MS/MS","[H][C@](COC(=O)CCCCCCCCCCCCC)(COC(=O)CCCCCCC\C=C/CCCCCC)OC(=O)CCCCCCCCCCCCC",749.2150,748.658090600,"Glycerolipids","Internal Work"
"HMDB0042076","TG(18:1_28:1)","DI-MS/MS","[H][C@](COC(=O)CCCCCCCCCCCCC)(COC(=O)CCCCCCC\C=C/C\C=C/CCCCC)OC(=O)CCCCCCCCCCCCC",775.2530,774.673740600,"Glycerolipids","Internal Work"
"HMDB0044726","TG(18:1_30:0)","DI-MS/MS","[H][C@](COC(=O)CCCCCCCCCCCCCCCCC)(COC(=O)CCCCCCC\C=C/CCCC)OC(=O)CCCCCCCCCCCCCCC",805.3230,804.720690800,"Glycerolipids","Internal Work"
"HMDB0005376","TG(18:1_30:1)","DI-MS/MS","[H][C@](COC(=O)CCCCCCCCCCCCCCC)(COC(=O)CCCCCCC\C=C/CCCCCC)OC(=O)CCCCCCC\C=C/CCCCCC",803.3070,802.705040700,"Glycerolipids","Internal Work"
"HMDB0042543","TG(18:1_30:2)","DI-MS/MS","[H][C@](COC(=O)CCCCCCCCCCCCC)(COC(=O)CCCCCCCCCCCCCCC)OC(=O)CCCC\C=C/C\C=C/C\C=C/CCCCC",801.2910,800.689390700,"Glycerolipids","Internal Work"
"HMDB0011713","TG(18:1_31:0)","DI-MS/MS","[H][C@@](COC(=O)CCCCCCCCCCCCC)(COC(=O)CCCCCCCCCCCCCC)OC(=O)CCCCCCCCC\C=C/CCCCCCCC",819.3500,818.736340900,"Glycerolipids","Internal Work"
"HMDB0005360","TG(18:1_32:0)","DI-MS/MS","[H][C@](COC(=O)CCCCCCCCCCCCCCC)(COC(=O)CCCCCCC\C=C/CCCCCCCC)OC(=O)CCCCCCCCCCCCCCC",833.3770,832.751990900,"Glycerolipids","Internal Work"
"HMDB0044249","TG(18:1_32:1)","DI-MS/MS","[H]C(COC(=O)CCCCCCCCCCCCCCC)(COC(=O)CCCCCCCCCCCCCCC)OC(=O)CCCCCCC\C=C/C\C=C/CCCCC",831.3610,830.736340900,"Glycerolipids","Internal Work"
"HMDB0005379","TG(18:1_32:2)","DI-MS/MS","[H][C@](COC(=O)CCCCCCCCCCCCCCC)(COC(=O)CCCCCCC\C=C/C\C=C/CCCCC)OC(=O)CCCCCCC\C=C/CCCCCC",829.3450,828.720690800,"Glycerolipids","Internal Work"
"HMDB0042633","TG(18:1_32:3)","DI-MS/MS","[H][C@](COC(=O)CCCCCCCCCCCCC)(COC(=O)CCCCCCCCCCCCCCC)OC(=O)CCC\C=C/C\C=C/C\C=C/C\C=C/CCCCC",827.3290,826.705040700,"Glycerolipids","Internal Work"
"HMDB0049113","TG(18:1_33:0)","DI-MS/MS","[H][C@@](COCCCCCCCCCCCCCCCCCC)(COC(=O)CCCCCCCCC\C=C/CCCCCC)OC(=O)CCCCCCCCCCCCCC",833.4210,832.788376400,"Glycerolipids","Internal Work"
"HMDB0011700","TG(18:1_33:1)","DI-MS/MS","[H][C@](COC(=O)CCCCCCCCCCCCCC)(COC(=O)CCCCCCCCC\C=C/C\C=C/CCCCC)OC(=O)CCCCCCCCCCCCCCC",845.3880,844.751990900,"Glycerolipids","Internal Work"
"HMDB0011701","TG(18:1_33:2)","DI-MS/MS","[H][C@](COC(=O)CCCCCCCCCCCCCC)(COC(=O)CCCCCC\C=C/C\C=C/C\C=C/CCCCC)OC(=O)CCCCCCCCCCCCCCC",843.3720,842.736340900,"Glycerolipids","Internal Work"
"HMDB0341559","TG(18:1_33:3)","DI-MS/MS",NULL,0.0000,0.000000000,"Glycerolipids","Internal Work"
"HMDB0046458","TG(18:1_34:1)","DI-MS/MS","[H][C@](COC(=O)CCCCCCCCCCCCCCCCCCCCC)(COC(=O)CCCCCCC\C=C/CCCC)OC(=O)CCCCCCC\C=C/CCCCCC",859.3948,858.767641000,"Glycerolipids","Internal Work"
"HMDB0005384","TG(18:1_34:2)","DI-MS/MS","[H][C@](COC(=O)CCCCCCCCCCCCCCC)(COC(=O)CCCCCCC\C=C/C\C=C/CCCCC)OC(=O)CCCCCCC\C=C/CCCCCCCC",857.3990,856.751990900,"Glycerolipids","Internal Work"
"HMDB0005440","TG(18:1_34:3)","DI-MS/MS","[H][C@](COC(=O)CCCCCCC\C=C/CCCCCC)(COC(=O)CCCCCCC\C=C/C\C=C/CCCCC)OC(=O)CCCCCCC\C=C/CCCCCCCC",855.3830,854.736340900,"Glycerolipids","Internal Work"
"HMDB0055688","TG(18:1_34:4)","DI-MS/MS","[H][C@@](COCCCCCCCCCCCCCCCCCC)(COC(=O)CCC\C=C/C\C=C/C\C=C/C\C=C/C\C=C/CC)OC(=O)CCCCCCCCCCCCC",839.3840,838.741426300,"Glycerolipids","Internal Work"
"HMDB0050323","TG(18:1_35:2)","DI-MS/MS","[H][C@](COC(=O)CCCCCCCCC\C=C/CCCCCCCC)(COC(=O)CCCCCCC\C=C/C\C=C/CCCCC)OC(=O)CCCCCCCCCCCCCC",871.4260,870.767641000,"Glycerolipids","Internal Work"
"HMDB0055545","TG(18:1_35:3)","DI-MS/MS","[H][C@@](COCCCCCCCCCCCCCCCCCC)(COC(=O)CCCCCC\C=C/C\C=C/C\C=C/C\C=C/CC)OC(=O)CCCCCCCCCCCCCC",855.4270,854.772726400,"Glycerolipids","Internal Work"
"HMDB0005381","TG(18:1_36:0)","DI-MS/MS","[H][C@](COC(=O)CCCCCCCCCCCCCCC)(COC(=O)CCCCCCCCCCCCCCCCCCC)OC(=O)CCCCCCC\C=C/CCCCCCCC",889.4850,888.814591200,"Triradylcglycerols","Internal Work"
"HMDB0005437","TG(18:1_36:1)","DI-MS/MS","[H][C@@](COC(=O)CCCCCCCCCCCCCCCCCCC)(COC(=O)CCCCCCC\C=C/CCCCCC)OC(=O)CCCCCCC\C=C/CCCCCCCC",887.4690,886.798941100,"Triradylcglycerols","Internal Work"
"HMDB0045871","TG(18:1_36:2)","DI-MS/MS","[H][C@](COC(=O)CCCCCCCCCCCCCCCCCCC)(COC(=O)CCCCCCC\C=C/CCCCCC)OC(=O)CCCCCCC\C=C/C\C=C/CCCCC",885.4321,884.783291100,"Triradylcglycerols","Internal Work"
"HMDB0005455","TG(18:1_36:3)","DI-MS/MS","[H][C@](COC(=O)CCCCCCC\C=C/CCCCCCCC)(COC(=O)CCCCCCC\C=C/C\C=C/CCCCC)OC(=O)CCCCCCC\C=C/CCCCCCCC",883.4370,882.767641000,"Glycerolipids","Internal Work"
"HMDB0046858","TG(18:1_36:4)","DI-MS/MS","[H][C@](COC(=O)CCCCCCCCCCCCCCCCCCCCC)(COC(=O)CCCCCCC\C=C/CCCC)OC(=O)CCCC\C=C/C\C=C/C\C=C/C\C=C/CC",881.4210,880.751990900,"Glycerolipids","Internal Work"
"HMDB0010418","TG(18:1_36:5)","DI-MS/MS","[H]C(CC)=C([H])CC([H])=C([H])CC([H])=C([H])C\C([H])=C(\[H])C\C([H])=C(\[H])C\C([H])=C(\[H])CCC(=O)OC[C@]([H])(COC(=O)CCCCCCCCCCCCCCC)OC(=O)CCCCCCCCCCCCCCC",879.4050,878.736340900,"Glycerolipids","Internal Work"
"HMDB0005447","TG(18:1_36:6)","DI-MS/MS","[H][C@](COC(=O)CCCCCCC\C=C/CCCCCC)(COC(=O)CCC\C=C/C\C=C/C\C=C/C\C=C/CCCCC)OC(=O)CCCCCCC\C=C/C\C=C/CCCCC",877.3890,876.720690800,"Triradylcglycerols","Internal Work"
"HMDB0046908","TG(18:1_38:5)","DI-MS/MS","[H][C@](COC(=O)CCCCCCCCCCCCCCCCCCCCC)(COC(=O)CCCCCCC\C=C/CCCC)OC(=O)CCC\C=C/C\C=C/C\C=C/C\C=C/C\C=C/CC",907.4590,906.767641000,"Triradylcglycerols","Internal Work"
"HMDB0005462","TG(18:1_38:6)","DI-MS/MS","[H][C@](COC(=O)CCCCCCC\C=C/CCCCCCCC)(COC(=O)CCC\C=C/C\C=C/C\C=C/C\C=C/CCCCC)OC(=O)CCCCCCC\C=C/C\C=C/CCCCC",905.4430,904.751990900,"Triradylcglycerols","Internal Work"
"HMDB0005392","TG(18:1_38:7)","DI-MS/MS","[H][C@](COC(=O)CCCCCCCCCCCCCCC)(COC(=O)CCC\C=C/C\C=C/C\C=C/C\C=C/CCCCC)OC(=O)CCC\C=C/C\C=C/C\C=C/C\C=C/CCCCC",903.4270,902.736340900,"Glycerolipids","Internal Work"
"HMDB0042076","TG(18:2_28:0)","DI-MS/MS","[H][C@](COC(=O)CCCCCCCCCCCCC)(COC(=O)CCCCCCC\C=C/C\C=C/CCCCC)OC(=O)CCCCCCCCCCCCC",775.2530,774.673740600,"Glycerolipids","Internal Work"
"HMDB0005376","TG(18:2_30:0)","DI-MS/MS","[H][C@](COC(=O)CCCCCCCCCCCCCCC)(COC(=O)CCCCCCC\C=C/CCCCCC)OC(=O)CCCCCCC\C=C/CCCCCC",803.3070,802.705040700,"Glycerolipids","Internal Work"
"HMDB0042543","TG(18:2_30:1)","DI-MS/MS","[H][C@](COC(=O)CCCCCCCCCCCCC)(COC(=O)CCCCCCCCCCCCCCC)OC(=O)CCCC\C=C/C\C=C/C\C=C/CCCCC",801.2910,800.689390700,"Glycerolipids","Internal Work"
"HMDB0042976","TG(18:2_31:0)","DI-MS/MS","[H][C@](COC(=O)CCCCCCCCCCCCCC)(COC(=O)CCCCCCCCC\C=C/C\C=C/CCCCC)OC(=O)CCCCCCCCCCCCC",817.3340,816.720690800,"Glycerolipids","Internal Work"
"HMDB0044249","TG(18:2_32:0)","DI-MS/MS","[H]C(COC(=O)CCCCCCCCCCCCCCC)(COC(=O)CCCCCCCCCCCCCCC)OC(=O)CCCCCCC\C=C/C\C=C/CCCCC",831.3610,830.736340900,"Glycerolipids","Internal Work"
"HMDB0005379","TG(18:2_32:1)","DI-MS/MS","[H][C@](COC(=O)CCCCCCCCCCCCCCC)(COC(=O)CCCCCCC\C=C/C\C=C/CCCCC)OC(=O)CCCCCCC\C=C/CCCCCC",829.3450,828.720690800,"Glycerolipids","Internal Work"
"HMDB0042633","TG(18:2_32:2)","DI-MS/MS","[H][C@](COC(=O)CCCCCCCCCCCCC)(COC(=O)CCCCCCCCCCCCCCC)OC(=O)CCC\C=C/C\C=C/C\C=C/C\C=C/CCCCC",827.3290,826.705040700,"Glycerolipids","Internal Work"
"HMDB0011700","TG(18:2_33:0)","DI-MS/MS","[H][C@](COC(=O)CCCCCCCCCCCCCC)(COC(=O)CCCCCCCCC\C=C/C\C=C/CCCCC)OC(=O)CCCCCCCCCCCCCCC",845.3880,844.751990900,"Glycerolipids","Internal Work"
"HMDB0011701","TG(18:2_33:1)","DI-MS/MS","[H][C@](COC(=O)CCCCCCCCCCCCCC)(COC(=O)CCCCCC\C=C/C\C=C/C\C=C/CCCCC)OC(=O)CCCCCCCCCCCCCCC",843.3720,842.736340900,"Glycerolipids","Internal Work"
"HMDB0011702","TG(18:2_33:2)","DI-MS/MS","[H][C@](COC(=O)CCCCCCCCCCCCCC)(COC(=O)CCC\C=C/C\C=C/C\C=C/C\C=C/CCCCC)OC(=O)CCCCCCCCCCCCCCC",841.3560,840.720690800,"Glycerolipids","Internal Work"
"HMDB0046458","TG(18:2_34:0)","DI-MS/MS","[H][C@](COC(=O)CCCCCCCCCCCCCCCCCCCCC)(COC(=O)CCCCCCC\C=C/CCCC)OC(=O)CCCCCCC\C=C/CCCCCC",859.3948,858.767641000,"Glycerolipids","Internal Work"
"HMDB0005384","TG(18:2_34:1)","DI-MS/MS","[H][C@](COC(=O)CCCCCCCCCCCCCCC)(COC(=O)CCCCCCC\C=C/C\C=C/CCCCC)OC(=O)CCCCCCC\C=C/CCCCCCCC",857.3990,856.751990900,"Glycerolipids","Internal Work"
"HMDB0005440","TG(18:2_34:2)","DI-MS/MS","[H][C@](COC(=O)CCCCCCC\C=C/CCCCCC)(COC(=O)CCCCCCC\C=C/C\C=C/CCCCC)OC(=O)CCCCCCC\C=C/CCCCCCCC",855.3830,854.736340900,"Glycerolipids","Internal Work"
"HMDB0055688","TG(18:2_34:3)","DI-MS/MS","[H][C@@](COCCCCCCCCCCCCCCCCCC)(COC(=O)CCC\C=C/C\C=C/C\C=C/C\C=C/C\C=C/CC)OC(=O)CCCCCCCCCCCCC",839.3840,838.741426300,"Glycerolipids","Internal Work"
"HMDB0048751","TG(18:2_34:4)","DI-MS/MS","[H][C@](COC(=O)CCCCCCC\C=C/CCCCCC)(COC(=O)CCCC\C=C/C\C=C/C\C=C/CCCCC)OC(=O)CCCCCCC\C=C/C\C=C/CCCCC",851.3510,850.705040700,"Glycerolipids","Internal Work"
"HMDB0050323","TG(18:2_35:1)","DI-MS/MS","[H][C@](COC(=O)CCCCCCCCC\C=C/CCCCCCCC)(COC(=O)CCCCCCC\C=C/C\C=C/CCCCC)OC(=O)CCCCCCCCCCCCCC",871.4260,870.767641000,"Glycerolipids","Internal Work"
"HMDB0055545","TG(18:2_35:2)","DI-MS/MS","[H][C@@](COCCCCCCCCCCCCCCCCCC)(COC(=O)CCCCCC\C=C/C\C=C/C\C=C/C\C=C/CC)OC(=O)CCCCCCCCCCCCCC",855.4270,854.772726400,"Glycerolipids","Internal Work"
"HMDB0043044","TG(18:2_35:3)","DI-MS/MS","[H][C@](COC(=O)CCCCCCCCCCCCCC)(COC(=O)CCCCC\C=C/C\C=C/C\C=C/C\C=C/C\C=C/CC)OC(=O)CCCCCCCCCCCCCCC",867.3940,866.736340900,"Glycerolipids","Internal Work"
"HMDB0005437","TG(18:2_36:0)","DI-MS/MS","[H][C@@](COC(=O)CCCCCCCCCCCCCCCCCCC)(COC(=O)CCCCCCC\C=C/CCCCCC)OC(=O)CCCCCCC\C=C/CCCCCCCC",887.4690,886.798941100,"Glycerolipids","Internal Work"
"HMDB0045871","TG(18:2_36:1)","DI-MS/MS","[H][C@](COC(=O)CCCCCCCCCCCCCCCCCCC)(COC(=O)CCCCCCC\C=C/CCCCCC)OC(=O)CCCCCCC\C=C/C\C=C/CCCCC",885.4321,884.783291100,"Glycerolipids","Internal Work"
"HMDB0005455","TG(18:2_36:2)","DI-MS/MS","[H][C@](COC(=O)CCCCCCC\C=C/CCCCCCCC)(COC(=O)CCCCCCC\C=C/C\C=C/CCCCC)OC(=O)CCCCCCC\C=C/CCCCCCCC",883.4370,882.767641000,"Glycerolipids","Internal Work"
"HMDB0046858","TG(18:2_36:3)","DI-MS/MS","[H][C@](COC(=O)CCCCCCCCCCCCCCCCCCCCC)(COC(=O)CCCCCCC\C=C/CCCC)OC(=O)CCCC\C=C/C\C=C/C\C=C/C\C=C/CC",881.4210,880.751990900,"Glycerolipids","Internal Work"
"HMDB0010418","TG(18:2_36:4)","DI-MS/MS","[H]C(CC)=C([H])CC([H])=C([H])CC([H])=C([H])C\C([H])=C(\[H])C\C([H])=C(\[H])C\C([H])=C(\[H])CCC(=O)OC[C@]([H])(COC(=O)CCCCCCCCCCCCCCC)OC(=O)CCCCCCCCCCCCCCC",879.4050,878.736340900,"Glycerolipids","Internal Work"
"HMDB0005447","TG(18:2_36:5)","DI-MS/MS","[H][C@](COC(=O)CCCCCCC\C=C/CCCCCC)(COC(=O)CCC\C=C/C\C=C/C\C=C/C\C=C/CCCCC)OC(=O)CCCCCCC\C=C/C\C=C/CCCCC",877.3890,876.720690800,"Glycerolipids","Internal Work"
"HMDB0046908","TG(18:2_38:4)","DI-MS/MS","[H][C@](COC(=O)CCCCCCCCCCCCCCCCCCCCC)(COC(=O)CCCCCCC\C=C/CCCC)OC(=O)CCC\C=C/C\C=C/C\C=C/C\C=C/C\C=C/CC",907.4590,906.767641000,"Glycerolipids","Internal Work"
"HMDB0005462","TG(18:2_38:5)","DI-MS/MS","[H][C@](COC(=O)CCCCCCC\C=C/CCCCCCCC)(COC(=O)CCC\C=C/C\C=C/C\C=C/C\C=C/CCCCC)OC(=O)CCCCCCC\C=C/C\C=C/CCCCC",905.4430,904.751990900,"Glycerolipids","Internal Work"
"HMDB0005392","TG(18:2_38:6)","DI-MS/MS","[H][C@](COC(=O)CCCCCCCCCCCCCCC)(COC(=O)CCC\C=C/C\C=C/C\C=C/C\C=C/CCCCC)OC(=O)CCC\C=C/C\C=C/C\C=C/C\C=C/CCCCC",903.4270,902.736340900,"Glycerolipids","Internal Work"
"HMDB0042543","TG(18:3_30:0)","DI-MS/MS","[H][C@](COC(=O)CCCCCCCCCCCCC)(COC(=O)CCCCCCCCCCCCCCC)OC(=O)CCCC\C=C/C\C=C/C\C=C/CCCCC",801.2910,800.689390700,"Glycerolipids","Internal Work"
"HMDB0005379","TG(18:3_32:0)","DI-MS/MS","[H][C@](COC(=O)CCCCCCCCCCCCCCC)(COC(=O)CCCCCCC\C=C/C\C=C/CCCCC)OC(=O)CCCCCCC\C=C/CCCCCC",829.3450,828.720690800,"Glycerolipids","Internal Work"
"HMDB0042633","TG(18:3_32:1)","DI-MS/MS","[H][C@](COC(=O)CCCCCCCCCCCCC)(COC(=O)CCCCCCCCCCCCCCC)OC(=O)CCC\C=C/C\C=C/C\C=C/C\C=C/CCCCC",827.3290,826.705040700,"Glycerolipids","Internal Work"
"HMDB0341560","TG(18:3_33:2)","DI-MS/MS",NULL,0.0000,0.000000000,"Glycerolipids","Internal Work"
"HMDB0005384","TG(18:3_34:0)","DI-MS/MS","[H][C@](COC(=O)CCCCCCCCCCCCCCC)(COC(=O)CCCCCCC\C=C/C\C=C/CCCCC)OC(=O)CCCCCCC\C=C/CCCCCCCC",857.3990,856.751990900,"Glycerolipids","Internal Work"
"HMDB0005440","TG(18:3_34:1)","DI-MS/MS","[H][C@](COC(=O)CCCCCCC\C=C/CCCCCC)(COC(=O)CCCCCCC\C=C/C\C=C/CCCCC)OC(=O)CCCCCCC\C=C/CCCCCCCC",855.3830,854.736340900,"Glycerolipids","Internal Work"
"HMDB0055688","TG(18:3_34:2)","DI-MS/MS","[H][C@@](COCCCCCCCCCCCCCCCCCC)(COC(=O)CCC\C=C/C\C=C/C\C=C/C\C=C/C\C=C/CC)OC(=O)CCCCCCCCCCCCC",839.3840,838.741426300,"Glycerolipids","Internal Work"
"HMDB0048751","TG(18:3_34:3)","DI-MS/MS","[H][C@](COC(=O)CCCCCCC\C=C/CCCCCC)(COC(=O)CCCC\C=C/C\C=C/C\C=C/CCCCC)OC(=O)CCCCCCC\C=C/C\C=C/CCCCC",851.3510,850.705040700,"Glycerolipids","Internal Work"
"HMDB0341570","TG(18:3_35:2)","DI-MS/MS",NULL,0.0000,0.000000000,"Glycerolipids","Internal Work"
"HMDB0005455","TG(18:3_36:1)","DI-MS/MS","[H][C@](COC(=O)CCCCCCC\C=C/CCCCCCCC)(COC(=O)CCCCCCC\C=C/C\C=C/CCCCC)OC(=O)CCCCCCC\C=C/CCCCCCCC",883.4370,882.767641000,"Glycerolipids","Internal Work"
"HMDB0046858","TG(18:3_36:2)","DI-MS/MS","[H][C@](COC(=O)CCCCCCCCCCCCCCCCCCCCC)(COC(=O)CCCCCCC\C=C/CCCC)OC(=O)CCCC\C=C/C\C=C/C\C=C/C\C=C/CC",881.4210,880.751990900,"Glycerolipids","Internal Work"
"HMDB0010418","TG(18:3_36:3)","DI-MS/MS","[H]C(CC)=C([H])CC([H])=C([H])CC([H])=C([H])C\C([H])=C(\[H])C\C([H])=C(\[H])C\C([H])=C(\[H])CCC(=O)OC[C@]([H])(COC(=O)CCCCCCCCCCCCCCC)OC(=O)CCCCCCCCCCCCCCC",879.4050,878.736340900,"Glycerolipids","Internal Work"
"HMDB0005447","TG(18:3_36:4)","DI-MS/MS","[H][C@](COC(=O)CCCCCCC\C=C/CCCCCC)(COC(=O)CCC\C=C/C\C=C/C\C=C/C\C=C/CCCCC)OC(=O)CCCCCCC\C=C/C\C=C/CCCCC",877.3890,876.720690800,"Glycerolipids","Internal Work"
"HMDB0005392","TG(18:3_38:5)","DI-MS/MS","[H][C@](COC(=O)CCCCCCCCCCCCCCC)(COC(=O)CCC\C=C/C\C=C/C\C=C/C\C=C/CCCCC)OC(=O)CCC\C=C/C\C=C/C\C=C/C\C=C/CCCCC",903.4270,902.736340900,"Glycerolipids","Internal Work"
"HMDB0010493","TG(18:3_38:6)","DI-MS/MS","[H][C@](COC(=O)CCCCCCC\C=C/C\C=C/CCCCC)(COC(=O)CCC\C=C/C\C=C/C\C=C/C\C=C/C\C=C/CC)OC(=O)CCCCCCC\C=C/C\C=C/CCCCC",901.4110,900.720690800,"Triradylcglycerols","Internal Work"
"HMDB0045489","TG(20:0_32:3)","DI-MS/MS","[H][C@](COC(=O)CCCCCCCCCCCCCCCCCCC)(COC(=O)CCCC\C=C/C\C=C/C\C=C/CCCCC)OC(=O)CCCCCCCCCCCCC",857.3990,856.751990900,"Triradylcglycerols","Internal Work"
"HMDB0045497","TG(20:0_32:4)","DI-MS/MS","[H][C@](COC(=O)CCCCCCCCCCCCCCCCCCC)(COC(=O)CCCC\C=C/C\C=C/C\C=C/C\C=C/CC)OC(=O)CCCCCCCCCCCCC",855.3830,854.736340900,"Triradylcglycerols","Internal Work"
"HMDB0045484","TG(20:0_34:1)","DI-MS/MS","[H][C@](COC(=O)CCCCCCCCCCCCCCCCCCC)(COC(=O)CCCCCCCCC\C=C/CCCCCCCC)OC(=O)CCCCCCCCCCCCC",889.4850,888.814591200,"Triradylcglycerols","Internal Work"
"HMDB0341531","TG(20:1_24:3)","DI-MS/MS",NULL,743.1670,742.611140400,"Glycerolipids","Internal Work"
"HMDB0042076","TG(20:1_26:1)","DI-MS/MS","[H][C@](COC(=O)CCCCCCCCCCCCC)(COC(=O)CCCCCCC\C=C/C\C=C/CCCCC)OC(=O)CCCCCCCCCCCCC",775.2530,774.673740600,"Glycerolipids","Internal Work"
"HMDB0044249","TG(20:1_30:1)","DI-MS/MS","[H]C(COC(=O)CCCCCCCCCCCCCCC)(COC(=O)CCCCCCCCCCCCCCC)OC(=O)CCCCCCC\C=C/C\C=C/CCCCC",831.3610,830.736340900,"Glycerolipids","Internal Work"
"HMDB0049113","TG(20:1_31:0)","DI-MS/MS","[H][C@@](COCCCCCCCCCCCCCCCCCC)(COC(=O)CCCCCCCCC\C=C/CCCCCC)OC(=O)CCCCCCCCCCCCCC",833.4210,832.788376400,"Glycerolipids","Internal Work"
"HMDB0005367","TG(20:1_32:1)","DI-MS/MS","[H][C@](COC(=O)CCCCCCCCCCCCCCC)(COC(=O)CCCCCCC\C=C/CCCCCCCC)OC(=O)CCCCCCCCCCCCCCCCC",861.4310,860.783291100,"Triradylcglycerols","Internal Work"
"HMDB0046458","TG(20:1_32:2)","DI-MS/MS","[H][C@](COC(=O)CCCCCCCCCCCCCCCCCCCCC)(COC(=O)CCCCCCC\C=C/CCCC)OC(=O)CCCCCCC\C=C/CCCCCC",859.3948,858.767641000,"Glycerolipids","Internal Work"
"HMDB0005384","TG(20:1_32:3)","DI-MS/MS","[H][C@](COC(=O)CCCCCCCCCCCCCCC)(COC(=O)CCCCCCC\C=C/C\C=C/CCCCC)OC(=O)CCCCCCC\C=C/CCCCCCCC",857.3990,856.751990900,"Glycerolipids","Internal Work"
"HMDB0005381","TG(20:1_34:0)","DI-MS/MS","[H][C@](COC(=O)CCCCCCCCCCCCCCC)(COC(=O)CCCCCCCCCCCCCCCCCCC)OC(=O)CCCCCCC\C=C/CCCCCCCC",889.4850,888.814591200,"Glycerolipids","Internal Work"
"HMDB0005437","TG(20:1_34:1)","DI-MS/MS","[H][C@@](COC(=O)CCCCCCCCCCCCCCCCCCC)(COC(=O)CCCCCCC\C=C/CCCCCC)OC(=O)CCCCCCC\C=C/CCCCCCCC",887.4690,886.798941100,"Glycerolipids","Internal Work"
"HMDB0045871","TG(20:1_34:2)","DI-MS/MS","[H][C@](COC(=O)CCCCCCCCCCCCCCCCCCC)(COC(=O)CCCCCCC\C=C/CCCCCC)OC(=O)CCCCCCC\C=C/C\C=C/CCCCC",885.4321,884.783291100,"Glycerolipids","Internal Work"
"HMDB0005455","TG(20:1_34:3)","DI-MS/MS","[H][C@](COC(=O)CCCCCCC\C=C/CCCCCCCC)(COC(=O)CCCCCCC\C=C/C\C=C/CCCCC)OC(=O)CCCCCCC\C=C/CCCCCCCC",883.4370,882.767641000,"Glycerolipids","Internal Work"
"HMDB0046458","TG(20:2_32:0)","DI-MS/MS","[H][C@](COC(=O)CCCCCCCCCCCCCCCCCCCCC)(COC(=O)CCCCCCC\C=C/CCCC)OC(=O)CCCCCCC\C=C/CCCCCC",859.3948,858.767641000,"Glycerolipids","Internal Work"
"HMDB0005384","TG(20:2_32:1)","DI-MS/MS","[H][C@](COC(=O)CCCCCCCCCCCCCCC)(COC(=O)CCCCCCC\C=C/C\C=C/CCCCC)OC(=O)CCCCCCC\C=C/CCCCCCCC",857.3990,856.751990900,"Glycerolipids","Internal Work"
"HMDB0045871","TG(20:2_34:1)","DI-MS/MS","[H][C@](COC(=O)CCCCCCCCCCCCCCCCCCC)(COC(=O)CCCCCCC\C=C/CCCCCC)OC(=O)CCCCCCC\C=C/C\C=C/CCCCC",885.4321,884.783291100,"Glycerolipids","Internal Work"
"HMDB0005455","TG(20:2_34:2)","DI-MS/MS","[H][C@](COC(=O)CCCCCCC\C=C/CCCCCCCC)(COC(=O)CCCCCCC\C=C/C\C=C/CCCCC)OC(=O)CCCCCCC\C=C/CCCCCCCC",883.4370,882.767641000,"Glycerolipids","Internal Work"
"HMDB0046858","TG(20:2_34:3)","DI-MS/MS","[H][C@](COC(=O)CCCCCCCCCCCCCCCCCCCCC)(COC(=O)CCCCCCC\C=C/CCCC)OC(=O)CCCC\C=C/C\C=C/C\C=C/C\C=C/CC",881.4210,880.751990900,"Glycerolipids","Internal Work"
"HMDB0005384","TG(20:3_32:0)","DI-MS/MS","[H][C@](COC(=O)CCCCCCCCCCCCCCC)(COC(=O)CCCCCCC\C=C/C\C=C/CCCCC)OC(=O)CCCCCCC\C=C/CCCCCCCC",857.3990,856.751990900,"Glycerolipids","Internal Work"
"HMDB0005440","TG(20:3_32:1)","DI-MS/MS","[H][C@](COC(=O)CCCCCCC\C=C/CCCCCC)(COC(=O)CCCCCCC\C=C/C\C=C/CCCCC)OC(=O)CCCCCCC\C=C/CCCCCCCC",855.3830,854.736340900,"Glycerolipids","Internal Work"
"HMDB0055688","TG(20:3_32:2)","DI-MS/MS","[H][C@@](COCCCCCCCCCCCCCCCCCC)(COC(=O)CCC\C=C/C\C=C/C\C=C/C\C=C/C\C=C/CC)OC(=O)CCCCCCCCCCCCC",839.3840,838.741426300,"Glycerolipids","Internal Work"
"HMDB0045871","TG(20:3_34:0)","DI-MS/MS","[H][C@](COC(=O)CCCCCCCCCCCCCCCCCCC)(COC(=O)CCCCCCC\C=C/CCCCCC)OC(=O)CCCCCCC\C=C/C\C=C/CCCCC",885.4321,884.783291100,"Glycerolipids","Internal Work"
"HMDB0005455","TG(20:3_34:1)","DI-MS/MS","[H][C@](COC(=O)CCCCCCC\C=C/CCCCCCCC)(COC(=O)CCCCCCC\C=C/C\C=C/CCCCC)OC(=O)CCCCCCC\C=C/CCCCCCCC",883.4370,882.767641000,"Glycerolipids","Internal Work"
"HMDB0046858","TG(20:3_34:2)","DI-MS/MS","[H][C@](COC(=O)CCCCCCCCCCCCCCCCCCCCC)(COC(=O)CCCCCCC\C=C/CCCC)OC(=O)CCCC\C=C/C\C=C/C\C=C/C\C=C/CC",881.4210,880.751990900,"Glycerolipids","Internal Work"
"HMDB0010418","TG(20:3_34:3)","DI-MS/MS","[H]C(CC)=C([H])CC([H])=C([H])CC([H])=C([H])C\C([H])=C(\[H])C\C([H])=C(\[H])C\C([H])=C(\[H])CCC(=O)OC[C@]([H])(COC(=O)CCCCCCCCCCCCCCC)OC(=O)CCCCCCCCCCCCCCC",879.4050,878.736340900,"Glycerolipids","Internal Work"
"HMDB0046908","TG(20:3_36:3)","DI-MS/MS","[H][C@](COC(=O)CCCCCCCCCCCCCCCCCCCCC)(COC(=O)CCCCCCC\C=C/CCCC)OC(=O)CCC\C=C/C\C=C/C\C=C/C\C=C/C\C=C/CC",907.4590,906.767641000,"Glycerolipids","Internal Work"
"HMDB0005462","TG(20:3_36:4)","DI-MS/MS","[H][C@](COC(=O)CCCCCCC\C=C/CCCCCCCC)(COC(=O)CCC\C=C/C\C=C/C\C=C/C\C=C/CCCCC)OC(=O)CCCCCCC\C=C/C\C=C/CCCCC",905.4430,904.751990900,"Glycerolipids","Internal Work"
"HMDB0341561","TG(20:3_36:5)","DI-MS/MS",NULL,0.0000,0.000000000,"Glycerolipids","Internal Work"
"HMDB0042633","TG(20:4_30:0)","DI-MS/MS","[H][C@](COC(=O)CCCCCCCCCCCCC)(COC(=O)CCCCCCCCCCCCCCC)OC(=O)CCC\C=C/C\C=C/C\C=C/C\C=C/CCCCC",827.3290,826.705040700,"Glycerolipids","Internal Work"
"HMDB0005440","TG(20:4_32:0)","DI-MS/MS","[H][C@](COC(=O)CCCCCCC\C=C/CCCCCC)(COC(=O)CCCCCCC\C=C/C\C=C/CCCCC)OC(=O)CCCCCCC\C=C/CCCCCCCC",855.3830,854.736340900,"Glycerolipids","Internal Work"
"HMDB0055688","TG(20:4_32:1)","DI-MS/MS","[H][C@@](COCCCCCCCCCCCCCCCCCC)(COC(=O)CCC\C=C/C\C=C/C\C=C/C\C=C/C\C=C/CC)OC(=O)CCCCCCCCCCCCC",839.3840,838.741426300,"Glycerolipids","Internal Work"
"HMDB0048751","TG(20:4_32:2)","DI-MS/MS","[H][C@](COC(=O)CCCCCCC\C=C/CCCCCC)(COC(=O)CCCC\C=C/C\C=C/C\C=C/CCCCC)OC(=O)CCCCCCC\C=C/C\C=C/CCCCC",851.3510,850.705040700,"Glycerolipids","Internal Work"
"HMDB0341562","TG(20:4_33:2)","DI-MS/MS",NULL,0.0000,0.000000000,"Glycerolipids","Internal Work"
"HMDB0005455","TG(20:4_34:0)","DI-MS/MS","[H][C@](COC(=O)CCCCCCC\C=C/CCCCCCCC)(COC(=O)CCCCCCC\C=C/C\C=C/CCCCC)OC(=O)CCCCCCC\C=C/CCCCCCCC",883.4370,882.767641000,"Glycerolipids","Internal Work"
"HMDB0046858","TG(20:4_34:1)","DI-MS/MS","[H][C@](COC(=O)CCCCCCCCCCCCCCCCCCCCC)(COC(=O)CCCCCCC\C=C/CCCC)OC(=O)CCCC\C=C/C\C=C/C\C=C/C\C=C/CC",881.4210,880.751990900,"Glycerolipids","Internal Work"
"HMDB0010418","TG(20:4_34:2)","DI-MS/MS","[H]C(CC)=C([H])CC([H])=C([H])CC([H])=C([H])C\C([H])=C(\[H])C\C([H])=C(\[H])C\C([H])=C(\[H])CCC(=O)OC[C@]([H])(COC(=O)CCCCCCCCCCCCCCC)OC(=O)CCCCCCCCCCCCCCC",879.4050,878.736340900,"Glycerolipids","Internal Work"
"HMDB0005447","TG(20:4_34:3)","DI-MS/MS","[H][C@](COC(=O)CCCCCCC\C=C/CCCCCC)(COC(=O)CCC\C=C/C\C=C/C\C=C/C\C=C/CCCCC)OC(=O)CCCCCCC\C=C/C\C=C/CCCCC",877.3890,876.720690800,"Glycerolipids","Internal Work"
"HMDB0341563","TG(20:4_35:3)","DI-MS/MS",NULL,0.0000,0.000000000,"Glycerolipids","Internal Work"
"HMDB0046908","TG(20:4_36:2)","DI-MS/MS","[H][C@](COC(=O)CCCCCCCCCCCCCCCCCCCCC)(COC(=O)CCCCCCC\C=C/CCCC)OC(=O)CCC\C=C/C\C=C/C\C=C/C\C=C/C\C=C/CC",907.4590,906.767641000,"Glycerolipids","Internal Work"
"HMDB0005462","TG(20:4_36:3)","DI-MS/MS","[H][C@](COC(=O)CCCCCCC\C=C/CCCCCCCC)(COC(=O)CCC\C=C/C\C=C/C\C=C/C\C=C/CCCCC)OC(=O)CCCCCCC\C=C/C\C=C/CCCCC",905.4430,904.751990900,"Glycerolipids","Internal Work"
"HMDB0005392","TG(20:4_36:4)","DI-MS/MS","[H][C@](COC(=O)CCCCCCCCCCCCCCC)(COC(=O)CCC\C=C/C\C=C/C\C=C/C\C=C/CCCCC)OC(=O)CCC\C=C/C\C=C/C\C=C/C\C=C/CCCCC",903.4270,902.736340900,"Glycerolipids","Internal Work"
"HMDB0046858","TG(20:5_34:0)","DI-MS/MS","[H][C@](COC(=O)CCCCCCCCCCCCCCCCCCCCC)(COC(=O)CCCCCCC\C=C/CCCC)OC(=O)CCCC\C=C/C\C=C/C\C=C/C\C=C/CC",881.4210,880.751990900,"Glycerolipids","Internal Work"
"HMDB0010418","TG(20:5_34:1)","DI-MS/MS","[H]C(CC)=C([H])CC([H])=C([H])CC([H])=C([H])C\C([H])=C(\[H])C\C([H])=C(\[H])C\C([H])=C(\[H])CCC(=O)OC[C@]([H])(COC(=O)CCCCCCCCCCCCCCC)OC(=O)CCCCCCCCCCCCCCC",879.4050,878.736340900,"Glycerolipids","Internal Work"
"HMDB0005447","TG(20:5_34:2)","DI-MS/MS","[H][C@](COC(=O)CCCCCCC\C=C/CCCCCC)(COC(=O)CCC\C=C/C\C=C/C\C=C/C\C=C/CCCCC)OC(=O)CCCCCCC\C=C/C\C=C/CCCCC",877.3890,876.720690800,"Glycerolipids","Internal Work"
"HMDB0005462","TG(20:5_36:2)","DI-MS/MS","[H][C@](COC(=O)CCCCCCC\C=C/CCCCCCCC)(COC(=O)CCC\C=C/C\C=C/C\C=C/C\C=C/CCCCC)OC(=O)CCCCCCC\C=C/C\C=C/CCCCC",905.4430,904.751990900,"Glycerolipids","Internal Work"
"HMDB0005392","TG(20:5_36:3)","DI-MS/MS","[H][C@](COC(=O)CCCCCCCCCCCCCCC)(COC(=O)CCC\C=C/C\C=C/C\C=C/C\C=C/CCCCC)OC(=O)CCC\C=C/C\C=C/C\C=C/C\C=C/CCCCC",903.4270,902.736340900,"Glycerolipids","Internal Work"
"HMDB0341564","TG(22:0_32:4)","DI-MS/MS",NULL,0.0000,0.000000000,"Glycerolipids","Internal Work"
"HMDB0341565","TG(22:2_32:4)","DI-MS/MS",NULL,0.0000,0.000000000,"Glycerolipids","Internal Work"
"HMDB0341566","TG(22:3_30:2)","DI-MS/MS",NULL,0.0000,0.000000000,"Glycerolipids","Internal Work"
"HMDB0341567","TG(22:4_32:0)","DI-MS/MS",NULL,0.0000,0.000000000,"Glycerolipids","Internal Work"
"HMDB0046908","TG(22:4_34:2)","DI-MS/MS","[H][C@](COC(=O)CCCCCCCCCCCCCCCCCCCCC)(COC(=O)CCCCCCC\C=C/CCCC)OC(=O)CCC\C=C/C\C=C/C\C=C/C\C=C/C\C=C/CC",907.4590,906.767641000,"Glycerolipids","Internal Work"
"HMDB0055688","TG(22:5_32:0)","DI-MS/MS","[H][C@@](COCCCCCCCCCCCCCCCCCC)(COC(=O)CCC\C=C/C\C=C/C\C=C/C\C=C/C\C=C/CC)OC(=O)CCCCCCCCCCCCC",839.3840,838.741426300,"Glycerolipids","Internal Work"
"HMDB0048751","TG(22:5_32:1)","DI-MS/MS","[H][C@](COC(=O)CCCCCCC\C=C/CCCCCC)(COC(=O)CCCC\C=C/C\C=C/C\C=C/CCCCC)OC(=O)CCCCCCC\C=C/C\C=C/CCCCC",851.3510,850.705040700,"Glycerolipids","Internal Work"
"HMDB0046908","TG(22:5_34:1)","DI-MS/MS","[H][C@](COC(=O)CCCCCCCCCCCCCCCCCCCCC)(COC(=O)CCCCCCC\C=C/CCCC)OC(=O)CCC\C=C/C\C=C/C\C=C/C\C=C/C\C=C/CC",907.4590,906.767641000,"Glycerolipids","Internal Work"
"HMDB0005462","TG(22:5_34:2)","DI-MS/MS","[H][C@](COC(=O)CCCCCCC\C=C/CCCCCCCC)(COC(=O)CCC\C=C/C\C=C/C\C=C/C\C=C/CCCCC)OC(=O)CCCCCCC\C=C/C\C=C/CCCCC",905.4430,904.751990900,"Glycerolipids","Internal Work"
"HMDB0341568","TG(22:5_34:3)","DI-MS/MS",NULL,0.0000,0.000000000,"Glycerolipids","Internal Work"
"HMDB0010418","TG(22:6_32:0)","DI-MS/MS","[H]C(CC)=C([H])CC([H])=C([H])CC([H])=C([H])C\C([H])=C(\[H])C\C([H])=C(\[H])C\C([H])=C(\[H])CCC(=O)OC[C@]([H])(COC(=O)CCCCCCCCCCCCCCC)OC(=O)CCCCCCCCCCCCCCC",879.4050,878.736340900,"Glycerolipids","Internal Work"
"HMDB0005447","TG(22:6_32:1)","DI-MS/MS","[H][C@](COC(=O)CCCCCCC\C=C/CCCCCC)(COC(=O)CCC\C=C/C\C=C/C\C=C/C\C=C/CCCCC)OC(=O)CCCCCCC\C=C/C\C=C/CCCCC",877.3890,876.720690800,"Glycerolipids","Internal Work"
"HMDB0005462","TG(22:6_34:1)","DI-MS/MS","[H][C@](COC(=O)CCCCCCC\C=C/CCCCCCCC)(COC(=O)CCC\C=C/C\C=C/C\C=C/C\C=C/CCCCC)OC(=O)CCCCCCC\C=C/C\C=C/CCCCC",905.4430,904.751990900,"Glycerolipids","Internal Work"
"HMDB0005392","TG(22:6_34:2)","DI-MS/MS","[H][C@](COC(=O)CCCCCCCCCCCCCCC)(COC(=O)CCC\C=C/C\C=C/C\C=C/C\C=C/CCCCC)OC(=O)CCC\C=C/C\C=C/C\C=C/C\C=C/CCCCC",903.4270,902.736340900,"Glycerolipids","Internal Work"
"HMDB0341569","TG(22:6_34:3)","DI-MS/MS",NULL,0.0000,0.000000000,"Glycerolipids","Internal Work"
