normalized_name,ghosh_chemical_name,ghosh_chem_id,ghosh_super_pathway,ghosh_sub_pathway,ghosh_nr_cohorts_present,ghosh_max_missingness,ghosh_percent_missing_MDCS,ghosh_percent_missing_PIVUS,ghosh_percent_missing_POEM,ghosh_percent_missing_SCAPIS_M,ghosh_percent_missing_SCAPIS_U,ghosh_all5_cohorts,ghosh_core_50pct,source_ghosh_2024
s-1-pyrroline-5-carboxylate,S-1-pyrroline-5-carboxylate,35,Amino Acid,Glutamate Metabolism,5,7.220216606,0.369344414,,,0.0241955,7.220216606,TRUE,TRUE,TRUE
spermidine,spermidine,50,Amino Acid,Polyamine Metabolism,5,3.78578024,3.78578024,,0.598802395,0.217759497,3.610108303,TRUE,TRUE,TRUE
1-methylnicotinamide,1-methylnicotinamide,55,Cofactors and Vitamins,Nicotinate and Nicotinamide Metabolism,5,0.0241955,,,,0.0241955,0.020056157,TRUE,TRUE,TRUE
12 13-dihome,12 13-DiHOME,62,Lipid,Fatty Acid	 Dihydroxy,3,14.86611265,14.86611265,NA,NA,14.03338979,9.466506217,FALSE,FALSE,TRUE
alpha-ketoglutarate,alpha-ketoglutarate,93,Energy,TCA Cycle,5,0.020056157,,,,,0.020056157,TRUE,TRUE,TRUE
kynurenate,kynurenate,98,Amino Acid,Tryptophan Metabolism,5,0.0923,0.0923,,,0.072586499,0.040112314,TRUE,TRUE,TRUE
3-hydroxyisobutyrate,3-hydroxyisobutyrate,111,Amino Acid,Leucine	 Isoleucine and Valine Metabolism,5,7.185628743,0.923361034,3.980099502,7.185628743,1.30655698,1.444043321,TRUE,TRUE,TRUE
3-hydroxy-3-methylglutarate,3-hydroxy-3-methylglutarate,112,Lipid,Mevalonate Metabolism,5,1.292705448,1.292705448,0.829187396,,0.919428986,0.020056157,TRUE,TRUE,TRUE
homovanillate (hva),homovanillate (HVA),117,Amino Acid,Tyrosine Metabolism,4,11.71279583,NA,1.160862355,6.986027944,3.121219453,11.71279583,FALSE,FALSE,TRUE
3-phosphoglycerate,3-phosphoglycerate,132,Carbohydrate,Glycolysis	 Gluconeogenesis	 and Pyruvate Metabolism,5,0.995024876,,0.995024876,0.399201597,0.145172998,0.58162856,TRUE,TRUE,TRUE
cholate,cholate,136,Lipid,Primary Bile Acid Metabolism,5,2.216066482,2.216066482,1.326699834,1.596806387,0.580691991,0.842358604,TRUE,TRUE,TRUE
4-hydroxyphenylacetate,4-hydroxyphenylacetate,144,Amino Acid,Phenylalanine Metabolism,5,43.58264081,43.58264081,1.160862355,2.594810379,0.338736995,38.58804653,TRUE,TRUE,TRUE
5 6-dihydrothymine,5 6-dihydrothymine,158,Nucleotide,Pyrimidine Metabolism	 Thymine containing,5,11.17266851,11.17266851,,,0.072586499,0.080224629,TRUE,TRUE,TRUE
hypoxanthine,hypoxanthine,171,Nucleotide,Purine Metabolism	 (Hypo)Xanthine/Inosine containing,5,0.0923,0.0923,,,0.0241955,,TRUE,TRUE,TRUE
9 10-dihome,9 10-DiHOME,179,Lipid,Fatty Acid	 Dihydroxy,5,37.1257485,23.36103416,24.70978441,37.1257485,15.36414227,14.94183714,TRUE,TRUE,TRUE
linoleate (18:2n6),linoleate (18:2n6),180,Lipid,Long Chain Polyunsaturated Fatty Acid (n3 and n6),5,0.0,,,,,,TRUE,TRUE,TRUE
laurate (12:0),laurate (12:0),181,Lipid,Medium Chain Fatty Acid,5,0.0,,,,,,TRUE,TRUE,TRUE
quinolinate,quinolinate,182,Cofactors and Vitamins,Nicotinate and Nicotinamide Metabolism,5,1.385041551,1.385041551,,,,0.060168472,TRUE,TRUE,TRUE
n6 n6 n6-trimethyllysine,N6 N6 N6-trimethyllysine,189,Amino Acid,Lysine Metabolism,5,0.020056157,,,,,0.020056157,TRUE,TRUE,TRUE
n-acetylputrescine,N-acetylputrescine,192,Amino Acid,Polyamine Metabolism,5,0.020056157,,,,,0.020056157,TRUE,TRUE,TRUE
n-formylmethionine,N-formylmethionine,194,Amino Acid,Methionine	 Cysteine	 SAM and Taurine Metabolism,5,0.020056157,,,,,0.020056157,TRUE,TRUE,TRUE
s-adenosylhomocysteine (sah),S-adenosylhomocysteine (SAH),197,Amino Acid,Methionine	 Cysteine	 SAM and Taurine Metabolism,5,20.75848303,19.94459834,7.628524046,20.75848303,11.97677232,3.770557561,TRUE,TRUE,TRUE
"adenosine 3',5'-cyclic monophosphate (camp)","adenosine 3',5'-cyclic monophosphate (cAMP)",207,Nucleotide,"Purine Metabolism, Adenine containing",4,100.0,NA,10.11608624,19.56087824,2.177594967,100,FALSE,FALSE,TRUE
adenosine 5'-monophosphate (amp),adenosine 5'-monophosphate (AMP),209,Nucleotide,Purine Metabolism	 Adenine containing,5,0.060168472,,,,,0.060168472,TRUE,TRUE,TRUE
5-methylthioadenosine (mta),5-methylthioadenosine (MTA),212,Amino Acid,Polyamine Metabolism,5,0.0923,0.0923,,,,0.020056157,TRUE,TRUE,TRUE
arachidonate (20:4n6),arachidonate (20:4n6),229,Lipid,Long Chain Polyunsaturated Fatty Acid (n3 and n6),5,0.0,,,,,,TRUE,TRUE,TRUE
arginine,arginine,231,Amino Acid,Urea cycle Arginine and Proline Metabolism,5,0.0,,,,,,TRUE,TRUE,TRUE
aspartate,aspartate,234,Amino Acid,Alanine and Aspartate Metabolism,5,0.0,,,,,,TRUE,TRUE,TRUE
2-hydroxyphenylacetate,2-hydroxyphenylacetate,235,Amino Acid,Phenylalanine Metabolism,5,33.05254713,12.28070175,6.633499171,3.193612774,1.548511977,33.05254713,TRUE,TRUE,TRUE
3-(4-hydroxyphenyl)lactate,3-(4-hydroxyphenyl)lactate,240,Amino Acid,Tyrosine Metabolism,5,0.020056157,,,,,0.020056157,TRUE,TRUE,TRUE
phenylpyruvate,phenylpyruvate,241,Amino Acid,Phenylalanine Metabolism,5,7.756232687,7.756232687,,,0.048390999,0.120336943,TRUE,TRUE,TRUE
beta-alanine,beta-alanine,244,Nucleotide,Pyrimidine Metabolism	 Uracil containing,5,0.241954996,,,,0.241954996,0.120336943,TRUE,TRUE,TRUE
carnosine,carnosine,249,Amino Acid,Histidine Metabolism,2,41.39590854,NA,NA,NA,23.03411565,41.39590854,FALSE,FALSE,TRUE
biliverdin,biliverdin,250,Cofactors and Vitamins,Hemoglobin and Porphyrin Metabolism,5,0.040112314,,,,,0.040112314,TRUE,TRUE,TRUE
succinate,succinate,252,Energy,TCA Cycle,5,0.497512438,,0.497512438,,,0.060168472,TRUE,TRUE,TRUE
3-hydroxybutyrate (bhba),3-hydroxybutyrate (BHBA),254,Lipid,Ketone Bodies,5,0.020056157,,,,,0.020056157,TRUE,TRUE,TRUE
cholesterol,cholesterol,266,Lipid,Sterol,5,0.020056157,,,,,0.020056157,TRUE,TRUE,TRUE
choline phosphate,choline phosphate,267,Lipid,Phospholipid Metabolism,3,0.020056157,,NA,NA,,0.020056157,FALSE,FALSE,TRUE
corticosterone,corticosterone,272,Lipid,Corticosteroids,5,31.33732535,21.14496768,27.36318408,31.33732535,23.51802565,14.86161252,TRUE,TRUE,TRUE
cortisone,cortisone,273,Lipid,Corticosteroids,5,2.216066482,2.216066482,1.326699834,,0.145172998,0.180505415,TRUE,TRUE,TRUE
creatinine,creatinine,275,Amino Acid,Creatine Metabolism,5,0.0,,,,,,TRUE,TRUE,TRUE
cysteinylglycine,cysteinylglycine,278,Amino Acid,Glutathione Metabolism,3,1.385041551,1.385041551,NA,NA,0.0241955,0.160449258,FALSE,FALSE,TRUE
cystine,cystine,279,Amino Acid,Methionine	 Cysteine	 SAM and Taurine Metabolism,5,43.31337325,0.369344414,0.995024876,43.31337325,0.0241955,0.020056157,TRUE,TRUE,TRUE
sphingosine,sphingosine,297,Lipid,Sphingosines,5,4.590818363,0.0923,3.648424544,4.590818363,0.580691991,0.340954673,TRUE,TRUE,TRUE
deoxycholate,deoxycholate,302,Lipid,Secondary Bile Acid Metabolism,5,15.16966068,12.28070175,12.10613599,15.16966068,9.847568352,6.498194946,TRUE,TRUE,TRUE
cystathionine,cystathionine,310,Amino Acid,Methionine	 Cysteine	 SAM and Taurine Metabolism,5,6.648199446,6.648199446,,,2.371158964,2.827918171,TRUE,TRUE,TRUE
sphinganine,sphinganine,313,Lipid,Sphingolipid Synthesis,5,17.56487026,0.55401662,11.77446103,17.56487026,2.976046455,3.790613718,TRUE,TRUE,TRUE
fumarate,fumarate,330,Energy,TCA Cycle,5,3.416435826,3.416435826,,,0.580691991,0.461291617,TRUE,TRUE,TRUE
gamma-glutamylglutamate,gamma-glutamylglutamate,331,Peptide,Gamma-glutamyl Amino Acid,5,1.484155636,0.27700831,,,0.145172998,1.484155636,TRUE,TRUE,TRUE
gluconate,gluconate,338,Xenobiotics,Food Component/Plant,5,0.55401662,0.55401662,,,0.508105492,0.340954673,TRUE,TRUE,TRUE
glutarate (c5-dc),glutarate (C5-DC),339,Lipid,Fatty Acid	 Dicarboxylate,5,5.177836922,5.170821791,4.975124378,2.195608782,5.177836922,4.392298436,TRUE,TRUE,TRUE
glycine,glycine,340,Amino Acid,Glycine	 Serine and Threonine Metabolism,5,0.020056157,,,,,0.020056157,TRUE,TRUE,TRUE
glycocholate,glycocholate,342,Lipid,Primary Bile Acid Metabolism,5,0.998003992,0.27700831,0.663349917,0.998003992,0.048390999,0.080224629,TRUE,TRUE,TRUE
guanidinoacetate,guanidinoacetate,344,Amino Acid,Creatine Metabolism,5,0.020056157,,,,,0.020056157,TRUE,TRUE,TRUE
histidine,histidine,355,Amino Acid,Histidine Metabolism,5,0.060168472,,,,,0.060168472,TRUE,TRUE,TRUE
cortisol,cortisol,356,Lipid,Corticosteroids,5,0.165837479,0.0923,0.165837479,,0.072586499,0.060168472,TRUE,TRUE,TRUE
hypotaurine,hypotaurine,358,Amino Acid,Methionine	 Cysteine	 SAM and Taurine Metabolism,5,27.1468144,27.1468144,,0.598802395,,1.062976334,TRUE,TRUE,TRUE
inosine,inosine,361,Nucleotide,Purine Metabolism	 (Hypo)Xanthine/Inosine containing,5,25.76177285,25.76177285,9.286898839,8.383233533,5.153641423,0.782190132,TRUE,TRUE,TRUE
inosine 5'-monophosphate (imp),inosine 5'-monophosphate (IMP),362,Nucleotide,"Purine Metabolism, (Hypo)Xanthine/Inosine containing",2,76.83513839,NA,NA,NA,60.94846359,76.83513839,FALSE,FALSE,TRUE
myo-inositol,myo-inositol,363,Lipid,Inositol Metabolism,5,0.020056157,,,,,0.020056157,TRUE,TRUE,TRUE
isoleucine,isoleucine,376,Amino Acid,Leucine	 Isoleucine and Valine Metabolism,5,0.0,,,,,,TRUE,TRUE,TRUE
2-aminoadipate,2-aminoadipate,381,Amino Acid,Lysine Metabolism,5,14.77377655,14.77377655,,,14.34793128,0.060168472,TRUE,TRUE,TRUE
citrulline,citrulline,391,Amino Acid,Urea cycle Arginine and Proline Metabolism,5,0.0,,,,,,TRUE,TRUE,TRUE
leucine,leucine,397,Amino Acid,Leucine	 Isoleucine and Valine Metabolism,5,0.0,,,,,,TRUE,TRUE,TRUE
lysine,lysine,407,Amino Acid,Lysine Metabolism,5,0.020056157,,,,,0.020056157,TRUE,TRUE,TRUE
malate,malate,409,Energy,TCA Cycle,5,0.0,,,,,,TRUE,TRUE,TRUE
methionine,methionine,415,Amino Acid,Methionine	 Cysteine	 SAM and Taurine Metabolism,5,0.461680517,0.461680517,0.165837479,,,,TRUE,TRUE,TRUE
palmitate (16:0),palmitate (16:0),424,Lipid,Long Chain Saturated Fatty Acid,5,0.0,,,,,,TRUE,TRUE,TRUE
nicotinamide,nicotinamide,432,Cofactors and Vitamins,Nicotinate and Nicotinamide Metabolism,5,0.401123145,,,,0.193563997,0.401123145,TRUE,TRUE,TRUE
stearate (18:0),stearate (18:0),439,Lipid,Long Chain Saturated Fatty Acid,5,0.0,,,,,,TRUE,TRUE,TRUE
ornithine,ornithine,444,Amino Acid,Urea cycle Arginine and Proline Metabolism,5,0.0,,,,,,TRUE,TRUE,TRUE
orotate,orotate,445,Nucleotide,Pyrimidine Metabolism	 Orotate containing,5,0.020056157,,,,,0.020056157,TRUE,TRUE,TRUE
palmitoleate (16:1n7),palmitoleate (16:1n7),452,Lipid,Long Chain Monounsaturated Fatty Acid,5,0.199600798,,0.165837479,0.199600798,,,TRUE,TRUE,TRUE
phenylalanine,phenylalanine,460,Amino Acid,Phenylalanine Metabolism,5,0.0,,,,,,TRUE,TRUE,TRUE
phosphate,phosphate,461,Energy,Oxidative Phosphorylation,5,0.0,,,,,,TRUE,TRUE,TRUE
phytanate,phytanate,466,Xenobiotics,Food Component/Plant,5,100.0,,,,0.0241955,100,TRUE,FALSE,TRUE
proline,proline,480,Amino Acid,Urea cycle Arginine and Proline Metabolism,5,0.0,,,,,,TRUE,TRUE,TRUE
lactate,lactate,482,Carbohydrate,Glycolysis	 Gluconeogenesis	 and Pyruvate Metabolism,5,0.020056157,,,,,0.020056157,TRUE,TRUE,TRUE
pyridoxal,pyridoxal,491,Cofactors and Vitamins,Vitamin B6 Metabolism,4,100.0,NA,6.965174129,5.788423154,0.822646988,100,FALSE,FALSE,TRUE
retinol (vitamin a),retinol (Vitamin A),498,Cofactors and Vitamins,Vitamin A Metabolism,5,0.020056157,,,,,0.020056157,TRUE,TRUE,TRUE
salicylate,salicylate,501,Xenobiotics,Drug - Topical Agents,5,0.435518993,0.369344414,0.165837479,0.399201597,0.435518993,0.300842359,TRUE,TRUE,TRUE
serine,serine,503,Amino Acid,Glycine	 Serine and Threonine Metabolism,5,0.0,,,,,,TRUE,TRUE,TRUE
serotonin,serotonin,504,Amino Acid,Tryptophan Metabolism,5,40.47907089,1.200369344,20.72968491,12.5748503,40.47907089,5.876454071,TRUE,TRUE,TRUE
taurine,taurine,512,Amino Acid,Methionine	 Cysteine	 SAM and Taurine Metabolism,5,0.020056157,,,,,0.020056157,TRUE,TRUE,TRUE
myristate (14:0),myristate (14:0),519,Lipid,Long Chain Saturated Fatty Acid,5,0.0,,,,,,TRUE,TRUE,TRUE
urea,urea,533,Amino Acid,Urea cycle Arginine and Proline Metabolism,5,0.165837479,,0.165837479,,,0.020056157,TRUE,TRUE,TRUE
uridine,uridine,535,Nucleotide,Pyrimidine Metabolism	 Uracil containing,5,0.020056157,,,,,0.020056157,TRUE,TRUE,TRUE
2'-deoxyuridine,2'-deoxyuridine,536,Nucleotide,"Pyrimidine Metabolism, Uracil containing",4,6.290829906,NA,0.165837479,0.199600798,6.290829906,4.43241075,FALSE,FALSE,TRUE
trans-urocanate,trans-urocanate,537,Amino Acid,Histidine Metabolism,5,2.195608782,0.646352724,,2.195608782,1.282361481,0.120336943,TRUE,TRUE,TRUE
glutamate,glutamate,561,Amino Acid,Glutamate Metabolism,5,0.0,,,,,,TRUE,TRUE,TRUE
glutamine,glutamine,563,Amino Acid,Glutamate Metabolism,5,0.040112314,,,,,0.040112314,TRUE,TRUE,TRUE
threonine,threonine,564,Amino Acid,Glycine	 Serine and Threonine Metabolism,5,0.0,,,,,,TRUE,TRUE,TRUE
tryptophan,tryptophan,565,Amino Acid,Tryptophan Metabolism,5,0.0,,,,,,TRUE,TRUE,TRUE
valine,valine,566,Amino Acid,Leucine	 Isoleucine and Valine Metabolism,5,0.0,,,,,,TRUE,TRUE,TRUE
glucose,glucose,572,Carbohydrate,Glycolysis	 Gluconeogenesis	 and Pyruvate Metabolism,5,0.0,,,,,,TRUE,TRUE,TRUE
alpha-ketobutyrate,alpha-ketobutyrate,796,Amino Acid,Methionine	 Cysteine	 SAM and Taurine Metabolism,5,15.69713758,15.69713758,,0.199600798,0.072586499,0.020056157,TRUE,TRUE,TRUE
betaine,betaine,799,Amino Acid,Glycine	 Serine and Threonine Metabolism,5,0.0923,0.0923,,,,,TRUE,TRUE,TRUE
cysteine,cysteine,800,Amino Acid,Methionine	 Cysteine	 SAM and Taurine Metabolism,5,0.020056157,,,,,0.020056157,TRUE,TRUE,TRUE
mannose,mannose,803,Carbohydrate,Fructose	 Mannose and Galactose Metabolism,5,0.040112314,,,,,0.040112314,TRUE,TRUE,TRUE
dimethylglycine,dimethylglycine,806,Amino Acid,Glycine	 Serine and Threonine Metabolism,5,0.020056157,,,,,0.020056157,TRUE,TRUE,TRUE
alanine,alanine,811,Amino Acid,Alanine and Aspartate Metabolism,5,0.020056157,,,,,0.020056157,TRUE,TRUE,TRUE
tyrosine,tyrosine,815,Amino Acid,Tyrosine Metabolism,5,0.020056157,,,,,0.020056157,TRUE,TRUE,TRUE
pseudouridine,pseudouridine,821,Nucleotide,Pyrimidine Metabolism	 Uracil containing,5,0.020056157,,,,,0.020056157,TRUE,TRUE,TRUE
pyruvate,pyruvate,823,Carbohydrate,Glycolysis	 Gluconeogenesis	 and Pyruvate Metabolism,5,0.020056157,,,,,0.020056157,TRUE,TRUE,TRUE
uracil,uracil,825,Nucleotide,Pyrimidine Metabolism	 Uracil containing,5,26.20232172,15.60480148,26.20232172,10.37924152,3.290587951,6.999598877,TRUE,TRUE,TRUE
xylose,xylose,826,Carbohydrate,Pentose Metabolism,4,38.06658644,NA,11.44278607,27.54491018,22.67118316,38.06658644,FALSE,FALSE,TRUE
cytidine,cytidine,827,Nucleotide,Pyrimidine Metabolism	 Cytidine containing,5,19.76047904,6.925207756,0.663349917,19.76047904,8.323251875,13.9791416,TRUE,TRUE,TRUE
arabinose,arabinose,828,Carbohydrate,Pentose Metabolism,4,38.82872042,NA,4.145936982,33.53293413,25.50205662,38.82872042,FALSE,FALSE,TRUE
cotinine,cotinine,848,Xenobiotics,Tobacco Metabolite,5,89.71807629,28.62419206,89.71807629,66.86626747,40.69683039,66.98756518,TRUE,FALSE,TRUE
caffeine,caffeine,849,Xenobiotics,Xanthine Metabolism,5,2.585410896,2.585410896,0.663349917,1.19760479,1.572707476,0.922583233,TRUE,TRUE,TRUE
fructose,fructose,878,Carbohydrate,Fructose	 Mannose and Galactose Metabolism,5,2.186121139,0.184672207,,,,2.186121139,TRUE,TRUE,TRUE
adenine,adenine,880,Nucleotide,"Purine Metabolism, Adenine containing",4,100.0,NA,15.75456053,41.51696607,1.669489475,100,FALSE,FALSE,TRUE
cytosine,cytosine,881,Nucleotide,Pyrimidine Metabolism	 Cytidine containing,5,32.57119936,11.81902124,3.814262023,7.385229541,28.21195258,32.57119936,TRUE,TRUE,TRUE
caprate (10:0),caprate (10:0),888,Lipid,Medium Chain Fatty Acid,5,0.0,,,,,,TRUE,TRUE,TRUE
margarate (17:0),margarate (17:0),891,Lipid,Long Chain Saturated Fatty Acid,5,0.0,,,,,,TRUE,TRUE,TRUE
nonadecanoate (19:0),nonadecanoate (19:0),892,Lipid,Long Chain Saturated Fatty Acid,5,0.020056157,,,,,0.020056157,TRUE,TRUE,TRUE
arachidate (20:0),arachidate (20:0),893,Lipid,Long Chain Saturated Fatty Acid,5,0.0,,,,,,TRUE,TRUE,TRUE
maltose,maltose,913,Carbohydrate,Glycogen Metabolism,3,14.64099479,3.416435826,NA,NA,12.63005081,14.64099479,FALSE,FALSE,TRUE
asparagine,asparagine,917,Amino Acid,Alanine and Aspartate Metabolism,5,0.0,,,,,,TRUE,TRUE,TRUE
n-stearoyl-sphinganine (d18:0/18:0),N-stearoyl-sphinganine (d18:0/18:0)*,922,Lipid,Dihydroceramides,5,51.09780439,9.787626962,28.68988391,51.09780439,30.89765304,12.63537906,TRUE,FALSE,TRUE
dihydroorotate,dihydroorotate,923,Nucleotide,"Pyrimidine Metabolism, Orotate containing",4,4.185821437,NA,,,4.185821437,0.501403931,FALSE,FALSE,TRUE
heptanoate (7:0),heptanoate (7:0),925,Lipid,Medium Chain Fatty Acid,5,9.510618652,9.510618652,0.165837479,,1.30655698,2.9081428,TRUE,TRUE,TRUE
caproate (6:0),caproate (6:0),926,Lipid,Medium Chain Fatty Acid,5,18.37488458,18.37488458,,,,8.543922984,TRUE,TRUE,TRUE
caprylate (8:0),caprylate (8:0),932,Lipid,Medium Chain Fatty Acid,5,5.540166205,5.540166205,,,0.145172998,0.160449258,TRUE,TRUE,TRUE
sucrose,sucrose,935,Carbohydrate,Disaccharides and Oligosaccharides,5,100.0,27.60849492,11.11111111,45.50898204,23.46963465,100,TRUE,FALSE,TRUE
pentadecanoate (15:0),pentadecanoate (15:0),980,Lipid,Long Chain Saturated Fatty Acid,5,0.0,,,,,,TRUE,TRUE,TRUE
trans-4-hydroxyproline,trans-4-hydroxyproline,1001,Amino Acid,Urea cycle Arginine and Proline Metabolism,5,0.040112314,,,,,0.040112314,TRUE,TRUE,TRUE
allantoin,allantoin,1002,Nucleotide,Purine Metabolism	 (Hypo)Xanthine/Inosine containing,5,0.020056157,,,,,0.020056157,TRUE,TRUE,TRUE
xanthine,xanthine,1004,Nucleotide,Purine Metabolism	 (Hypo)Xanthine/Inosine containing,5,1.016210985,,,,1.016210985,,TRUE,TRUE,TRUE
5-oxoproline,5-oxoproline,1021,Amino Acid,Glutathione Metabolism,5,0.0,,,,,,TRUE,TRUE,TRUE
picolinate,picolinate,1022,Amino Acid,Tryptophan Metabolism,5,20.68328717,20.68328717,,,1.621098476,3.469715203,TRUE,TRUE,TRUE
sarcosine,sarcosine,1023,Amino Acid,Glycine	 Serine and Threonine Metabolism,5,0.0923,0.0923,,,,0.020056157,TRUE,TRUE,TRUE
pantothenate,pantothenate,1024,Cofactors and Vitamins,Pantothenate and CoA Metabolism,5,0.399201597,,0.165837479,0.399201597,,,TRUE,TRUE,TRUE
pipecolate,pipecolate,1025,Amino Acid,Lysine Metabolism,5,16.16766467,,,16.16766467,,0.060168472,TRUE,TRUE,TRUE
phosphoethanolamine,phosphoethanolamine,1026,Lipid,Phospholipid Metabolism,5,0.040112314,,,,,0.040112314,TRUE,TRUE,TRUE
glycerate,glycerate,1052,Carbohydrate,Glycolysis	 Gluconeogenesis	 and Pyruvate Metabolism,5,0.020056157,,,,,0.020056157,TRUE,TRUE,TRUE
3-ureidopropionate,3-ureidopropionate,1053,Nucleotide,Pyrimidine Metabolism	 Uracil containing,5,16.06648199,16.06648199,,,1.693684975,2.146008825,TRUE,TRUE,TRUE
n-acetylleucine,N-acetylleucine,1082,Amino Acid,Leucine	 Isoleucine and Valine Metabolism,5,3.79241517,0.831024931,0.995024876,3.79241517,2.250181466,0.260730044,TRUE,TRUE,TRUE
n-acetylmethionine,N-acetylmethionine,1083,Amino Acid,Methionine	 Cysteine	 SAM and Taurine Metabolism,5,1.477377655,1.477377655,,,0.048390999,0.060168472,TRUE,TRUE,TRUE
n-acetylvaline,N-acetylvaline,1084,Amino Acid,Leucine	 Isoleucine and Valine Metabolism,5,0.184672207,0.184672207,,,,0.020056157,TRUE,TRUE,TRUE
erucate (22:1n9),erucate (22:1n9),1087,Lipid,Long Chain Monounsaturated Fatty Acid,5,0.020056157,,,,,0.020056157,TRUE,TRUE,TRUE
bilirubin (z z),bilirubin (Z Z),1090,Cofactors and Vitamins,Hemoglobin and Porphyrin Metabolism,5,0.831024931,0.831024931,,,,0.040112314,TRUE,TRUE,TRUE
thyroxine,thyroxine,1094,Amino Acid,Tyrosine Metabolism,5,0.048390999,,,,0.048390999,0.040112314,TRUE,TRUE,TRUE
gamma-glutamyltyrosine,gamma-glutamyltyrosine,1102,Peptide,Gamma-glutamyl Amino Acid,5,18.96207585,4.709141274,,18.96207585,0.459714493,0.020056157,TRUE,TRUE,TRUE
methyl indole-3-acetate,methyl indole-3-acetate,1104,Xenobiotics,Food Component/Plant,5,42.01292705,42.01292705,1.824212272,6.18762475,30.09920155,17.99037304,TRUE,TRUE,TRUE
alpha-tocopherol,alpha-tocopherol,1105,Cofactors and Vitamins,Tocopherol Metabolism,5,0.0,,,,,,TRUE,TRUE,TRUE
n-acetylalanine,N-acetylalanine,1110,Amino Acid,Alanine and Aspartate Metabolism,5,0.020056157,,,,,0.020056157,TRUE,TRUE,TRUE
vanillylmandelate (vma),vanillylmandelate (VMA),1111,Amino Acid,Tyrosine Metabolism,5,7.185628743,0.369344414,0.663349917,7.185628743,0.290345996,0.240673887,TRUE,TRUE,TRUE
4-acetamidobutanoate,4-acetamidobutanoate,1113,Amino Acid,Polyamine Metabolism,5,1.108033241,1.108033241,,,0.048390999,0.040112314,TRUE,TRUE,TRUE
3-aminoisobutyrate,3-aminoisobutyrate,1114,Nucleotide,Pyrimidine Metabolism	 Thymine containing,5,0.27700831,0.27700831,,,,0.040112314,TRUE,TRUE,TRUE
chenodeoxycholate,chenodeoxycholate,1123,Lipid,Primary Bile Acid Metabolism,5,37.7654663,37.7654663,20.39800995,24.5508982,18.38857972,21.1993582,TRUE,TRUE,TRUE
citrate,citrate,1124,Energy,TCA Cycle,5,0.020056157,,,,,0.020056157,TRUE,TRUE,TRUE
"5,6-dihydrouracil","5,6-dihydrouracil",1125,Nucleotide,"Pyrimidine Metabolism, Uracil containing",4,100.0,NA,0.331674959,0.998003992,3.024437455,100,FALSE,FALSE,TRUE
2-aminobutyrate,2-aminobutyrate,1128,Amino Acid,Glutathione Metabolism,5,0.0923,0.0923,,,,,TRUE,TRUE,TRUE
urate,urate,1134,Nucleotide,Purine Metabolism	 (Hypo)Xanthine/Inosine containing,5,0.020056157,,,,,0.020056157,TRUE,TRUE,TRUE
ursodeoxycholate,ursodeoxycholate,1135,Lipid,Secondary Bile Acid Metabolism,5,27.69485904,24.1920591,27.69485904,23.55289421,21.34043068,24.76935419,TRUE,TRUE,TRUE
oleoyl ethanolamide,oleoyl ethanolamide,1137,Lipid,Endocannabinoid,5,0.461680517,0.461680517,,,0.048390999,0.080224629,TRUE,TRUE,TRUE
gamma-glutamylglutamine,gamma-glutamylglutamine,1140,Peptide,Gamma-glutamyl Amino Acid,5,0.020056157,,,,,0.020056157,TRUE,TRUE,TRUE
4-hydroxyphenylpyruvate,4-hydroxyphenylpyruvate,1141,Amino Acid,Tyrosine Metabolism,5,44.94195688,6.463527239,44.94195688,11.17764471,21.84853617,5.695948656,TRUE,TRUE,TRUE
butyrate/isobutyrate (4:0),butyrate/isobutyrate (4:0),1143,Lipid,Short Chain Fatty Acid,5,17.08217913,17.08217913,,0.199600798,0.0241955,1.283594063,TRUE,TRUE,TRUE
tigloylglycine,tigloylglycine,1161,Amino Acid,"Leucine, Isoleucine and Valine Metabolism",4,52.54713197,NA,28.68988391,22.15568862,45.77788531,52.54713197,FALSE,FALSE,TRUE
n-acetylneuraminate,N-acetylneuraminate,1162,Carbohydrate,Aminosugar Metabolism,5,0.0923,0.0923,,,,0.020056157,TRUE,TRUE,TRUE
n-acetylglucosaminylasparagine,N-acetylglucosaminylasparagine,1215,Carbohydrate,Aminosugar Metabolism,5,21.23730379,21.23730379,0.165837479,0.199600798,0.096781999,1.283594063,TRUE,TRUE,TRUE
acetoacetate,acetoacetate,1218,Lipid,Ketone Bodies,4,33.49917081,NA,33.49917081,10.57884232,21.96951367,12.25431207,FALSE,FALSE,TRUE
creatine,creatine,1221,Amino Acid,Creatine Metabolism,5,0.0,,,,,,TRUE,TRUE,TRUE
cys-gly oxidized,cys-gly oxidized,1224,Amino Acid,Glutathione Metabolism,5,0.020056157,,,,,0.020056157,TRUE,TRUE,TRUE
dihomo-linoleate (20:2n6),dihomo-linoleate (20:2n6),1231,Lipid,Long Chain Polyunsaturated Fatty Acid (n3 and n6),5,0.0,,,,,,TRUE,TRUE,TRUE
gamma-glutamylhistidine,gamma-glutamylhistidine,1235,Peptide,Gamma-glutamyl Amino Acid,5,0.27700831,0.27700831,,,,0.160449258,TRUE,TRUE,TRUE
2-hydroxystearate,2-hydroxystearate,1239,Lipid,Fatty Acid	 Monohydroxy,5,0.0923,0.0923,,,,0.020056157,TRUE,TRUE,TRUE
n1-methyladenosine,N1-methyladenosine,1242,Nucleotide,Purine Metabolism	 Adenine containing,5,0.020056157,,,,,0.020056157,TRUE,TRUE,TRUE
glycerol,glycerol,1254,Lipid,Glycerolipid Metabolism,5,0.0923,0.0923,,,,,TRUE,TRUE,TRUE
choline,choline,1256,Lipid,Phospholipid Metabolism,5,0.0,,,,,,TRUE,TRUE,TRUE
anthranilate,anthranilate,1258,Amino Acid,Tryptophan Metabolism,4,46.12916165,NA,,,26.4698766,46.12916165,FALSE,FALSE,TRUE
gamma-glutamylleucine,gamma-glutamylleucine,1268,Peptide,Gamma-glutamyl Amino Acid,5,4.893702367,,,,,4.893702367,TRUE,TRUE,TRUE
3-methoxytyrosine,3-methoxytyrosine,1342,Amino Acid,Tyrosine Metabolism,5,0.040112314,,,,,0.040112314,TRUE,TRUE,TRUE
fluoxetine,fluoxetine,1382,Xenobiotics,Drug - Psychoactive,3,99.9076639,99.9076639,NA,NA,99.39511251,98.81668672,FALSE,FALSE,TRUE
4-acetamidophenol,4-acetamidophenol,1383,Xenobiotics,Drug - Analgesics	 Anesthetics,5,87.4251497,79.96306556,71.973466,87.4251497,81.00653278,82.5511432,TRUE,FALSE,TRUE
naproxen,naproxen,1384,Xenobiotics,Drug - Analgesics	 Anesthetics,5,99.20159681,97.87626962,97.51243781,99.20159681,98.16114203,97.35258724,TRUE,FALSE,TRUE
topiramate,topiramate,1388,Xenobiotics,Drug - Neurological,2,99.97994384,NA,NA,NA,99.9274135,99.97994384,FALSE,FALSE,TRUE
beta-hydroxyisovalerate,beta-hydroxyisovalerate,1442,Amino Acid,Leucine	 Isoleucine and Valine Metabolism,5,6.371191136,6.371191136,,,,0.340954673,TRUE,TRUE,TRUE
ibuprofen,ibuprofen,1487,Xenobiotics,Drug - Analgesics	 Anesthetics,5,98.60279441,97.87626962,97.84411277,98.60279441,96.99975805,92.49899719,TRUE,FALSE,TRUE
n-palmitoyl-sphingosine (d18:1/16:0),N-palmitoyl-sphingosine (d18:1/16:0),1518,Lipid,Ceramides,5,0.0923,0.0923,,,,0.040112314,TRUE,TRUE,TRUE
1-palmitoyl-2-oleoyl-gpe (16:0/18:1),1-palmitoyl-2-oleoyl-GPE (16:0/18:1),1526,Lipid,Phosphatidylethanolamine (PE),5,0.481347774,,,,,0.481347774,TRUE,TRUE,TRUE
1-palmitoyl-2-linoleoyl-gpi (16:0/18:2),1-palmitoyl-2-linoleoyl-GPI (16:0/18:2),1528,Lipid,Phosphatidylinositol (PI),5,1.662049861,1.662049861,0.165837479,,0.411323494,0.902527076,TRUE,TRUE,TRUE
1-palmitoyl-2-linoleoyl-gpc (16:0/18:2),1-palmitoyl-2-linoleoyl-GPC (16:0/18:2),1537,Lipid,Phosphatidylcholine (PC),5,0.0,,,,,,TRUE,TRUE,TRUE
stearoyl sphingomyelin (d18:1/18:0),stearoyl sphingomyelin (d18:1/18:0),1538,Lipid,Sphingomyelins,5,0.0,,,,,,TRUE,TRUE,TRUE
1-palmitoyl-2-oleoyl-gpc (16:0/18:1),1-palmitoyl-2-oleoyl-GPC (16:0/18:1),1539,Lipid,Phosphatidylcholine (PC),5,0.0,,,,,,TRUE,TRUE,TRUE
n-stearoyl-sphingosine (d18:1/18:0),N-stearoyl-sphingosine (d18:1/18:0)*,1547,Lipid,Ceramides,5,0.080224629,,,,0.072586499,0.080224629,TRUE,TRUE,TRUE
glycochenodeoxycholate,glycochenodeoxycholate,1628,Lipid,Primary Bile Acid Metabolism,5,21.15768463,2.123730379,9.452736318,21.15768463,6.436002903,0.040112314,TRUE,TRUE,TRUE
taurochenodeoxycholate,taurochenodeoxycholate,1629,Lipid,Primary Bile Acid Metabolism,5,6.463527239,6.463527239,1.326699834,5.189620758,1.596902976,1.022864019,TRUE,TRUE,TRUE
taurocholate,taurocholate,1648,Lipid,Primary Bile Acid Metabolism,5,32.53493014,24.65373961,19.56882255,32.53493014,11.68642632,10.75010028,TRUE,TRUE,TRUE
taurodeoxycholate,taurodeoxycholate,1668,Lipid,Secondary Bile Acid Metabolism,5,25.94810379,24.3767313,24.04643449,25.94810379,18.72731672,15.70397112,TRUE,TRUE,TRUE
2-hydroxyhippurate (salicylurate),2-hydroxyhippurate (salicylurate),1869,Xenobiotics,Benzoate Metabolism,5,4.171680706,1.754385965,2.653399668,3.592814371,2.830873458,4.171680706,TRUE,TRUE,TRUE
metoprolol,metoprolol,2028,Xenobiotics,Drug - Cardiovascular,5,98.40319361,98.15327793,79.10447761,98.40319361,96.44326155,98.13477738,TRUE,FALSE,TRUE
azelate (c9-dc),azelate (C9-DC),2029,Lipid,Fatty Acid	 Dicarboxylate,5,35.48922056,1.477377655,35.48922056,32.93413174,16.59811275,16.90734055,TRUE,TRUE,TRUE
3-(n-acetyl-l-cystein-s-yl) acetaminophen,3-(N-acetyl-L-cystein-S-yl) acetaminophen,2048,Xenobiotics,Drug - Analgesics	 Anesthetics,5,90.61876248,82.45614035,72.30514096,90.61876248,82.07113477,82.43080626,TRUE,FALSE,TRUE
4-acetaminophen sulfate,4-acetaminophen sulfate,2049,Xenobiotics,Drug - Analgesics	 Anesthetics,5,76.24750499,57.52539243,59.86733002,76.24750499,69.17493346,54.79342158,TRUE,FALSE,TRUE
eicosapentaenoate (epa 20:5n3),eicosapentaenoate (EPA 20:5n3),2050,Lipid,Long Chain Polyunsaturated Fatty Acid (n3 and n6),5,0.0,,,,,,TRUE,TRUE,TRUE
methylsuccinate,methylsuccinate,2051,Amino Acid,Leucine	 Isoleucine and Valine Metabolism,5,4.355189935,1.292705448,3.482587065,,4.355189935,1.042920176,TRUE,TRUE,TRUE
ethylmalonate,ethylmalonate,2054,Amino Acid,Leucine	 Isoleucine and Valine Metabolism,5,0.338736995,0.184672207,,,0.338736995,0.120336943,TRUE,TRUE,TRUE
carnitine,carnitine,100000007,Lipid,Carnitine Metabolism,5,0.0923,0.0923,,,,0.020056157,TRUE,TRUE,TRUE
benzoate,benzoate,100000008,Xenobiotics,Benzoate Metabolism,5,34.07202216,34.07202216,,,,18.79261933,TRUE,TRUE,TRUE
3-phenylpropionate (hydrocinnamate),3-phenylpropionate (hydrocinnamate),100000010,Xenobiotics,Benzoate Metabolism,5,5.909510619,5.909510619,1.326699834,1.397205589,1.209774982,1.303650221,TRUE,TRUE,TRUE
phenylacetate,phenylacetate,100000011,Amino Acid,Phenylalanine Metabolism,5,24.93074792,24.93074792,0.663349917,3.79241517,2.467940963,12.29442439,TRUE,TRUE,TRUE
hippurate,hippurate,100000014,Xenobiotics,Benzoate Metabolism,5,0.060168472,,,,,0.060168472,TRUE,TRUE,TRUE
xanthurenate,xanthurenate,100000015,Amino Acid,Tryptophan Metabolism,5,6.278855032,6.278855032,1.492537313,0.199600798,0.508105492,2.9081428,TRUE,TRUE,TRUE
suberate (c8-dc),suberate (C8-DC),100000016,Lipid,Fatty Acid	 Dicarboxylate,5,100.0,11.91135734,9.12106136,37.1257485,50.20566175,100,TRUE,FALSE,TRUE
3-methyl-2-oxovalerate,3-methyl-2-oxovalerate,100000036,Amino Acid,Leucine	 Isoleucine and Valine Metabolism,5,0.020056157,,,,,0.020056157,TRUE,TRUE,TRUE
methionine sulfoxide,methionine sulfoxide,100000039,Amino Acid,Methionine	 Cysteine	 SAM and Taurine Metabolism,5,0.0,,,,,,TRUE,TRUE,TRUE
3-methylhistidine,3-methylhistidine,100000042,Amino Acid,Histidine Metabolism,5,0.27700831,0.27700831,,,,0.020056157,TRUE,TRUE,TRUE
4-acetamidophenylglucuronide,4-acetamidophenylglucuronide,100000043,Xenobiotics,Drug - Analgesics	 Anesthetics,5,80.03992016,76.17728532,63.1840796,80.03992016,72.68328091,72.46289611,TRUE,FALSE,TRUE
5-hydroxylysine,5-hydroxylysine,100000054,Amino Acid,Lysine Metabolism,5,0.27700831,0.27700831,,,0.0241955,0.020056157,TRUE,TRUE,TRUE
4-guanidinobutanoate,4-guanidinobutanoate,100000096,Amino Acid,Guanidino and Acetamido Metabolism,5,7.940904894,7.940904894,,0.199600798,0.241954996,4.913758524,TRUE,TRUE,TRUE
glucuronate,glucuronate,100000257,Carbohydrate,Aminosugar Metabolism,5,1.939058172,1.939058172,0.331674959,,0.701669489,0.040112314,TRUE,TRUE,TRUE
glycerol 3-phosphate,glycerol 3-phosphate,100000258,Lipid,Glycerolipid Metabolism,5,51.15420129,51.15420129,,,2.346963465,0.842358604,TRUE,FALSE,TRUE
imidazole lactate,imidazole lactate,100000263,Amino Acid,Histidine Metabolism,5,0.072586499,,,,0.072586499,0.060168472,TRUE,TRUE,TRUE
kynurenine,kynurenine,100000265,Amino Acid,Tryptophan Metabolism,5,0.020056157,,,,,0.020056157,TRUE,TRUE,TRUE
glycerophosphorylcholine (gpc),glycerophosphorylcholine (GPC),100000269,Lipid,Phospholipid Metabolism,5,0.020056157,,,,,0.020056157,TRUE,TRUE,TRUE
allo-threonine,allo-threonine,100000272,Amino Acid,"Glycine, Serine and Threonine Metabolism",2,100.0,NA,NA,NA,51.36704573,100,FALSE,FALSE,TRUE
n-acetylglutamate,N-acetylglutamate,100000282,Amino Acid,Glutamate Metabolism,5,6.740535549,6.740535549,,,0.145172998,0.340954673,TRUE,TRUE,TRUE
n-alpha-acetylornithine,N-alpha-acetylornithine,100000285,Amino Acid,Urea cycle Arginine and Proline Metabolism,3,15.2426795,1.385041551,NA,NA,4.379385434,15.2426795,FALSE,FALSE,TRUE
tartarate,tartarate,100000295,Xenobiotics,Food Component/Plant,3,44.03580934,4.524469067,NA,NA,44.03580934,41.77697553,FALSE,FALSE,TRUE
xanthosine,xanthosine,100000299,Nucleotide,Purine Metabolism	 (Hypo)Xanthine/Inosine containing,5,65.37396122,65.37396122,7.131011609,27.34530938,52.77038471,20.7781789,TRUE,FALSE,TRUE
ribitol,ribitol,100000406,Carbohydrate,Pentose Metabolism,5,12.83471837,12.83471837,,0.399201597,1.040406484,1.243481749,TRUE,TRUE,TRUE
glycodeoxycholate,glycodeoxycholate,100000436,Lipid,Secondary Bile Acid Metabolism,5,67.06586826,30.84025854,47.92703151,67.06586826,30.99443504,20.09626955,TRUE,FALSE,TRUE
theophylline,theophylline,100000437,Xenobiotics,Xanthine Metabolism,5,1.939058172,1.939058172,0.331674959,0.798403194,0.532300992,0.461291617,TRUE,TRUE,TRUE
quinate,quinate,100000442,Xenobiotics,Food Component/Plant,5,1.19760479,0.369344414,0.165837479,1.19760479,0.919428986,0.521460088,TRUE,TRUE,TRUE
theobromine,theobromine,100000445,Xenobiotics,Xanthine Metabolism,5,0.381066988,0.0923,,,0.241954996,0.381066988,TRUE,TRUE,TRUE
gentisate,gentisate,100000447,Amino Acid,Tyrosine Metabolism,3,39.65642391,2.400738689,NA,NA,39.65642391,5.475330927,FALSE,FALSE,TRUE
paraxanthine,paraxanthine,100000453,Xenobiotics,Xanthine Metabolism,5,3.416435826,3.416435826,1.990049751,1.796407186,1.814662473,1.083032491,TRUE,TRUE,TRUE
indolelactate,indolelactate,100000463,Amino Acid,Tryptophan Metabolism,5,0.020056157,,,,,0.020056157,TRUE,TRUE,TRUE
3-indoxyl sulfate,3-indoxyl sulfate,100000467,Amino Acid,Tryptophan Metabolism,5,0.020056157,,,,,0.020056157,TRUE,TRUE,TRUE
gamma-glutamylphenylalanine,gamma-glutamylphenylalanine,100000491,Peptide,Gamma-glutamyl Amino Acid,5,0.020056157,,,,,0.020056157,TRUE,TRUE,TRUE
4-methyl-2-oxopentanoate,4-methyl-2-oxopentanoate,100000551,Amino Acid,Leucine	 Isoleucine and Valine Metabolism,5,0.040112314,,,,,0.040112314,TRUE,TRUE,TRUE
ritalinic acid,ritalinic acid,100000579,Xenobiotics,Drug - Neurological,3,99.81949458,NA,NA,99.4011976,99.7338495,99.81949458,FALSE,FALSE,TRUE
1 5-anhydroglucitol (1 5-ag),1 5-anhydroglucitol (1 5-AG),100000580,Carbohydrate,Glycolysis	 Gluconeogenesis	 and Pyruvate Metabolism,5,0.040112314,,,,,0.040112314,TRUE,TRUE,TRUE
1-stearoyl-2-arachidonoyl-gpi (18:0/20:4),1-stearoyl-2-arachidonoyl-GPI (18:0/20:4),100000616,Lipid,Phosphatidylinositol (PI),5,0.020056157,,,,,0.020056157,TRUE,TRUE,TRUE
sphingosine 1-phosphate,sphingosine 1-phosphate,100000626,Lipid,Sphingosines,5,0.040112314,,,,,0.040112314,TRUE,TRUE,TRUE
1-stearoyl-2-oleoyl-gps (18:0/18:1),1-stearoyl-2-oleoyl-GPS (18:0/18:1),100000639,Lipid,Phosphatidylserine (PS),5,6.633499171,1.385041551,6.633499171,0.199600798,5.395596419,1.423987164,TRUE,TRUE,TRUE
1-stearoyl-gpi (18:0),1-stearoyl-GPI (18:0),100000656,Lipid,Lysophospholipid,5,0.040112314,,,,,0.040112314,TRUE,TRUE,TRUE
1 2-dipalmitoyl-gpc (16:0/16:0),1 2-dipalmitoyl-GPC (16:0/16:0),100000657,Lipid,Phosphatidylcholine (PC),5,0.020056157,,,,,0.020056157,TRUE,TRUE,TRUE
docosahexaenoate (dha 22:6n3),docosahexaenoate (DHA 22:6n3),100000665,Lipid,Long Chain Polyunsaturated Fatty Acid (n3 and n6),5,0.0,,,,,,TRUE,TRUE,TRUE
1-myristoyl-2-palmitoyl-gpc (14:0/16:0),1-myristoyl-2-palmitoyl-GPC (14:0/16:0),100000672,Lipid,Phosphatidylcholine (PC),5,0.040112314,,,,,0.040112314,TRUE,TRUE,TRUE
ciprofloxacin,ciprofloxacin,100000687,Xenobiotics,Drug - Antibiotic,2,100.0,NA,NA,NA,99.9274135,100,FALSE,FALSE,TRUE
alpha-hydroxyisocaproate,alpha-hydroxyisocaproate,100000706,Amino Acid,Leucine	 Isoleucine and Valine Metabolism,5,1.846722068,1.846722068,,,0.120977498,0.060168472,TRUE,TRUE,TRUE
maleate,maleate,100000707,Lipid,Fatty Acid	 Dicarboxylate,5,6.823130898,0.0923,,1.996007984,6.823130898,2.988367429,TRUE,TRUE,TRUE
isovalerate (i5:0),isovalerate (i5:0),100000708,Amino Acid,"Leucine, Isoleucine and Valine Metabolism",4,3.249097473,NA,,,,3.249097473,FALSE,FALSE,TRUE
alprazolam,alprazolam,100000724,Xenobiotics,Drug - Psychoactive,3,100.0,NA,99.66832504,NA,99.7338495,100,FALSE,FALSE,TRUE
2-hydroxyoctanoate,2-hydroxyoctanoate,100000743,Lipid,Fatty Acid	 Monohydroxy,5,0.369344414,0.369344414,,,,0.020056157,TRUE,TRUE,TRUE
levulinate (4-oxovalerate),levulinate (4-oxovalerate),100000765,Xenobiotics,Food Component/Plant,4,100.0,NA,19.73466003,21.35728543,8.831357368,100,FALSE,FALSE,TRUE
3-hydroxyoctanoate,3-hydroxyoctanoate,100000773,Lipid,Fatty Acid	 Monohydroxy,5,0.0923,0.0923,,,,0.020056157,TRUE,TRUE,TRUE
phenyllactate (pla),phenyllactate (PLA),100000774,Amino Acid,Phenylalanine Metabolism,5,0.020056157,,,,,0.020056157,TRUE,TRUE,TRUE
palmitoylcarnitine (c16),palmitoylcarnitine (C16),100000776,Lipid,Fatty Acid Metabolism (Acyl Carnitine	 Long Chain Saturated),5,0.020056157,,,,,0.020056157,TRUE,TRUE,TRUE
valproate,valproate,100000779,Xenobiotics,Drug - Neurological,2,99.89971921,NA,NA,NA,99.758045,99.89971921,FALSE,FALSE,TRUE
hexanoylcarnitine (c6),hexanoylcarnitine (C6),100000781,Lipid,Fatty Acid Metabolism (Acyl Carnitine	 Medium Chain),5,0.040112314,,,,,0.040112314,TRUE,TRUE,TRUE
theanine,theanine,100000784,Xenobiotics,Food Component/Plant,3,77.51704773,65.55863343,NA,NA,67.33607549,77.51704773,FALSE,FALSE,TRUE
n-acetylaspartate (naa),N-acetylaspartate (NAA),100000787,Amino Acid,Alanine and Aspartate Metabolism,5,4.801477378,4.801477378,,,1.30655698,0.280786201,TRUE,TRUE,TRUE
dehydroepiandrosterone sulfate (dhea-s),dehydroepiandrosterone sulfate (DHEA-S),100000792,Lipid,Androgenic Steroids,5,0.184672207,0.184672207,0.165837479,,,0.020056157,TRUE,TRUE,TRUE
acetylcarnitine (c2),acetylcarnitine (C2),100000802,Lipid,Fatty Acid Metabolism (Acyl Carnitine	 Short Chain),5,0.020056157,,,,,0.020056157,TRUE,TRUE,TRUE
cysteine s-sulfate,cysteine s-sulfate,100000808,Amino Acid,Methionine	 Cysteine	 SAM and Taurine Metabolism,5,0.020056157,,,,,0.020056157,TRUE,TRUE,TRUE
1-palmitoylglycerol (16:0),1-palmitoylglycerol (16:0),100000827,Lipid,Monoacylglycerol,3,2.903459956,2.585410896,NA,NA,2.903459956,1.624548736,FALSE,FALSE,TRUE
tartronate (hydroxymalonate),tartronate (hydroxymalonate),100000840,Xenobiotics,Food Component/Plant,5,3.592814371,0.184672207,1.160862355,3.592814371,0.483909993,0.742077818,TRUE,TRUE,TRUE
oxalate (ethanedioate),oxalate (ethanedioate),100000841,Cofactors and Vitamins,Ascorbate and Aldarate Metabolism,5,0.048390999,,,,0.048390999,0.020056157,TRUE,TRUE,TRUE
erythritol,erythritol,100000846,Xenobiotics,Food Component/Plant,5,2.031394275,2.031394275,0.165837479,,0.072586499,0.421179302,TRUE,TRUE,TRUE
glucoheptose,glucoheptose,100000852,Xenobiotics,Food Component/Plant,4,100.0,NA,90.21558872,94.41117764,92.11226712,100,FALSE,FALSE,TRUE
trizma acetate,trizma acetate,100000856,Xenobiotics,Chemical,2,72.15097992,NA,NA,NA,72.15097992,56.0970718,FALSE,FALSE,TRUE
6-aminocaproate,6-aminocaproate,100000860,Lipid,"Fatty Acid, Amino",2,100.0,NA,NA,NA,95.74159206,100,FALSE,FALSE,TRUE
2 3-dihydroxypyridine,2 3-dihydroxypyridine,100000861,Xenobiotics,Food Component/Plant,3,26.63457682,18.28254848,NA,NA,18.07403823,26.63457682,FALSE,FALSE,TRUE
saccharin,saccharin,100000870,Xenobiotics,Food Component/Plant,5,44.87534626,44.87534626,36.48424544,24.35129741,20.2516332,24.08744485,TRUE,TRUE,TRUE
3-hydroxymyristate,3-hydroxymyristate,100000882,Lipid,Fatty Acid	 Monohydroxy,3,0.923361034,0.923361034,NA,NA,,,FALSE,FALSE,TRUE
iminodiacetate (ida),iminodiacetate (IDA),100000900,Xenobiotics,Chemical,5,0.0923,0.0923,,,,0.020056157,TRUE,TRUE,TRUE
1-oleoylglycerol (18:1),1-oleoylglycerol (18:1),100000924,Lipid,Monoacylglycerol,5,0.399201597,0.369344414,0.165837479,0.399201597,0.048390999,0.180505415,TRUE,TRUE,TRUE
3-methyl-2-oxobutyrate,3-methyl-2-oxobutyrate,100000936,Amino Acid,Leucine	 Isoleucine and Valine Metabolism,5,0.020056157,,,,,0.020056157,TRUE,TRUE,TRUE
2-oleoylglycerol (18:1),2-oleoylglycerol (18:1),100000943,Lipid,Monoacylglycerol,5,34.49419569,22.34533703,34.49419569,34.33133733,19.50157271,21.88126755,TRUE,TRUE,TRUE
homoarginine,homoarginine,100000961,Amino Acid,Urea cycle Arginine and Proline Metabolism,5,0.020056157,,,,,0.020056157,TRUE,TRUE,TRUE
homocitrulline,homocitrulline,100000963,Amino Acid,Urea cycle Arginine and Proline Metabolism,5,11.72668513,11.72668513,0.331674959,0.798403194,1.088797484,1.504211793,TRUE,TRUE,TRUE
clonazepam,clonazepam,100000982,Xenobiotics,Drug - Psychoactive,2,100.0,NA,NA,NA,99.903218,100,FALSE,FALSE,TRUE
3-hydroxykynurenine,3-hydroxykynurenine,100000986,Amino Acid,Tryptophan Metabolism,2,100.0,NA,NA,NA,51.99612872,100,FALSE,FALSE,TRUE
2-linoleoylglycerol (18:2),2-linoleoylglycerol (18:2),100000987,Lipid,Monoacylglycerol,5,52.09580838,13.85041551,41.29353234,52.09580838,46.6489233,17.4488568,TRUE,FALSE,TRUE
oxazepam,oxazepam,100000990,Xenobiotics,Drug - Psychoactive,3,99.81949458,95.10618652,NA,NA,98.98378902,99.81949458,FALSE,FALSE,TRUE
3-hydroxydecanoate,3-hydroxydecanoate,100000997,Lipid,Fatty Acid	 Monohydroxy,5,0.020056157,,,,,0.020056157,TRUE,TRUE,TRUE
citramalate,citramalate,100000998,Amino Acid,Glutamate Metabolism,5,26.14770459,0.55401662,,26.14770459,1.669489475,1.363818692,TRUE,TRUE,TRUE
edta,EDTA,100001002,Xenobiotics,Chemical,5,0.0923,0.0923,,,0.048390999,0.080224629,TRUE,TRUE,TRUE
n-acetylglycine,N-acetylglycine,100001006,Amino Acid,Glycine	 Serine and Threonine Metabolism,5,0.169368497,,,,0.169368497,0.020056157,TRUE,TRUE,TRUE
ribonate,ribonate,100001007,Carbohydrate,Pentose Metabolism,5,1.524316477,0.0923,,0.598802395,1.524316477,0.200561572,TRUE,TRUE,TRUE
threonate,threonate,100001022,Cofactors and Vitamins,Ascorbate and Aldarate Metabolism,5,2.594810379,,,2.594810379,0.290345996,,TRUE,TRUE,TRUE
galactonate,galactonate,100001026,Carbohydrate,Fructose	 Mannose and Galactose Metabolism,5,21.34043068,19.94459834,5.970149254,10.97804391,21.34043068,18.21099077,TRUE,TRUE,TRUE
beta-sitosterol,beta-sitosterol,100001033,Lipid,Sterol,4,80.26533997,NA,80.26533997,54.49101796,62.76312606,49.23786602,FALSE,FALSE,TRUE
indoleacetate,indoleacetate,100001034,Amino Acid,Tryptophan Metabolism,5,0.0241955,,,,0.0241955,0.020056157,TRUE,TRUE,TRUE
1-linoleoylglycerol (18:2),1-linoleoylglycerol (18:2),100001040,Lipid,Monoacylglycerol,5,0.0923,0.0923,,,,0.040112314,TRUE,TRUE,TRUE
1-methylhistidine,1-methylhistidine,100001051,Amino Acid,Histidine Metabolism,5,1.160862355,0.27700831,1.160862355,0.598802395,,0.120336943,TRUE,TRUE,TRUE
butyrylcarnitine (c4),butyrylcarnitine (C4),100001054,Lipid,Fatty Acid Metabolism (also BCAA Metabolism),5,2.177594967,2.123730379,,,2.177594967,1.002807862,TRUE,TRUE,TRUE
isobutyrylcarnitine (c4),isobutyrylcarnitine (C4),100001055,Amino Acid,Leucine	 Isoleucine and Valine Metabolism,5,0.846842487,0.27700831,0.165837479,,0.846842487,0.080224629,TRUE,TRUE,TRUE
glycolithocholate,glycolithocholate,100001064,Lipid,Secondary Bile Acid Metabolism,5,41.71656687,32.5023084,26.86567164,41.71656687,33.3897895,20.47733654,TRUE,TRUE,TRUE
androsterone sulfate,androsterone sulfate,100001073,Lipid,Androgenic Steroids,5,0.331674959,0.27700831,0.331674959,,,0.060168472,TRUE,TRUE,TRUE
indolepropionate,indolepropionate,100001083,Amino Acid,Tryptophan Metabolism,5,0.923361034,0.923361034,0.331674959,0.798403194,0.483909993,0.340954673,TRUE,TRUE,TRUE
n-(2-furoyl)glycine,N-(2-furoyl)glycine,100001086,Xenobiotics,Food Component/Plant,5,17.36863217,4.616805171,4.311774461,2.195608782,8.63779337,17.36863217,TRUE,TRUE,TRUE
trigonelline (n'-methylnicotinate),trigonelline (N'-methylnicotinate),100001092,Cofactors and Vitamins,Nicotinate and Nicotinamide Metabolism,5,0.040112314,,,,,0.040112314,TRUE,TRUE,TRUE
dodecanedioate (c12-dc),dodecanedioate (C12-DC),100001102,Lipid,Fatty Acid	 Dicarboxylate,5,0.314541495,0.184672207,,,0.314541495,,TRUE,TRUE,TRUE
n-acetyltyrosine,N-acetyltyrosine,100001104,Amino Acid,Tyrosine Metabolism,5,2.994011976,1.569713758,0.829187396,2.994011976,1.548511977,0.742077818,TRUE,TRUE,TRUE
1 3-dimethylurate,1 3-dimethylurate,100001106,Xenobiotics,Xanthine Metabolism,5,3.482587065,2.770083102,3.482587065,3.393213573,3.000241955,3.309265945,TRUE,TRUE,TRUE
3-methylxanthine,3-methylxanthine,100001108,Xenobiotics,Xanthine Metabolism,5,1.662049861,1.662049861,0.663349917,0.798403194,1.040406484,0.481347774,TRUE,TRUE,TRUE
3-hydroxylaurate,3-hydroxylaurate,100001112,Lipid,Fatty Acid	 Monohydroxy,5,0.27700831,0.27700831,,,,0.040112314,TRUE,TRUE,TRUE
pyridoxate,pyridoxate,100001121,Cofactors and Vitamins,Vitamin B6 Metabolism,5,0.165837479,,0.165837479,,,0.020056157,TRUE,TRUE,TRUE
gamma-glutamylvaline,gamma-glutamylvaline,100001126,Peptide,Gamma-glutamyl Amino Acid,5,0.020056157,,,,,0.020056157,TRUE,TRUE,TRUE
3-hydroxysebacate,3-hydroxysebacate,100001145,Lipid,Fatty Acid	 Monohydroxy,5,70.05988024,20.31394275,51.74129353,70.05988024,26.7602226,17.54913759,TRUE,FALSE,TRUE
5-hydroxyhexanoate,5-hydroxyhexanoate,100001148,Lipid,Fatty Acid	 Monohydroxy,5,33.88734995,33.88734995,21.89054726,32.93413174,7.500604887,20.89851584,TRUE,TRUE,TRUE
3-methylcrotonylglycine,3-methylcrotonylglycine,100001149,Amino Acid,Leucine	 Isoleucine and Valine Metabolism,5,100.0,22.80701754,23.05140962,11.37724551,18.48536172,100,TRUE,FALSE,TRUE
propionylglycine,propionylglycine,100001150,Lipid,Fatty Acid Metabolism (also BCAA Metabolism),5,46.93200663,6.278855032,46.93200663,21.55688623,6.169852407,3.128760529,TRUE,TRUE,TRUE
butyrylglycine,butyrylglycine,100001151,Lipid,Fatty Acid Metabolism (also BCAA Metabolism),5,57.52105897,31.11726685,25.04145937,19.36127745,24.24389064,57.52105897,TRUE,FALSE,TRUE
propionylcarnitine (c3),propionylcarnitine (C3),100001162,Lipid,Fatty Acid Metabolism (also BCAA Metabolism),5,0.020056157,,,,,0.020056157,TRUE,TRUE,TRUE
pro-hydroxy-pro,pro-hydroxy-pro,100001167,Amino Acid,Urea cycle Arginine and Proline Metabolism,5,0.798403194,0.27700831,0.663349917,0.798403194,0.072586499,0.100280786,TRUE,TRUE,TRUE
3-hydroxy-2-ethylpropionate,3-hydroxy-2-ethylpropionate,100001170,Amino Acid,Leucine	 Isoleucine and Valine Metabolism,5,0.184672207,0.184672207,,,,0.080224629,TRUE,TRUE,TRUE
3-carboxy-4-methyl-5-propyl-2-furanpropanoate (cmpf),3-carboxy-4-methyl-5-propyl-2-furanpropanoate (CMPF),100001178,Lipid,Fatty Acid	 Dicarboxylate,5,0.020056157,,,,,0.020056157,TRUE,TRUE,TRUE
docosapentaenoate (n3 dpa 22:5n3),docosapentaenoate (n3 DPA 22:5n3),100001181,Lipid,Long Chain Polyunsaturated Fatty Acid (n3 and n6),5,0.040112314,,,,,0.040112314,TRUE,TRUE,TRUE
docosadienoate (22:2n6),docosadienoate (22:2n6),100001182,Lipid,Long Chain Polyunsaturated Fatty Acid (n3 and n6),5,1.754385965,1.754385965,,,,0.060168472,TRUE,TRUE,TRUE
adrenate (22:4n6),adrenate (22:4n6),100001193,Lipid,Long Chain Polyunsaturated Fatty Acid (n3 and n6),5,0.369344414,0.369344414,,,,0.040112314,TRUE,TRUE,TRUE
docosatrienoate (22:3n3),docosatrienoate (22:3n3),100001195,Lipid,Long Chain Polyunsaturated Fatty Acid (n3 and n6),2,23.75998064,NA,NA,NA,23.75998064,14.50060168,FALSE,FALSE,TRUE
10-undecenoate (11:1n1),10-undecenoate (11:1n1),100001197,Lipid,Medium Chain Fatty Acid,5,0.020056157,,,,,0.020056157,TRUE,TRUE,TRUE
myristoleate (14:1n5),myristoleate (14:1n5),100001198,Lipid,Long Chain Monounsaturated Fatty Acid,5,0.798451488,,,,0.798451488,,TRUE,TRUE,TRUE
4-imidazoleacetate,4-imidazoleacetate,100001207,Amino Acid,Histidine Metabolism,4,32.22840552,NA,8.457711443,13.57285429,32.22840552,21.78098676,FALSE,FALSE,TRUE
1-methyl-4-imidazoleacetate,1-methyl-4-imidazoleacetate,100001208,Amino Acid,Histidine Metabolism,5,1.103088648,,0.165837479,,0.266150496,1.103088648,TRUE,TRUE,TRUE
sebacate (c10-dc),sebacate (C10-DC),100001211,Lipid,Fatty Acid	 Dicarboxylate,5,30.93812375,5.632502308,6.633499171,30.93812375,11.34768933,3.088648215,TRUE,TRUE,TRUE
stearidonate (18:4n3),stearidonate (18:4n3),100001229,Lipid,Long Chain Polyunsaturated Fatty Acid (n3 and n6),5,0.461680517,0.461680517,,,,0.040112314,TRUE,TRUE,TRUE
5-dodecenoate (12:1n7),5-dodecenoate (12:1n7),100001232,Lipid,Medium Chain Fatty Acid,5,0.738688827,0.738688827,,,,0.100280786,TRUE,TRUE,TRUE
octanoylcarnitine (c8),octanoylcarnitine (C8),100001247,Lipid,Fatty Acid Metabolism (Acyl Carnitine	 Medium Chain),5,0.0,,,,,,TRUE,TRUE,TRUE
decanoylcarnitine (c10),decanoylcarnitine (C10),100001251,Lipid,Fatty Acid Metabolism (Acyl Carnitine	 Medium Chain),5,0.0,,,,,,TRUE,TRUE,TRUE
n-acetylglutamine,N-acetylglutamine,100001253,Amino Acid,Glutamate Metabolism,5,3.878116343,3.878116343,,0.399201597,0.532300992,0.140393101,TRUE,TRUE,TRUE
n-acetyltryptophan,N-acetyltryptophan,100001254,Amino Acid,Tryptophan Metabolism,5,0.184672207,0.184672207,,,,0.040112314,TRUE,TRUE,TRUE
n-acetylphenylalanine,N-acetylphenylalanine,100001256,Amino Acid,Phenylalanine Metabolism,5,2.677746999,2.677746999,,,0.338736995,0.180505415,TRUE,TRUE,TRUE
n-acetylasparagine,N-acetylasparagine,100001257,Amino Acid,Alanine and Aspartate Metabolism,2,4.131568391,NA,NA,NA,3.242196951,4.131568391,FALSE,FALSE,TRUE
1-palmitoyl-gpc (16:0),1-palmitoyl-GPC (16:0),100001263,Lipid,Lysophospholipid,5,0.0,,,,,,TRUE,TRUE,TRUE
n-acetylarginine,N-acetylarginine,100001266,Amino Acid,Urea cycle Arginine and Proline Metabolism,5,0.020056157,,,,,0.020056157,TRUE,TRUE,TRUE
piperine,piperine,100001267,Xenobiotics,Food Component/Plant,5,1.385041551,1.385041551,0.663349917,0.998003992,0.798451488,0.36101083,TRUE,TRUE,TRUE
campesterol,campesterol,100001269,Lipid,Sterol,5,54.89220564,30.10156971,54.89220564,16.16766467,36.48681345,24.66907341,TRUE,FALSE,TRUE
myristoylcarnitine (c14),myristoylcarnitine (C14),100001270,Lipid,Fatty Acid Metabolism (Acyl Carnitine	 Long Chain Saturated),5,0.184672207,0.184672207,,,,0.020056157,TRUE,TRUE,TRUE
1-stearoyl-gpc (18:0),1-stearoyl-GPC (18:0),100001271,Lipid,Lysophospholipid,5,0.020056157,,,,,0.020056157,TRUE,TRUE,TRUE
1-oleoyl-gpc (18:1),1-oleoyl-GPC (18:1),100001272,Lipid,Lysophospholipid,5,0.020056157,,,,,0.020056157,TRUE,TRUE,TRUE
n-acetylthreonine,N-acetylthreonine,100001274,Amino Acid,Glycine	 Serine and Threonine Metabolism,5,0.280786201,,,,0.0241955,0.280786201,TRUE,TRUE,TRUE
n-acetylisoleucine,N-acetylisoleucine,100001276,Amino Acid,Leucine	 Isoleucine and Valine Metabolism,5,100.0,1.200369344,7.131011609,15.96806387,7.234454391,100,TRUE,FALSE,TRUE
10-nonadecenoate (19:1n9),10-nonadecenoate (19:1n9),100001277,Lipid,Long Chain Monounsaturated Fatty Acid,5,0.0923,0.0923,,,,0.020056157,TRUE,TRUE,TRUE
10-heptadecenoate (17:1n7),10-heptadecenoate (17:1n7),100001278,Lipid,Long Chain Monounsaturated Fatty Acid,5,0.165837479,,0.165837479,,,,TRUE,TRUE,TRUE
hyocholate,hyocholate,100001279,Lipid,Secondary Bile Acid Metabolism,5,38.14262023,38.13481071,38.14262023,34.53093812,29.30075006,19.15363016,TRUE,TRUE,TRUE
epiandrosterone sulfate,epiandrosterone sulfate,100001287,Lipid,Androgenic Steroids,5,0.497512438,0.461680517,0.497512438,,0.0241955,0.040112314,TRUE,TRUE,TRUE
n-acetylhistidine,N-acetylhistidine,100001293,Amino Acid,Histidine Metabolism,5,4.339796861,4.339796861,,0.399201597,0.193563997,0.040112314,TRUE,TRUE,TRUE
gamma-glutamylglycine,gamma-glutamylglycine,100001294,Peptide,Gamma-glutamyl Amino Acid,5,0.020056157,,,,,0.020056157,TRUE,TRUE,TRUE
gamma-glutamyltryptophan,gamma-glutamyltryptophan,100001295,Peptide,Gamma-glutamyl Amino Acid,5,4.432132964,4.432132964,0.497512438,0.399201597,2.153399468,4.031287605,TRUE,TRUE,TRUE
stachydrine,stachydrine,100001296,Xenobiotics,Food Component/Plant,5,0.340954673,,0.165837479,0.199600798,,0.340954673,TRUE,TRUE,TRUE
alpha-hydroxyisovalerate,alpha-hydroxyisovalerate,100001300,Amino Acid,Leucine	 Isoleucine and Valine Metabolism,5,0.020056157,,,,,0.020056157,TRUE,TRUE,TRUE
hydroxybupropion,hydroxybupropion,100001309,Xenobiotics,Drug - Psychoactive,2,99.709654,NA,NA,NA,99.709654,99.09747292,FALSE,FALSE,TRUE
gamma-glutamylmethionine,gamma-glutamylmethionine,100001313,Peptide,Gamma-glutamyl Amino Acid,5,0.060168472,,,,0.0241955,0.060168472,TRUE,TRUE,TRUE
gamma-glutamylthreonine,gamma-glutamylthreonine,100001314,Peptide,Gamma-glutamyl Amino Acid,5,0.240673887,,,,,0.240673887,TRUE,TRUE,TRUE
p-cresol sulfate,p-cresol sulfate,100001315,Xenobiotics,Benzoate Metabolism,5,0.0,,,,,,TRUE,TRUE,TRUE
erythronate,erythronate*,100001320,Carbohydrate,Aminosugar Metabolism,5,0.0,,,,,,TRUE,TRUE,TRUE
fibrinopeptide a,Fibrinopeptide A*,100001322,Peptide,Fibrinogen Cleavage Peptide,5,96.51741294,63.34256694,96.51741294,96.40718563,77.98209533,84.25591657,TRUE,FALSE,TRUE
fibrinopeptide a des-ala(1),Fibrinopeptide A des-ala(1)*,100001323,Peptide,Fibrinogen Cleavage Peptide,5,95.68822554,44.32132964,95.68822554,93.41317365,58.74667312,73.72643402,TRUE,FALSE,TRUE
fibrinopeptide a phosphono-ser(3),Fibrinopeptide A phosphono-ser(3)*,100001324,Peptide,Fibrinogen Cleavage Peptide,5,99.00199601,79.77839335,97.84411277,99.00199601,85.70045971,93.52186121,TRUE,FALSE,TRUE
salicyluric glucuronide,salicyluric glucuronide*,100001332,Xenobiotics,Drug - Analgesics	 Anesthetics,5,78.04391218,59.83379501,52.40464345,78.04391218,74.95765788,26.8752507,TRUE,FALSE,TRUE
eicosenoate (20:1),eicosenoate (20:1),100001335,Lipid,Long Chain Monounsaturated Fatty Acid,5,0.0,,,,,,TRUE,TRUE,TRUE
linolenate [alpha or gamma (18:3n3 or 6)],linolenate [alpha or gamma (18:3n3 or 6)],100001337,Lipid,Long Chain Polyunsaturated Fatty Acid (n3 and n6),5,0.0,,,,,,TRUE,TRUE,TRUE
aconitate [cis or trans],aconitate [cis or trans],100001359,Energy,TCA Cycle,5,0.020056157,,,,,0.020056157,TRUE,TRUE,TRUE
metoprolol acid metabolite,metoprolol acid metabolite*,100001385,Xenobiotics,Drug - Cardiovascular,5,98.60279441,93.44413666,79.10447761,98.60279441,91.07186063,95.82831929,TRUE,FALSE,TRUE
stearoylcarnitine (c18),stearoylcarnitine (C18),100001391,Lipid,Fatty Acid Metabolism (Acyl Carnitine	 Long Chain Saturated),5,0.020056157,,,,,0.020056157,TRUE,TRUE,TRUE
laurylcarnitine (c12),laurylcarnitine (C12),100001392,Lipid,Fatty Acid Metabolism (Acyl Carnitine	 Medium Chain),5,0.020056157,,,,,0.020056157,TRUE,TRUE,TRUE
isovalerylcarnitine (c5),isovalerylcarnitine (C5),100001393,Amino Acid,Leucine	 Isoleucine and Valine Metabolism,5,0.184672207,0.184672207,,,,0.040112314,TRUE,TRUE,TRUE
1-linoleoyl-gpc (18:2),1-linoleoyl-GPC (18:2),100001395,Lipid,Lysophospholipid,5,0.040112314,,,,,0.040112314,TRUE,TRUE,TRUE
7-methylxanthine,7-methylxanthine,100001396,Xenobiotics,Xanthine Metabolism,5,12.28070175,12.28070175,0.331674959,0.598802395,0.846842487,0.521460088,TRUE,TRUE,TRUE
1 3 7-trimethylurate,1 3 7-trimethylurate,100001397,Xenobiotics,Xanthine Metabolism,5,11.17764471,8.217913204,8.457711443,11.17764471,6.774739898,11.13116727,TRUE,TRUE,TRUE
3 7-dimethylurate,3 7-dimethylurate,100001398,Xenobiotics,Xanthine Metabolism,5,31.34328358,14.95844875,31.34328358,22.55489022,13.2833293,14.90172483,TRUE,TRUE,TRUE
1 7-dimethylurate,1 7-dimethylurate,100001399,Xenobiotics,Xanthine Metabolism,5,1.19760479,0.923361034,0.497512438,1.19760479,0.871037987,0.762133975,TRUE,TRUE,TRUE
1-methylurate,1-methylurate,100001400,Xenobiotics,Xanthine Metabolism,5,1.385041551,1.385041551,0.165837479,1.19760479,0.217759497,0.601684717,TRUE,TRUE,TRUE
5-acetylamino-6-formylamino-3-methyluracil,5-acetylamino-6-formylamino-3-methyluracil,100001402,Xenobiotics,Xanthine Metabolism,5,12.82361481,6.740535549,4.975124378,1.596806387,12.82361481,1.38387485,TRUE,TRUE,TRUE
5-acetylamino-6-amino-3-methyluracil,5-acetylamino-6-amino-3-methyluracil,100001403,Xenobiotics,Xanthine Metabolism,5,1.292705448,1.292705448,0.497512438,0.598802395,0.822646988,0.541516245,TRUE,TRUE,TRUE
1-methylxanthine,1-methylxanthine,100001405,Xenobiotics,Xanthine Metabolism,5,4.06278855,4.06278855,2.487562189,3.193612774,1.500120977,1.363818692,TRUE,TRUE,TRUE
n1-methylinosine,N1-methylinosine,100001409,Nucleotide,Purine Metabolism	 (Hypo)Xanthine/Inosine containing,5,6.056959487,,,0.598802395,0.120977498,6.056959487,TRUE,TRUE,TRUE
n2 n2-dimethylguanosine,N2 N2-dimethylguanosine,100001412,Nucleotide,Purine Metabolism	 Guanine containing,5,0.020056157,,,,,0.020056157,TRUE,TRUE,TRUE
n4-acetylcytidine,N4-acetylcytidine,100001413,Nucleotide,Pyrimidine Metabolism	 Cytidine containing,5,12.55746431,4.616805171,0.165837479,,12.55746431,1.303650221,TRUE,TRUE,TRUE
n6-carbamoylthreonyladenosine,N6-carbamoylthreonyladenosine,100001415,Nucleotide,Purine Metabolism	 Adenine containing,5,2.308402585,2.308402585,,,0.266150496,0.240673887,TRUE,TRUE,TRUE
orotidine,orotidine,100001416,Nucleotide,Pyrimidine Metabolism	 Orotate containing,5,1.985559567,1.939058172,0.165837479,,0.290345996,1.985559567,TRUE,TRUE,TRUE
phenylacetylglutamine,phenylacetylglutamine,100001417,Peptide,Acetylated Peptides,5,0.020056157,,,,,0.020056157,TRUE,TRUE,TRUE
4-hydroxyhippurate,4-hydroxyhippurate,100001423,Xenobiotics,Benzoate Metabolism,5,0.199600798,0.0923,0.165837479,0.199600798,0.0241955,0.180505415,TRUE,TRUE,TRUE
5 6-dihydrouridine,5 6-dihydrouridine,100001425,Nucleotide,Pyrimidine Metabolism	 Uracil containing,5,0.040112314,,,,,0.040112314,TRUE,TRUE,TRUE
3-(3-amino-3-carboxypropyl)uridine,3-(3-amino-3-carboxypropyl)uridine*,100001426,Nucleotide,Pyrimidine Metabolism	 Uracil containing,5,14.03508772,14.03508772,,,1.693684975,0.160449258,TRUE,TRUE,TRUE
1-pentadecanoylglycerol (15:0),1-pentadecanoylglycerol (15:0),100001431,Lipid,Monoacylglycerol,2,100.0,NA,NA,NA,94.96733608,100,FALSE,FALSE,TRUE
1-arachidonylglycerol (20:4),1-arachidonylglycerol (20:4),100001433,Lipid,Monoacylglycerol,5,25.1497006,20.86795937,7.960199005,25.1497006,22.84055166,4.833533895,TRUE,TRUE,TRUE
1-linolenoylglycerol (18:3),1-linolenoylglycerol (18:3),100001435,Lipid,Monoacylglycerol,5,39.36607791,31.30193906,13.26699834,35.72854291,39.36607791,32.49097473,TRUE,TRUE,TRUE
cysteine-glutathione disulfide,cysteine-glutathione disulfide,100001437,Amino Acid,Glutathione Metabolism,5,14.86611265,14.86611265,0.497512438,4.99001996,0.846842487,0.280786201,TRUE,TRUE,TRUE
5-methyluridine (ribothymidine),5-methyluridine (ribothymidine),100001446,Nucleotide,Pyrimidine Metabolism	 Uracil containing,5,0.020056157,,,,,0.020056157,TRUE,TRUE,TRUE
isovalerylglycine,isovalerylglycine,100001452,Amino Acid,Leucine	 Isoleucine and Valine Metabolism,5,46.10281924,3.50877193,46.10281924,43.91217565,24.72780063,11.19133574,TRUE,TRUE,TRUE
3-hydroxydodecanedioate,3-hydroxydodecanedioate*,100001454,Lipid,Fatty Acid	 Dicarboxylate,5,44.11177645,19.75992613,6.965174129,44.11177645,10.71860634,12.13397513,TRUE,TRUE,TRUE
7-methylguanine,7-methylguanine,100001456,Nucleotide,Purine Metabolism	 Guanine containing,5,0.020056157,,,,,0.020056157,TRUE,TRUE,TRUE
1-stearoyl-gpe (18:0),1-stearoyl-GPE (18:0),100001461,Lipid,Lysophospholipid,5,0.040112314,,,,,0.040112314,TRUE,TRUE,TRUE
1-stearoyl-gpg (18:0),1-stearoyl-GPG (18:0),100001462,Lipid,Lysophospholipid,5,35.64173592,35.64173592,23.05140962,26.34730539,14.39632228,14.2599278,TRUE,TRUE,TRUE
3-methylcytidine,3-methylcytidine,100001466,Nucleotide,Pyrimidine Metabolism	 Cytidine containing,5,23.91505078,23.91505078,0.663349917,0.199600798,0.169368497,0.982751705,TRUE,TRUE,TRUE
n1-methyl-2-pyridone-5-carboxamide,N1-Methyl-2-pyridone-5-carboxamide,100001468,Cofactors and Vitamins,Nicotinate and Nicotinamide Metabolism,5,0.020056157,,,,,0.020056157,TRUE,TRUE,TRUE
gamma-glutamylisoleucine,gamma-glutamylisoleucine*,100001485,Peptide,Gamma-glutamyl Amino Acid,5,0.120336943,,,,,0.120336943,TRUE,TRUE,TRUE
oleoylcarnitine (c18:1),oleoylcarnitine (C18:1),100001501,Lipid,Fatty Acid Metabolism (Acyl Carnitine	 Monounsaturated),5,0.040112314,,,,,0.040112314,TRUE,TRUE,TRUE
gamma-glutamyl-2-aminobutyrate,gamma-glutamyl-2-aminobutyrate,100001502,Peptide,Gamma-glutamyl Amino Acid,5,14.12742382,14.12742382,5.140961857,1.19760479,0.701669489,11.15122343,TRUE,TRUE,TRUE
phenol sulfate,phenol sulfate,100001510,Amino Acid,Tyrosine Metabolism,5,0.0,,,,,,TRUE,TRUE,TRUE
1-palmitoleoyl-gpc (16:1),1-palmitoleoyl-GPC (16:1)*,100001511,Lipid,Lysophospholipid,5,0.100280786,,,,,0.100280786,TRUE,TRUE,TRUE
malonylcarnitine,malonylcarnitine,100001526,Lipid,Fatty Acid Synthesis,5,33.07260329,4.986149584,22.3880597,2.794411178,2.855068957,33.07260329,TRUE,TRUE,TRUE
lidocaine,lidocaine,100001538,Xenobiotics,Drug - Analgesics	 Anesthetics,5,99.4011976,99.16897507,98.67330017,99.4011976,97.65303654,99.13758524,TRUE,FALSE,TRUE
n-ethylglycinexylidide,N-ethylglycinexylidide,100001539,Xenobiotics,Drug - Analgesics	 Anesthetics,5,99.53870838,99.16897507,98.83913765,99.4011976,98.71763852,99.53870838,TRUE,FALSE,TRUE
glutamine_degradant,glutamine_degradant*,100001540,Partially Characterized Molecules,Partially Characterized Molecules,5,0.020056157,,,,,0.020056157,TRUE,TRUE,TRUE
2-hydroxy-3-methylvalerate,2-hydroxy-3-methylvalerate,100001541,Amino Acid,Leucine	 Isoleucine and Valine Metabolism,5,1.569713758,1.569713758,,,,0.020056157,TRUE,TRUE,TRUE
homostachydrine,homostachydrine*,100001550,Xenobiotics,Food Component/Plant,5,6.786427146,2.123730379,,6.786427146,0.120977498,0.020056157,TRUE,TRUE,TRUE
1-arachidonoyl-gpc (20:4n6),1-arachidonoyl-GPC (20:4n6)*,100001551,Lipid,Lysophospholipid,5,0.040112314,,,,,0.040112314,TRUE,TRUE,TRUE
2-palmitoyl-gpc (16:0),2-palmitoyl-GPC (16:0)*,100001562,Lipid,Lysophospholipid,5,0.040112314,,,,,0.040112314,TRUE,TRUE,TRUE
1-palmitoyl-gpe (16:0),1-palmitoyl-GPE (16:0),100001567,Lipid,Lysophospholipid,5,0.020056157,,,,,0.020056157,TRUE,TRUE,TRUE
1-oleoyl-gpe (18:1),1-oleoyl-GPE (18:1),100001569,Lipid,Lysophospholipid,5,0.040112314,,,,,0.040112314,TRUE,TRUE,TRUE
1-linoleoyl-gpe (18:2),1-linoleoyl-GPE (18:2)*,100001570,Lipid,Lysophospholipid,5,0.0,,,,,,TRUE,TRUE,TRUE
1-arachidonoyl-gpe (20:4n6),1-arachidonoyl-GPE (20:4n6)*,100001571,Lipid,Lysophospholipid,5,0.040112314,,,,,0.040112314,TRUE,TRUE,TRUE
n-acetylcitrulline,N-acetylcitrulline,100001577,Amino Acid,Urea cycle Arginine and Proline Metabolism,5,25.20775623,25.20775623,5.638474295,23.15369261,18.89668522,5.615724027,TRUE,TRUE,TRUE
2-hydroxypalmitate,2-hydroxypalmitate,100001579,Lipid,Fatty Acid	 Monohydroxy,5,0.020056157,,,,,0.020056157,TRUE,TRUE,TRUE
docosapentaenoate (n6 dpa 22:5n6),docosapentaenoate (n6 DPA 22:5n6),100001580,Lipid,Long Chain Polyunsaturated Fatty Acid (n3 and n6),3,43.50180505,37.8578024,NA,NA,15.31575127,43.50180505,FALSE,FALSE,TRUE
gulonate,gulonate*,100001586,Cofactors and Vitamins,Ascorbate and Aldarate Metabolism,5,17.83208323,16.1588181,0.331674959,8.582834331,17.83208323,10.66987565,TRUE,TRUE,TRUE
pivaloylcarnitine (c5),pivaloylcarnitine (C5),100001589,Xenobiotics,Drug - Topical Agents,2,100.0,NA,NA,NA,99.806436,100,FALSE,FALSE,TRUE
glutarylcarnitine (c5-dc),glutarylcarnitine (C5-DC),100001593,Amino Acid,Lysine Metabolism,5,0.387127994,0.0923,,,0.387127994,0.140393101,TRUE,TRUE,TRUE
beta-hydroxyisovaleroylcarnitine,beta-hydroxyisovaleroylcarnitine,100001594,Amino Acid,Leucine	 Isoleucine and Valine Metabolism,5,0.831024931,0.831024931,,,,0.381066988,TRUE,TRUE,TRUE
2-methylmalonylcarnitine (c4-dc),2-methylmalonylcarnitine (C4-DC),100001596,Lipid,Fatty Acid Metabolism (also BCAA Metabolism),2,53.28920979,NA,NA,NA,8.081296879,53.28920979,FALSE,FALSE,TRUE
tiglylcarnitine (c5:1-dc),tiglylcarnitine (C5:1-DC),100001597,Amino Acid,Leucine	 Isoleucine and Valine Metabolism,5,6.658644204,0.0923,,,0.266150496,6.658644204,TRUE,TRUE,TRUE
hydroquinone sulfate,hydroquinone sulfate,100001604,Xenobiotics,Drug - Topical Agents,5,11.90418582,6.925207756,5.970149254,8.982035928,11.90418582,4.171680706,TRUE,TRUE,TRUE
catechol sulfate,catechol sulfate,100001605,Xenobiotics,Benzoate Metabolism,5,0.020056157,,,,,0.020056157,TRUE,TRUE,TRUE
cholesterol sulfate,cholesterol sulfate,100001606,Lipid,Sterol,5,60.10830325,0.0923,,,,60.10830325,TRUE,FALSE,TRUE
7-alpha-hydroxy-3-oxo-4-cholestenoate (7-hoca),7-alpha-hydroxy-3-oxo-4-cholestenoate (7-Hoca),100001609,Lipid,Sterol,5,0.040112314,,,,,0.040112314,TRUE,TRUE,TRUE
3beta 7alpha-dihydroxy-5-cholestenoate,3beta 7alpha-dihydroxy-5-cholestenoate,100001611,Lipid,Sterol,5,1.596806387,0.738688827,,1.596806387,0.701669489,0.902527076,TRUE,TRUE,TRUE
n-acetyl-aspartyl-glutamate (naag),N-acetyl-aspartyl-glutamate (NAAG),100001612,Amino Acid,Glutamate Metabolism,5,12.6153229,11.72668513,0.829187396,0.998003992,1.742075974,12.6153229,TRUE,TRUE,TRUE
tetradecanedioate (c14-dc),tetradecanedioate (C14-DC),100001613,Lipid,Fatty Acid	 Dicarboxylate,5,0.040112314,,,,,0.040112314,TRUE,TRUE,TRUE
octadecanedioate (c18-dc),octadecanedioate (C18-DC),100001615,Lipid,Fatty Acid	 Dicarboxylate,5,0.998003992,,,0.998003992,0.532300992,0.180505415,TRUE,TRUE,TRUE
undecanedioate (c11-dc),undecanedioate (C11-DC),100001617,Lipid,"Fatty Acid, Dicarboxylate",4,100.0,NA,25.70480929,44.91017964,53.90757319,100,FALSE,FALSE,TRUE
1-myristoylglycerol (14:0),1-myristoylglycerol (14:0),100001618,Lipid,Monoacylglycerol,3,100.0,14.40443213,NA,NA,52.23808372,100,FALSE,FALSE,TRUE
glycerophosphoethanolamine,glycerophosphoethanolamine,100001620,Lipid,Phospholipid Metabolism,5,0.020056157,,,,,0.020056157,TRUE,TRUE,TRUE
3-(3-hydroxyphenyl)propionate,3-(3-hydroxyphenyl)propionate,100001624,Xenobiotics,Benzoate Metabolism,5,16.80517082,16.80517082,13.93034826,13.97205589,12.29131382,15.36301645,TRUE,TRUE,TRUE
ectoine,ectoine,100001635,Xenobiotics,Chemical,5,15.23545706,15.23545706,1.326699834,,4.210016937,3.469715203,TRUE,TRUE,TRUE
1-arachidonoyl-gpi (20:4),1-arachidonoyl-GPI (20:4)*,100001654,Lipid,Lysophospholipid,5,0.040112314,,,,,0.040112314,TRUE,TRUE,TRUE
1-palmitoyl-gpi (16:0),1-palmitoyl-GPI (16:0),100001655,Lipid,Lysophospholipid,5,1.103088648,0.831024931,,0.199600798,0.048390999,1.103088648,TRUE,TRUE,TRUE
glycolithocholate sulfate,glycolithocholate sulfate*,100001657,Lipid,Secondary Bile Acid Metabolism,5,0.461680517,0.461680517,,0.199600798,0.072586499,0.120336943,TRUE,TRUE,TRUE
taurolithocholate 3-sulfate,taurolithocholate 3-sulfate,100001658,Lipid,Secondary Bile Acid Metabolism,5,2.216066482,2.216066482,0.829187396,1.596806387,0.919428986,0.902527076,TRUE,TRUE,TRUE
deoxycarnitine,deoxycarnitine,100001662,Lipid,Carnitine Metabolism,5,0.020056157,,,,,0.020056157,TRUE,TRUE,TRUE
n6-succinyladenosine,N6-succinyladenosine,100001664,Nucleotide,"Purine Metabolism, Adenine containing",4,32.15581902,NA,28.85572139,30.13972056,32.15581902,3.971119134,FALSE,FALSE,TRUE
1-ribosyl-imidazoleacetate,1-ribosyl-imidazoleacetate*,100001668,Amino Acid,Histidine Metabolism,5,0.0241955,,,,0.0241955,0.020056157,TRUE,TRUE,TRUE
olanzapine,olanzapine,100001716,Xenobiotics,Drug - Psychoactive,2,99.97994384,NA,NA,NA,99.903218,99.97994384,FALSE,FALSE,TRUE
n2-acetyllysine,N2-acetyllysine,100001721,Amino Acid,Lysine Metabolism,4,100.0,NA,24.21227197,52.49500998,39.39027341,100,FALSE,FALSE,TRUE
alpha-hydroxycaproate,alpha-hydroxycaproate,100001723,Lipid,"Fatty Acid, Monohydroxy",4,100.0,NA,49.08789386,36.12774451,19.7919187,100,FALSE,FALSE,TRUE
3 4-dihydroxybutyrate,3 4-dihydroxybutyrate,100001730,Lipid,Fatty Acid	 Dihydroxy,5,0.556496492,0.0923,,,0.556496492,0.020056157,TRUE,TRUE,TRUE
indoleacetylglutamine,indoleacetylglutamine,100001731,Amino Acid,Tryptophan Metabolism,5,26.77746999,26.77746999,12.43781095,9.381237525,1.33075248,10.95066185,TRUE,TRUE,TRUE
hexanoylglutamine,hexanoylglutamine,100001733,Lipid,Fatty Acid Metabolism (Acyl Glutamine),5,2.308402585,2.308402585,,1.19760479,0.919428986,0.180505415,TRUE,TRUE,TRUE
n6-acetyllysine,N6-acetyllysine,100001734,Amino Acid,Lysine Metabolism,5,0.020056157,,,,,0.020056157,TRUE,TRUE,TRUE
dihomo-linolenate (20:3n3 or n6),dihomo-linolenate (20:3n3 or n6),100001739,Lipid,Long Chain Polyunsaturated Fatty Acid (n3 and n6),5,0.0,,,,,,TRUE,TRUE,TRUE
mannitol/sorbitol,mannitol/sorbitol,100001740,Carbohydrate,Fructose	 Mannose and Galactose Metabolism,5,0.020056157,,,,,0.020056157,TRUE,TRUE,TRUE
tryptophan betaine,tryptophan betaine,100001743,Amino Acid,Tryptophan Metabolism,5,2.155887231,0.738688827,2.155887231,0.399201597,0.048390999,0.200561572,TRUE,TRUE,TRUE
4-vinylphenol sulfate,4-vinylphenol sulfate,100001755,Xenobiotics,Benzoate Metabolism,5,0.020056157,,,,,0.020056157,TRUE,TRUE,TRUE
4-ethylphenylsulfate,4-ethylphenylsulfate,100001756,Xenobiotics,Benzoate Metabolism,5,0.199600798,,,0.199600798,0.048390999,0.040112314,TRUE,TRUE,TRUE
thymol sulfate,thymol sulfate,100001757,Xenobiotics,Food Component/Plant,5,15.92039801,2.216066482,15.92039801,8.183632735,2.806677958,1.042920176,TRUE,TRUE,TRUE
3-methyladipate,3-methyladipate,100001765,Lipid,Fatty Acid	 Dicarboxylate,5,19.9370917,7.01754386,1.326699834,5.389221557,19.9370917,9.546730846,TRUE,TRUE,TRUE
pyrraline,pyrraline,100001767,Xenobiotics,Food Component/Plant,5,10.61359867,3.50877193,10.61359867,8.78243513,9.412049359,3.770557561,TRUE,TRUE,TRUE
n6-carboxymethyllysine,N6-carboxymethyllysine,100001768,Carbohydrate,Advanced Glycation End-product,5,19.87565183,1.662049861,4.975124378,6.986027944,1.258165981,19.87565183,TRUE,TRUE,TRUE
1-oleoyl-gpi (18:1),1-oleoyl-GPI (18:1),100001777,Lipid,Lysophospholipid,5,1.662049861,1.662049861,,,0.072586499,0.060168472,TRUE,TRUE,TRUE
1-linoleoyl-gpi (18:2),1-linoleoyl-GPI (18:2)*,100001778,Lipid,Lysophospholipid,5,0.080224629,,,,,0.080224629,TRUE,TRUE,TRUE
desmethylnaproxen,desmethylnaproxen,100001787,Xenobiotics,Drug - Analgesics	 Anesthetics,4,98.66924752,98.43028624,98.50746269,NA,98.66924752,98.27517048,FALSE,FALSE,TRUE
desmethylnaproxen sulfate,desmethylnaproxen sulfate,100001788,Xenobiotics,Drug - Analgesics	 Anesthetics,5,99.4011976,98.24561404,98.00995025,99.4011976,98.40309702,97.3726434,TRUE,FALSE,TRUE
2-hydroxyacetaminophen sulfate,2-hydroxyacetaminophen sulfate*,100001791,Xenobiotics,Drug - Analgesics	 Anesthetics,5,76.64670659,64.63527239,64.013267,76.64670659,72.78006291,57.34055355,TRUE,FALSE,TRUE
2-methoxyacetaminophen sulfate,2-methoxyacetaminophen sulfate*,100001793,Xenobiotics,Drug - Analgesics	 Anesthetics,5,90.81836327,84.57987073,74.79270315,90.81836327,83.49866925,87.86602487,TRUE,FALSE,TRUE
2-methoxyacetaminophen glucuronide,2-methoxyacetaminophen glucuronide*,100001795,Xenobiotics,Drug - Analgesics	 Anesthetics,5,90.21956088,85.50323176,75.95356551,90.21956088,85.19235422,85.5996791,TRUE,FALSE,TRUE
3-(cystein-s-yl)acetaminophen,3-(cystein-S-yl)acetaminophen*,100001797,Xenobiotics,Drug - Analgesics	 Anesthetics,5,93.61277445,87.34995383,82.08955224,93.61277445,90.80571014,93.38146811,TRUE,FALSE,TRUE
o-cresol sulfate,o-cresol sulfate,100001806,Xenobiotics,Benzoate Metabolism,5,20.95808383,2.216066482,17.24709784,20.95808383,12.89620131,5.836341757,TRUE,TRUE,TRUE
dimethylarginine (sdma + adma),dimethylarginine (SDMA + ADMA),100001810,Amino Acid,Urea cycle Arginine and Proline Metabolism,5,0.020056157,,,,,0.020056157,TRUE,TRUE,TRUE
gamma-glutamylalanine,gamma-glutamylalanine,100001843,Peptide,Gamma-glutamyl Amino Acid,5,13.4526978,0.184672207,1.160862355,0.399201597,13.4526978,11.01083032,TRUE,TRUE,TRUE
n-acetylserine,N-acetylserine,100001851,Amino Acid,Glycine	 Serine and Threonine Metabolism,5,0.020056157,,,,,0.020056157,TRUE,TRUE,TRUE
1-stearoyl-2-oleoyl-gpe (18:0/18:1),1-stearoyl-2-oleoyl-GPE (18:0/18:1),100001856,Lipid,Phosphatidylethanolamine (PE),5,0.040112314,,,,,0.040112314,TRUE,TRUE,TRUE
chiro-inositol,chiro-inositol,100001859,Lipid,Inositol Metabolism,4,62.2754491,NA,52.07296849,62.2754491,54.70602468,57.13999198,FALSE,FALSE,TRUE
4-allylphenol sulfate,4-allylphenol sulfate,100001868,Xenobiotics,Food Component/Plant,5,0.27700831,0.27700831,,0.199600798,0.217759497,0.120336943,TRUE,TRUE,TRUE
1-stearoyl-2-arachidonoyl-gpc (18:0/20:4),1-stearoyl-2-arachidonoyl-GPC (18:0/20:4),100001869,Lipid,Phosphatidylcholine (PC),5,0.0,,,,,,TRUE,TRUE,TRUE
1-palmitoyl-2-linoleoyl-gpe (16:0/18:2),1-palmitoyl-2-linoleoyl-GPE (16:0/18:2),100001870,Lipid,Phosphatidylethanolamine (PE),5,0.020056157,,,,,0.020056157,TRUE,TRUE,TRUE
sphinganine-1-phosphate,sphinganine-1-phosphate,100001876,Lipid,Sphingolipid Synthesis,5,1.160862355,0.646352724,1.160862355,,0.120977498,0.060168472,TRUE,TRUE,TRUE
glycosyl-n-stearoyl-sphingosine (d18:1/18:0),glycosyl-N-stearoyl-sphingosine (d18:1/18:0),100001882,Lipid,Hexosylceramides (HCER),5,1.022864019,0.738688827,,,0.0241955,1.022864019,TRUE,TRUE,TRUE
carbamazepine,carbamazepine,100001933,Xenobiotics,Drug - Neurological,5,99.67910148,99.44598338,99.33665008,99.6007984,99.44350351,99.67910148,TRUE,FALSE,TRUE
chlorzoxazone,chlorzoxazone,100001935,Xenobiotics,Drug - Neurological,3,99.81532779,99.81532779,NA,NA,99.709654,99.77938227,FALSE,FALSE,TRUE
succinylcarnitine (c4-dc),succinylcarnitine (C4-DC),100001948,Energy,TCA Cycle,5,1.016210985,,,0.399201597,1.016210985,0.300842359,TRUE,TRUE,TRUE
bilirubin (e e),bilirubin (E E)*,100001950,Cofactors and Vitamins,Hemoglobin and Porphyrin Metabolism,5,0.040112314,,,,0.0241955,0.040112314,TRUE,TRUE,TRUE
bilirubin (e z or z e),bilirubin (E Z or Z E)*,100001951,Cofactors and Vitamins,Hemoglobin and Porphyrin Metabolism,5,17.82086796,17.82086796,,,0.048390999,1.062976334,TRUE,TRUE,TRUE
n-methylproline,N-methylproline,100001956,Amino Acid,Urea cycle Arginine and Proline Metabolism,5,0.040112314,,,,,0.040112314,TRUE,TRUE,TRUE
beta-cryptoxanthin,beta-cryptoxanthin,100001977,Cofactors and Vitamins,Vitamin A Metabolism,5,3.814262023,0.55401662,3.814262023,0.199600798,0.580691991,0.080224629,TRUE,TRUE,TRUE
5alpha-androstan-3beta 17beta-diol disulfate,5alpha-androstan-3beta 17beta-diol disulfate,100001987,Lipid,Androgenic Steroids,5,0.831024931,0.831024931,0.829187396,,0.217759497,0.160449258,TRUE,TRUE,TRUE
5alpha-pregnan-3beta 20alpha-diol disulfate,5alpha-pregnan-3beta 20alpha-diol disulfate,100001988,Lipid,Progestin Steroids,5,1.015697138,1.015697138,0.331674959,,0.145172998,0.100280786,TRUE,TRUE,TRUE
glycocholenate sulfate,glycocholenate sulfate*,100001989,Lipid,Secondary Bile Acid Metabolism,5,0.27700831,0.27700831,,,,0.020056157,TRUE,TRUE,TRUE
taurocholenate sulfate,taurocholenate sulfate*,100001990,Lipid,Secondary Bile Acid Metabolism,5,0.738688827,0.738688827,,,,0.040112314,TRUE,TRUE,TRUE
androstenediol (3beta 17beta) disulfate (1),androstenediol (3beta 17beta) disulfate (1),100001992,Lipid,Androgenic Steroids,5,0.184672207,0.184672207,0.165837479,,,0.040112314,TRUE,TRUE,TRUE
pregnenediol disulfate (c21h34o8s2),pregnenediol disulfate (C21H34O8S2)*,100001993,Lipid,Pregnenolone Steroids,5,0.020056157,,,,,0.020056157,TRUE,TRUE,TRUE
androstenediol (3beta 17beta) disulfate (2),androstenediol (3beta 17beta) disulfate (2),100001994,Lipid,Androgenic Steroids,5,0.331674959,0.184672207,0.331674959,,0.0241955,0.040112314,TRUE,TRUE,TRUE
21-hydroxypregnenolone disulfate,21-hydroxypregnenolone disulfate,100001999,Lipid,Pregnenolone Steroids,5,2.216066482,2.216066482,0.497512438,,0.169368497,0.240673887,TRUE,TRUE,TRUE
5alpha-pregnan-3beta 20beta-diol monosulfate (1),5alpha-pregnan-3beta 20beta-diol monosulfate (1),100002009,Lipid,Progestin Steroids,5,14.12742382,14.12742382,6.79933665,2.994011976,3.96806194,2.607300441,TRUE,TRUE,TRUE
5alpha-pregnan-3beta 20alpha-diol monosulfate (2),5alpha-pregnan-3beta 20alpha-diol monosulfate (2),100002014,Lipid,Progestin Steroids,5,5.632502308,5.632502308,2.985074627,0.199600798,1.596902976,1.403931007,TRUE,TRUE,TRUE
5alpha-pregnan-diol disulfate,5alpha-pregnan-diol disulfate,100002015,Lipid,Progestin Steroids,5,57.80240074,57.80240074,52.57048093,33.33333333,34.47858698,37.30445247,TRUE,FALSE,TRUE
5alpha-androstan-3alpha 17beta-diol disulfate,5alpha-androstan-3alpha 17beta-diol disulfate,100002017,Lipid,Androgenic Steroids,5,51.24378109,43.2132964,51.24378109,32.33532934,32.01064602,31.06698757,TRUE,FALSE,TRUE
5alpha-androstan-3alpha 17beta-diol monosulfate (1),5alpha-androstan-3alpha 17beta-diol monosulfate (1),100002018,Lipid,Androgenic Steroids,5,19.90049751,10.06463527,19.90049751,2.395209581,5.153641423,3.008423586,TRUE,TRUE,TRUE
5alpha-androstan-3beta 17alpha-diol disulfate,5alpha-androstan-3beta 17alpha-diol disulfate,100002021,Lipid,Androgenic Steroids,5,23.26869806,23.26869806,18.57379768,6.387225549,8.928139366,6.999598877,TRUE,TRUE,TRUE
androstenediol (3alpha 17alpha) monosulfate (2),androstenediol (3alpha 17alpha) monosulfate (2),100002026,Lipid,Androgenic Steroids,5,7.756232687,7.756232687,3.150912106,0.798403194,1.742075974,1.123144805,TRUE,TRUE,TRUE
androstenediol (3alpha 17alpha) monosulfate (3),androstenediol (3alpha 17alpha) monosulfate (3),100002027,Lipid,Androgenic Steroids,5,0.831024931,0.831024931,0.663349917,,0.096781999,0.22061773,TRUE,TRUE,TRUE
androstenediol (3beta 17beta) monosulfate (1),androstenediol (3beta 17beta) monosulfate (1),100002028,Lipid,Androgenic Steroids,5,0.646352724,0.646352724,0.331674959,,0.072586499,0.080224629,TRUE,TRUE,TRUE
androstenediol (3beta 17beta) monosulfate (2),androstenediol (3beta 17beta) monosulfate (2),100002029,Lipid,Androgenic Steroids,5,4.339796861,4.339796861,2.819237148,0.598802395,3.36317445,0.36101083,TRUE,TRUE,TRUE
4-hydroxycoumarin,4-hydroxycoumarin,100002049,Xenobiotics,Drug - Cardiovascular,5,15.97414589,15.97414589,8.126036484,12.3752495,12.94459231,6.438026474,TRUE,TRUE,TRUE
pregnenediol sulfate (c21h34o5s),pregnenediol sulfate (C21H34O5S)*,100002067,Lipid,Pregnenolone Steroids,5,0.165837479,,0.165837479,,,0.020056157,TRUE,TRUE,TRUE
2-hydroxyglutarate,2-hydroxyglutarate,100002070,Lipid,Fatty Acid	 Dicarboxylate,5,22.16066482,22.16066482,,1.19760479,0.072586499,0.240673887,TRUE,TRUE,TRUE
gamma-cehc,gamma-CEHC,100002094,Cofactors and Vitamins,Tocopherol Metabolism,5,0.165837479,0.0923,0.165837479,,0.048390999,0.080224629,TRUE,TRUE,TRUE
n-acetyl-beta-alanine,N-acetyl-beta-alanine,100002102,Nucleotide,Pyrimidine Metabolism	 Uracil containing,5,1.754385965,1.754385965,0.165837479,0.199600798,0.048390999,0.601684717,TRUE,TRUE,TRUE
sphingomyelin (d18:1/18:1 d18:2/18:0),sphingomyelin (d18:1/18:1 d18:2/18:0),100002106,Lipid,Sphingomyelins,5,0.040112314,,,,,0.040112314,TRUE,TRUE,TRUE
palmitoyl sphingomyelin (d18:1/16:0),palmitoyl sphingomyelin (d18:1/16:0),100002107,Lipid,Sphingomyelins,5,0.0,,,,,,TRUE,TRUE,TRUE
cysteine sulfinic acid,cysteine sulfinic acid,100002113,Amino Acid,Methionine	 Cysteine	 SAM and Taurine Metabolism,5,17.5892499,1.385041551,1.326699834,12.5748503,14.34793128,17.5892499,TRUE,TRUE,TRUE
3-hydroxyhippurate,3-hydroxyhippurate,100002122,Xenobiotics,Benzoate Metabolism,5,0.798403194,0.369344414,,0.798403194,0.411323494,0.120336943,TRUE,TRUE,TRUE
16a-hydroxy dhea 3-sulfate,16a-hydroxy DHEA 3-sulfate,100002126,Lipid,Androgenic Steroids,5,0.829187396,0.461680517,0.829187396,0.199600798,0.145172998,0.120336943,TRUE,TRUE,TRUE
17alpha-hydroxypregnenolone 3-sulfate,17alpha-hydroxypregnenolone 3-sulfate,100002128,Lipid,Pregnenolone Steroids,5,58.3747927,39.98153278,58.3747927,34.53093812,37.52721994,24.3882872,TRUE,FALSE,TRUE
pregnenolone sulfate,pregnenolone sulfate,100002129,Lipid,Pregnenolone Steroids,5,5.078485688,5.078485688,0.331674959,,1.282361481,2.306458083,TRUE,TRUE,TRUE
andro steroid monosulfate c19h28o6s (1),andro steroid monosulfate C19H28O6S (1)*,100002152,Lipid,Androgenic Steroids,5,23.38308458,8.864265928,23.38308458,3.79241517,7.790950883,3.690332932,TRUE,TRUE,TRUE
betonicine,betonicine,100002153,Xenobiotics,Food Component/Plant,2,100.0,NA,NA,NA,44.39874183,100,FALSE,FALSE,TRUE
ergothioneine,ergothioneine,100002154,Xenobiotics,Food Component/Plant,5,0.165837479,,0.165837479,,0.072586499,0.060168472,TRUE,TRUE,TRUE
s-methylmethionine,S-methylmethionine,100002183,Amino Acid,Methionine	 Cysteine	 SAM and Taurine Metabolism,5,46.72206833,46.72206833,38.30845771,41.31736527,24.82458263,27.85800241,TRUE,TRUE,TRUE
indole-3-carboxylate,indole-3-carboxylate,100002185,Amino Acid,Tryptophan Metabolism,5,31.13772455,26.59279778,14.59369818,31.13772455,12.02516332,3.088648215,TRUE,TRUE,TRUE
13-hode + 9-hode,13-HODE + 9-HODE,100002196,Lipid,Fatty Acid	 Monohydroxy,5,2.954755309,2.954755309,0.331674959,,0.145172998,0.120336943,TRUE,TRUE,TRUE
tridecenedioate (c13:1-dc),tridecenedioate (C13:1-DC)*,100002199,Lipid,Fatty Acid	 Dicarboxylate,5,2.308402585,2.308402585,,,0.145172998,0.120336943,TRUE,TRUE,TRUE
n-acetyl-3-methylhistidine,N-acetyl-3-methylhistidine*,100002204,Amino Acid,Histidine Metabolism,5,68.05170822,68.05170822,23.38308458,25.3493014,8.274860876,22.92418773,TRUE,FALSE,TRUE
n-acetyl-cadaverine,N-acetyl-cadaverine,100002249,Amino Acid,Lysine Metabolism,2,100.0,NA,NA,NA,72.27195742,100,FALSE,FALSE,TRUE
cinnamoylglycine,cinnamoylglycine,100002253,Xenobiotics,Food Component/Plant,5,3.411565449,3.324099723,0.995024876,3.193612774,3.411565449,1.062976334,TRUE,TRUE,TRUE
cis-4-decenoylcarnitine (c10:1),cis-4-decenoylcarnitine (C10:1),100002259,Lipid,Fatty Acid Metabolism (Acyl Carnitine	 Monounsaturated),5,0.0,,,,,,TRUE,TRUE,TRUE
2s 3r-dihydroxybutyrate,2S 3R-dihydroxybutyrate,100002284,Lipid,Fatty Acid	 Dihydroxy,5,0.241954996,,0.165837479,0.199600798,0.241954996,0.020056157,TRUE,TRUE,TRUE
carbamazepine 10 11-epoxide,carbamazepine 10 11-epoxide*,100002321,Xenobiotics,Drug - Neurological,5,99.67910148,99.63065559,99.33665008,99.6007984,99.63706751,99.67910148,TRUE,FALSE,TRUE
carbamazepine glucuronide,carbamazepine glucuronide*,100002322,Xenobiotics,Drug - Neurological,5,99.67910148,99.63065559,99.33665008,99.6007984,99.61287201,99.67910148,TRUE,FALSE,TRUE
(12 or 13)-methylmyristate (a15:0 or i15:0),(12 or 13)-methylmyristate (a15:0 or i15:0),100002344,Lipid,"Fatty Acid, Branched",4,100.0,NA,61.52570481,66.86626747,25.01814662,100,FALSE,FALSE,TRUE
(16 or 17)-methylstearate (a19:0 or i19:0),(16 or 17)-methylstearate (a19:0 or i19:0),100002356,Lipid,Fatty Acid	 Branched,5,0.0923,0.0923,,,,0.020056157,TRUE,TRUE,TRUE
2r 3r-dihydroxybutyrate,2R 3R-dihydroxybutyrate,100002367,Lipid,Fatty Acid	 Dihydroxy,5,0.096781999,,,,0.096781999,0.020056157,TRUE,TRUE,TRUE
1-hydroxy-2-naphthalenecarboxylate,1-hydroxy-2-naphthalenecarboxylate,100002394,Xenobiotics,Drug - Other,5,98.86281152,97.4145891,97.34660033,98.20359281,98.86281152,97.91415965,TRUE,FALSE,TRUE
alpha-ketoglutaramate,alpha-ketoglutaramate*,100002397,Amino Acid,Glutamate Metabolism,5,18.74422899,18.74422899,,,0.048390999,0.160449258,TRUE,TRUE,TRUE
metformin,metformin,100002405,Xenobiotics,Drug - Metabolic,5,99.00199601,96.39889197,92.53731343,99.00199601,93.85434309,97.01163257,TRUE,FALSE,TRUE
ibuprofen acyl glucuronide,ibuprofen acyl glucuronide,100002406,Xenobiotics,Drug - Analgesics	 Anesthetics,5,99.44598338,99.44598338,96.68325041,97.40518962,96.61263005,95.58764541,TRUE,FALSE,TRUE
3-hydroxyquinine,3-hydroxyquinine,100002410,Xenobiotics,Drug - Antibiotic,3,98.99719214,97.4145891,NA,NA,98.42729252,98.99719214,FALSE,FALSE,TRUE
2 3-dihydroxyisovalerate,2 3-dihydroxyisovalerate,100002417,Xenobiotics,Food Component/Plant,5,2.080812969,0.646352724,,,2.080812969,0.661853189,TRUE,TRUE,TRUE
allopurinol riboside,allopurinol riboside,100002454,Xenobiotics,Drug - Metabolic,4,100.0,98.79963066,98.67330017,NA,99.49189451,100,FALSE,FALSE,TRUE
3-methylglutaconate,3-methylglutaconate,100002458,Amino Acid,Leucine	 Isoleucine and Valine Metabolism,5,0.0241955,,,,0.0241955,0.020056157,TRUE,TRUE,TRUE
5-(galactosylhydroxy)-l-lysine,5-(galactosylhydroxy)-L-lysine,100002462,Amino Acid,Lysine Metabolism,5,19.25391095,3.970452447,0.165837479,6.387225549,6.242438906,19.25391095,TRUE,TRUE,TRUE
cysteinylglycine disulfide,cysteinylglycine disulfide*,100002466,Amino Acid,Glutathione Metabolism,5,0.020056157,,,,,0.020056157,TRUE,TRUE,TRUE
isoursodeoxycholate,isoursodeoxycholate,100002488,Lipid,Secondary Bile Acid Metabolism,5,0.663349917,0.369344414,0.663349917,0.598802395,0.290345996,0.180505415,TRUE,TRUE,TRUE
oxypurinol,oxypurinol,100002489,Xenobiotics,Drug - Metabolic,5,99.6007984,92.24376731,98.00995025,99.6007984,99.12896201,99.37825913,TRUE,FALSE,TRUE
formiminoglutamate,formiminoglutamate,100002500,Amino Acid,Histidine Metabolism,5,0.94263939,0.0923,0.331674959,0.598802395,0.750060489,0.94263939,TRUE,TRUE,TRUE
hydantoin-5-propionate,hydantoin-5-propionate,100002514,Amino Acid,Histidine Metabolism,5,9.695290859,9.695290859,,0.798403194,1.621098476,1.584436422,TRUE,TRUE,TRUE
sulfate,sulfate*,100002528,Xenobiotics,Chemical,5,0.0,,,,,,TRUE,TRUE,TRUE
4-hydroxy-2-oxoglutaric acid,4-hydroxy-2-oxoglutaric acid,100002537,Lipid,Fatty Acid	 Dicarboxylate,5,8.771929825,8.771929825,5.970149254,2.395209581,1.282361481,1.825110309,TRUE,TRUE,TRUE
4-hydroxyglutamate,4-hydroxyglutamate,100002544,Amino Acid,Glutamate Metabolism,5,25.11542013,25.11542013,7.462686567,18.16367265,15.43672877,9.967910148,TRUE,TRUE,TRUE
l-urobilin,L-urobilin,100002568,Cofactors and Vitamins,Hemoglobin and Porphyrin Metabolism,5,54.49257922,32.5023084,27.52902156,23.55289421,53.71400919,54.49257922,TRUE,FALSE,TRUE
pantoate,pantoate,100002613,Cofactors and Vitamins,Pantothenate and CoA Metabolism,5,32.57119936,27.97783934,29.85074627,28.94211577,14.83184128,32.57119936,TRUE,TRUE,TRUE
sedoheptulose,sedoheptulose,100002619,Carbohydrate,Pentose Metabolism,4,100.0,NA,46.26865672,61.8762475,35.13186547,100,FALSE,FALSE,TRUE
norcotinine,norcotinine,100002715,Xenobiotics,Tobacco Metabolite,5,95.02487562,75.53093259,95.02487562,81.63672655,82.72441326,84.4765343,TRUE,FALSE,TRUE
hydroxycotinine,hydroxycotinine,100002717,Xenobiotics,Tobacco Metabolite,5,94.02985075,63.52723915,94.02985075,78.04391218,72.73167191,77.1560369,TRUE,FALSE,TRUE
cotinine n-oxide,cotinine N-oxide,100002719,Xenobiotics,Tobacco Metabolite,5,94.19568823,72.57617729,94.19568823,84.43113772,75.00604887,80.12434817,TRUE,FALSE,TRUE
omeprazole,omeprazole,100002725,Xenobiotics,Drug - Gastrointestinal,5,99.8003992,93.62880886,98.00995025,99.8003992,95.16090007,96.99157641,TRUE,FALSE,TRUE
atenolol,atenolol,100002726,Xenobiotics,Drug - Cardiovascular,5,99.4011976,94.09048938,94.85903814,99.4011976,98.74183402,99.03730445,TRUE,FALSE,TRUE
diphenhydramine,diphenhydramine,100002732,Xenobiotics,Drug - Respiratory,3,100.0,99.81532779,NA,NA,99.903218,100,FALSE,FALSE,TRUE
hydrochlorothiazide,hydrochlorothiazide,100002734,Xenobiotics,Drug - Cardiovascular,5,99.8003992,99.53831948,96.35157546,99.8003992,96.70941205,96.34977938,TRUE,FALSE,TRUE
ranitidine,ranitidine,100002735,Xenobiotics,Drug - Gastrointestinal,4,99.69915764,98.79963066,99.50248756,NA,99.54028551,99.69915764,FALSE,FALSE,TRUE
nicotine,nicotine,100002736,Xenobiotics,Tobacco Metabolite,4,100.0,NA,99.33665008,94.61077844,95.78998306,100,FALSE,FALSE,TRUE
s-methylcysteine,S-methylcysteine,100002749,Amino Acid,Methionine	 Cysteine	 SAM and Taurine Metabolism,5,0.184672207,0.184672207,,,,0.020056157,TRUE,TRUE,TRUE
androsterone glucuronide,androsterone glucuronide,100002761,Lipid,Androgenic Steroids,5,7.462686567,2.493074792,7.462686567,0.199600798,2.395354464,1.083032491,TRUE,TRUE,TRUE
argininate,argininate*,100002769,Amino Acid,Urea cycle Arginine and Proline Metabolism,5,0.369344414,0.369344414,,,0.193563997,0.060168472,TRUE,TRUE,TRUE
solanidine,solanidine,100002773,Xenobiotics,Food Component/Plant,5,77.00831025,77.00831025,58.04311774,74.25149701,71.69126542,72.62334537,TRUE,FALSE,TRUE
2-oxoarginine,2-oxoarginine*,100002784,Amino Acid,Urea cycle Arginine and Proline Metabolism,5,3.601108033,3.601108033,,,,0.020056157,TRUE,TRUE,TRUE
cis-4-decenoate (10:1n6),cis-4-decenoate (10:1n6)*,100002796,Lipid,Medium Chain Fatty Acid,5,3.23176362,3.23176362,0.165837479,0.399201597,0.483909993,0.58162856,TRUE,TRUE,TRUE
atorvastatin (lipitor),atorvastatin (lipitor),100002802,Xenobiotics,Drug - Metabolic,3,97.82240503,97.78393352,NA,NA,97.82240503,97.11191336,FALSE,FALSE,TRUE
sertraline,sertraline,100002804,Xenobiotics,Drug - Psychoactive,3,99.9076639,99.9076639,NA,NA,98.93539802,99.8596069,FALSE,FALSE,TRUE
gabapentin,gabapentin,100002806,Xenobiotics,Drug - Neurological,3,99.66832504,NA,99.66832504,NA,99.61287201,99.63898917,FALSE,FALSE,TRUE
venlafaxine,venlafaxine,100002807,Xenobiotics,Drug - Psychoactive,5,99.72299169,99.72299169,99.33665008,99.4011976,98.66924752,98.67629362,TRUE,FALSE,TRUE
pantoprazole,pantoprazole,100002808,Xenobiotics,Drug - Gastrointestinal,4,99.9076639,99.9076639,99.50248756,NA,99.806436,99.83955074,FALSE,FALSE,TRUE
quetiapine,quetiapine,100002809,Xenobiotics,Drug - Psychoactive,3,99.83416252,NA,99.83416252,NA,99.7338495,99.75932611,FALSE,FALSE,TRUE
ethyl glucuronide,ethyl glucuronide,100002849,Xenobiotics,Chemical,5,81.90212373,81.90212373,13.43283582,62.2754491,62.10984757,38.66827116,TRUE,FALSE,TRUE
glycyrrhetinate,glycyrrhetinate,100002856,Xenobiotics,Food Component/Plant,5,94.52736318,85.87257618,94.52736318,79.44111776,64.81974353,68.55194545,TRUE,FALSE,TRUE
1-lignoceroyl-gpc (24:0),1-lignoceroyl-GPC (24:0),100002873,Lipid,Lysophospholipid,5,2.216066482,2.216066482,1.990049751,,0.556496492,0.120336943,TRUE,TRUE,TRUE
1-(1-enyl-palmitoyl)-gpc (p-16:0),1-(1-enyl-palmitoyl)-GPC (P-16:0)*,100002875,Lipid,Lysoplasmalogen,5,0.040112314,,,,,0.040112314,TRUE,TRUE,TRUE
1-methyl-5-imidazoleacetate,1-methyl-5-imidazoleacetate,100002910,Amino Acid,Histidine Metabolism,5,0.995024876,0.646352724,0.995024876,0.798403194,0.556496492,0.381066988,TRUE,TRUE,TRUE
glycoursodeoxycholate,glycoursodeoxycholate,100002911,Lipid,Secondary Bile Acid Metabolism,5,5.788423154,0.646352724,4.145936982,5.788423154,0.895233487,0.541516245,TRUE,TRUE,TRUE
ursocholate,ursocholate,100002913,Lipid,Secondary Bile Acid Metabolism,4,100.0,NA,33.83084577,70.85828343,94.70118558,100,FALSE,FALSE,TRUE
s-methylcysteine sulfoxide,S-methylcysteine sulfoxide,100002927,Amino Acid,Methionine	 Cysteine	 SAM and Taurine Metabolism,5,0.020056157,,,,,0.020056157,TRUE,TRUE,TRUE
(14 or 15)-methylpalmitate (a17:0 or i17:0),(14 or 15)-methylpalmitate (a17:0 or i17:0),100002945,Lipid,Fatty Acid	 Branched,5,14.97005988,9.879963066,10.11608624,14.97005988,0.072586499,0.020056157,TRUE,TRUE,TRUE
eicosanedioate (c20-dc),eicosanedioate (C20-DC),100002951,Lipid,Fatty Acid	 Dicarboxylate,5,0.040112314,,,,,0.040112314,TRUE,TRUE,TRUE
16-hydroxypalmitate,16-hydroxypalmitate,100002953,Lipid,"Fatty Acid, Monohydroxy",4,0.0,NA,,,,,FALSE,FALSE,TRUE
quinine,quinine,100002968,Xenobiotics,Drug - Antibiotic,5,99.8003992,96.30655586,99.33665008,99.8003992,97.31429954,95.48736462,TRUE,FALSE,TRUE
oleoyl-linoleoyl-glycerol (18:1/18:2) [1],oleoyl-linoleoyl-glycerol (18:1/18:2) [1],100002989,Lipid,Diacylglycerol,5,2.155887231,,2.155887231,,1.161383983,1.143200963,TRUE,TRUE,TRUE
oleoyl-linoleoyl-glycerol (18:1/18:2) [2],oleoyl-linoleoyl-glycerol (18:1/18:2) [2],100002990,Lipid,Diacylglycerol,5,1.403338979,,1.326699834,0.199600798,1.403338979,0.320898516,TRUE,TRUE,TRUE
1-(1-enyl-palmitoyl)-gpe (p-16:0),1-(1-enyl-palmitoyl)-GPE (P-16:0)*,100003000,Lipid,Lysoplasmalogen,5,0.040112314,,,,,0.040112314,TRUE,TRUE,TRUE
1-(1-enyl-stearoyl)-gpe (p-18:0),1-(1-enyl-stearoyl)-GPE (P-18:0)*,100003001,Lipid,Lysoplasmalogen,5,0.040112314,,,,,0.040112314,TRUE,TRUE,TRUE
doxycycline,doxycycline,100003009,Xenobiotics,Drug - Antibiotic,4,99.951609,99.07663897,99.66832504,NA,99.951609,99.77938227,FALSE,FALSE,TRUE
n-oleoyltaurine,N-oleoyltaurine,100003119,Lipid,Endocannabinoid,4,12.7744511,NA,5.140961857,12.7744511,10.45245584,1.464099479,FALSE,FALSE,TRUE
linoleoylcarnitine (c18:2),linoleoylcarnitine (C18:2)*,100003151,Lipid,Fatty Acid Metabolism (Acyl Carnitine	 Polyunsaturated),5,0.040112314,,,,,0.040112314,TRUE,TRUE,TRUE
valylleucine,valylleucine,100003210,Peptide,Dipeptide,3,100.0,51.15420129,NA,NA,18.17082023,100,FALSE,FALSE,TRUE
n-stearoyltaurine,N-stearoyltaurine,100003240,Lipid,Endocannabinoid,5,37.02677747,37.02677747,29.51907131,36.32734531,20.92910719,12.25431207,TRUE,TRUE,TRUE
2-o-methylascorbic acid,2-O-methylascorbic acid,100003258,Cofactors and Vitamins,Ascorbate and Aldarate Metabolism,5,0.020056157,,,,,0.020056157,TRUE,TRUE,TRUE
carboxyethyl-gaba,carboxyethyl-GABA,100003260,Amino Acid,Glutamate Metabolism,5,1.200369344,1.200369344,0.663349917,0.399201597,0.725864989,0.842358604,TRUE,TRUE,TRUE
beta-citrylglutamate,beta-citrylglutamate,100003271,Amino Acid,Glutamate Metabolism,5,1.596806387,,,1.596806387,,0.080224629,TRUE,TRUE,TRUE
trimethylamine n-oxide,trimethylamine N-oxide,100003397,Lipid,Phospholipid Metabolism,5,0.0,,,,,,TRUE,TRUE,TRUE
n6-methyllysine,N6-methyllysine,100003415,Amino Acid,Lysine Metabolism,5,0.020056157,,,,,0.020056157,TRUE,TRUE,TRUE
oseltamivir carboxylate (ro-64-0802/02),oseltamivir carboxylate (Ro-64-0802/02),100003431,Xenobiotics,Drug - Antiviral,2,100.0,NA,NA,NA,99.9758045,100,FALSE,FALSE,TRUE
dihydroferulate,dihydroferulate,100003432,Xenobiotics,Food Component/Plant,5,48.49578821,47.73776547,40.96185738,44.31137725,38.05952093,48.49578821,TRUE,TRUE,TRUE
imidazole propionate,imidazole propionate,100003434,Amino Acid,Histidine Metabolism,5,4.339796861,4.339796861,,,0.919428986,2.507019655,TRUE,TRUE,TRUE
clomipramine,clomipramine,100003438,Xenobiotics,Drug - Psychoactive,3,99.89971921,99.81532779,NA,NA,99.806436,99.89971921,FALSE,FALSE,TRUE
maprotiline,maprotiline,100003439,Xenobiotics,Drug - Psychoactive,3,100.0,99.16897507,NA,NA,99.49189451,100,FALSE,FALSE,TRUE
citalopram/escitalopram,citalopram/escitalopram,100003444,Xenobiotics,Drug - Psychoactive,5,98.43028624,98.43028624,96.0199005,97.80439122,96.85458505,96.28961091,TRUE,FALSE,TRUE
duloxetine,duloxetine,100003445,Xenobiotics,Drug - Psychoactive,2,99.59887686,NA,NA,NA,99.39511251,99.59887686,FALSE,FALSE,TRUE
mirtazapine,mirtazapine,100003450,Xenobiotics,Drug - Psychoactive,5,99.8003992,99.26131117,99.33665008,99.8003992,98.74183402,98.55595668,TRUE,FALSE,TRUE
pregnanediol-3-glucuronide,pregnanediol-3-glucuronide,100003470,Lipid,Progestin Steroids,5,6.001846722,6.001846722,3.648424544,1.996007984,1.403338979,1.584436422,TRUE,TRUE,TRUE
alliin,alliin,100003473,Xenobiotics,Food Component/Plant,5,77.93167128,77.93167128,41.95688226,17.36526946,19.6709412,39.24989972,TRUE,FALSE,TRUE
phenylalanylglycine,phenylalanylglycine,100003588,Peptide,Dipeptide,4,100.0,NA,3.150912106,7.185628743,51.58480523,100,FALSE,FALSE,TRUE
valylglycine,valylglycine,100003641,Peptide,Dipeptide,3,100.0,26.13111727,NA,NA,21.17106218,100,FALSE,FALSE,TRUE
n-palmitoylglycine,N-palmitoylglycine,100003686,Lipid,Fatty Acid Metabolism (Acyl Glycine),5,2.123730379,2.123730379,0.165837479,1.19760479,0.266150496,0.100280786,TRUE,TRUE,TRUE
mannonate,mannonate*,100003695,Xenobiotics,Food Component/Plant,5,0.100280786,,,,0.048390999,0.100280786,TRUE,TRUE,TRUE
succinimide,succinimide,100003696,Xenobiotics,Chemical,4,56.13355916,NA,42.28855721,32.53493014,56.13355916,23.46570397,FALSE,FALSE,TRUE
norfluoxetine,norfluoxetine,100003769,Xenobiotics,Drug - Psychoactive,3,99.9076639,99.9076639,NA,NA,99.41930801,98.83674288,FALSE,FALSE,TRUE
lanthionine,lanthionine,100003892,Amino Acid,Methionine	 Cysteine	 SAM and Taurine Metabolism,5,17.60930606,10.15697138,1.824212272,0.598802395,10.01693685,17.60930606,TRUE,TRUE,TRUE
2-stearoyl-gpe (18:0),2-stearoyl-GPE (18:0)*,100003901,Lipid,Lysophospholipid,5,0.461680517,0.461680517,,,,0.22061773,TRUE,TRUE,TRUE
(r)-3-hydroxybutyrylcarnitine,(R)-3-hydroxybutyrylcarnitine,100003926,Lipid,Fatty Acid Metabolism (Acyl Carnitine	 Hydroxy),5,10.95066185,5.170821791,1.990049751,1.996007984,0.483909993,10.95066185,TRUE,TRUE,TRUE
5-hydroxymethyl-2-furoic acid,5-hydroxymethyl-2-furoic acid,100003954,Amino Acid,Tyrosine Metabolism,4,100.0,NA,55.05804312,84.23153693,70.69924994,100,FALSE,FALSE,TRUE
doxylamine,doxylamine,100003965,Xenobiotics,Drug - Respiratory,2,99.93983153,NA,NA,NA,99.9274135,99.93983153,FALSE,FALSE,TRUE
fexofenadine,fexofenadine,100004018,Xenobiotics,Drug - Respiratory,3,99.8596069,99.16897507,NA,NA,99.758045,99.8596069,FALSE,FALSE,TRUE
verapamil,verapamil,100004028,Xenobiotics,Drug - Cardiovascular,3,99.91977537,99.44598338,NA,NA,99.854827,99.91977537,FALSE,FALSE,TRUE
n-acetylcarnosine,N-acetylcarnosine,100004046,Amino Acid,Histidine Metabolism,5,3.028479743,1.200369344,,,0.290345996,3.028479743,TRUE,TRUE,TRUE
margaroylcarnitine (c17),margaroylcarnitine (C17)*,100004054,Lipid,Fatty Acid Metabolism (Acyl Carnitine	 Long Chain Saturated),5,1.990049751,1.108033241,1.990049751,,0.508105492,1.764941837,TRUE,TRUE,TRUE
n-methyltaurine,N-methyltaurine,100004056,Amino Acid,Methionine	 Cysteine	 SAM and Taurine Metabolism,5,50.78485688,50.78485688,37.47927032,29.74051896,18.82409872,31.46811071,TRUE,FALSE,TRUE
histidine betaine (hercynine),histidine betaine (hercynine)*,100004059,Xenobiotics,Food Component/Plant,5,48.19494585,31.85595568,1.658374793,0.399201597,17.32397774,48.19494585,TRUE,TRUE,TRUE
retinal,retinal,100004088,Cofactors and Vitamins,Vitamin A Metabolism,5,69.99076639,69.99076639,24.54394693,10.17964072,46.9150738,34.99799438,TRUE,FALSE,TRUE
2-hydroxydecanoate,2-hydroxydecanoate,100004089,Lipid,Fatty Acid	 Monohydroxy,5,0.020056157,,,,,0.020056157,TRUE,TRUE,TRUE
4-methylcatechol sulfate,4-methylcatechol sulfate,100004111,Xenobiotics,Benzoate Metabolism,5,0.399201597,0.184672207,,0.399201597,0.0241955,0.020056157,TRUE,TRUE,TRUE
3-methyl catechol sulfate (1),3-methyl catechol sulfate (1),100004112,Xenobiotics,Benzoate Metabolism,5,1.796407186,1.477377655,0.829187396,1.796407186,0.943624486,0.280786201,TRUE,TRUE,TRUE
2-hydroxyibuprofen,2-hydroxyibuprofen,100004169,Xenobiotics,Drug - Analgesics	 Anesthetics,5,98.15327793,98.15327793,96.68325041,97.40518962,90.32180015,90.9947854,TRUE,FALSE,TRUE
carboxyibuprofen,carboxyibuprofen,100004171,Xenobiotics,Drug - Analgesics	 Anesthetics,5,98.89196676,98.89196676,97.18076285,98.20359281,90.41858214,92.65944645,TRUE,FALSE,TRUE
o-desmethylvenlafaxine,O-desmethylvenlafaxine,100004173,Xenobiotics,Drug - Psychoactive,5,99.72299169,99.72299169,99.50248756,99.20159681,98.49987902,98.67629362,TRUE,FALSE,TRUE
zolpidem,zolpidem,100004174,Xenobiotics,Drug - Psychoactive,5,99.20159681,98.52262235,95.52238806,99.20159681,98.11275103,98.57601284,TRUE,FALSE,TRUE
warfarin,warfarin,100004175,Xenobiotics,Drug - Cardiovascular,5,99.8003992,92.15143121,86.73300166,99.8003992,99.08057101,99.41837144,TRUE,FALSE,TRUE
echinatin,echinatin,100004180,Xenobiotics,Food Component/Plant,2,100.0,NA,NA,NA,99.58867651,100,FALSE,FALSE,TRUE
3b-hydroxy-5-cholenoic acid,3b-hydroxy-5-cholenoic acid,100004182,Lipid,Secondary Bile Acid Metabolism,5,25.53897181,24.1920591,25.53897181,22.55489022,11.03314783,7.601283594,TRUE,TRUE,TRUE
guaiacol sulfate,guaiacol sulfate,100004208,Xenobiotics,Benzoate Metabolism,5,0.461680517,0.461680517,,0.199600798,0.0241955,0.020056157,TRUE,TRUE,TRUE
2-aminooctanoate,2-aminooctanoate,100004227,Lipid,Fatty Acid	 Amino,5,3.324099723,3.324099723,0.497512438,,0.290345996,0.060168472,TRUE,TRUE,TRUE
furosemide,furosemide,100004241,Xenobiotics,Drug - Cardiovascular,4,99.63898917,92.98245614,98.34162521,NA,99.27413501,99.63898917,FALSE,FALSE,TRUE
dimethyl sulfone,dimethyl sulfone,100004284,Xenobiotics,Chemical,5,39.05817175,39.05817175,,,0.072586499,4.031287605,TRUE,TRUE,TRUE
lansoprazole,lansoprazole,100004289,Xenobiotics,Drug - Gastrointestinal,2,100.0,NA,NA,NA,99.854827,100,FALSE,FALSE,TRUE
2-piperidinone,2-piperidinone,100004295,Xenobiotics,Food Component/Plant,5,2.031394275,2.031394275,0.165837479,,0.532300992,1.905334938,TRUE,TRUE,TRUE
n-acetyl-1-methylhistidine,N-acetyl-1-methylhistidine*,100004299,Amino Acid,Histidine Metabolism,5,4.43241075,0.923361034,2.32172471,0.399201597,0.532300992,4.43241075,TRUE,TRUE,TRUE
2-aminophenol sulfate,2-aminophenol sulfate,100004322,Xenobiotics,Food Component/Plant,5,0.387127994,0.0923,,0.199600798,0.387127994,0.180505415,TRUE,TRUE,TRUE
sphingomyelin (d18:1/14:0 d16:1/16:0),sphingomyelin (d18:1/14:0 d16:1/16:0)*,100004328,Lipid,Sphingomyelins,5,0.020056157,,,,,0.020056157,TRUE,TRUE,TRUE
sphingomyelin (d18:2/16:0 d18:1/16:1),sphingomyelin (d18:2/16:0 d18:1/16:1)*,100004329,Lipid,Sphingomyelins,5,0.020056157,,,,,0.020056157,TRUE,TRUE,TRUE
3-hydroxyadipate,3-hydroxyadipate,100004396,Lipid,Fatty Acid	 Dicarboxylate,5,32.5023084,32.5023084,14.92537313,5.788423154,13.1381563,12.73565985,TRUE,TRUE,TRUE
3-hydroxycotinine glucuronide,3-hydroxycotinine glucuronide,100004494,Xenobiotics,Tobacco Metabolite,5,94.19568823,74.23822715,94.19568823,80.43912176,76.48197435,79.98395507,TRUE,FALSE,TRUE
6-oxopiperidine-2-carboxylate,6-oxopiperidine-2-carboxylate,100004499,Amino Acid,Lysine Metabolism,5,7.296849088,6.278855032,7.296849088,5.988023952,2.056617469,0.100280786,TRUE,TRUE,TRUE
s-allylcysteine,S-allylcysteine,100004509,Xenobiotics,Food Component/Plant,5,56.55058043,3.78578024,56.55058043,15.76846307,26.7844181,22.78379462,TRUE,FALSE,TRUE
allopurinol,allopurinol,100004518,Xenobiotics,Drug - Metabolic,4,99.8003992,98.89196676,NA,99.8003992,99.61287201,99.75932611,FALSE,FALSE,TRUE
n-delta-acetylornithine,N-delta-acetylornithine,100004523,Amino Acid,Urea cycle Arginine and Proline Metabolism,5,0.020056157,,,,,0.020056157,TRUE,TRUE,TRUE
acisoga,acisoga,100004541,Amino Acid,Polyamine Metabolism,5,9.787626962,9.787626962,,0.399201597,1.064601984,0.140393101,TRUE,TRUE,TRUE
2-aminoheptanoate,2-aminoheptanoate,100004542,Lipid,Fatty Acid	 Amino,5,3.324099723,3.324099723,,,0.120977498,0.160449258,TRUE,TRUE,TRUE
benzoylcarnitine,benzoylcarnitine*,100004555,Xenobiotics,Chemical,5,78.8006418,16.89750693,0.331674959,7.784431138,19.21122671,78.8006418,TRUE,FALSE,TRUE
n-formylanthranilic acid,N-formylanthranilic acid,100004561,Amino Acid,Tryptophan Metabolism,5,7.584830339,1.015697138,5.140961857,7.584830339,5.419791919,1.062976334,TRUE,TRUE,TRUE
n2 n5-diacetylornithine,N2 N5-diacetylornithine,100004575,Amino Acid,Urea cycle Arginine and Proline Metabolism,5,5.081054924,3.693444137,0.829187396,2.594810379,5.081054924,0.661853189,TRUE,TRUE,TRUE
1h-indole-7-acetic acid,1H-indole-7-acetic acid,100004601,Xenobiotics,Bacterial/Fungal,4,100.0,NA,6.467661692,16.56686627,12.19453182,100,FALSE,FALSE,TRUE
methionine sulfone,methionine sulfone,100004635,Amino Acid,Methionine	 Cysteine	 SAM and Taurine Metabolism,5,0.020056157,,,,,0.020056157,TRUE,TRUE,TRUE
1-linolenoyl-gpc (18:3),1-linolenoyl-GPC (18:3)*,100005350,Lipid,Lysophospholipid,5,0.040112314,,,,,0.040112314,TRUE,TRUE,TRUE
n-acetylalliin,N-acetylalliin,100005367,Xenobiotics,Food Component/Plant,5,63.15789474,63.15789474,59.53565506,45.30938124,21.60658118,33.75451264,TRUE,FALSE,TRUE
1-(1-enyl-oleoyl)-gpe (p-18:1),1-(1-enyl-oleoyl)-GPE (P-18:1)*,100005372,Lipid,Lysoplasmalogen,5,1.160862355,0.738688827,1.160862355,0.199600798,0.556496492,0.060168472,TRUE,TRUE,TRUE
fructosyllysine,fructosyllysine,100005373,Amino Acid,Lysine Metabolism,5,0.020056157,,,,,0.020056157,TRUE,TRUE,TRUE
o-sulfo-l-tyrosine,O-sulfo-L-tyrosine,100005384,Xenobiotics,Chemical,5,0.020056157,,,,,0.020056157,TRUE,TRUE,TRUE
ferulic acid 4-sulfate,ferulic acid 4-sulfate,100005389,Xenobiotics,Food Component/Plant,5,75.249501,44.96768236,69.65174129,75.249501,69.61045246,57.48094665,TRUE,FALSE,TRUE
3-(3-hydroxyphenyl)propionate sulfate,3-(3-hydroxyphenyl)propionate sulfate,100005391,Xenobiotics,Benzoate Metabolism,5,36.32734531,25.76177285,23.71475954,36.32734531,32.80909751,15.28279182,TRUE,TRUE,TRUE
etiocholanolone glucuronide,etiocholanolone glucuronide,100005403,Lipid,Androgenic Steroids,5,5.078485688,5.078485688,2.819237148,0.399201597,3.242196951,1.143200963,TRUE,TRUE,TRUE
17alpha-hydroxypregnanolone glucuronide,17alpha-hydroxypregnanolone glucuronide,100005418,Lipid,Pregnenolone Steroids,5,100.0,21.23730379,18.4079602,18.36327345,10.50084684,100,TRUE,FALSE,TRUE
n-acetyltaurine,N-acetyltaurine,100005466,Amino Acid,Methionine	 Cysteine	 SAM and Taurine Metabolism,5,8.956602031,8.956602031,,0.798403194,0.145172998,0.020056157,TRUE,TRUE,TRUE
1-oleoyl-gpg (18:1),1-oleoyl-GPG (18:1)*,100005716,Lipid,Lysophospholipid,4,100.0,NA,41.79104478,70.65868263,29.05879506,100,FALSE,FALSE,TRUE
1-palmitoyl-gpg (16:0),1-palmitoyl-GPG (16:0)*,100005717,Lipid,Lysophospholipid,5,28.71652816,28.71652816,18.90547264,22.75449102,2.250181466,4.091456077,TRUE,TRUE,TRUE
9-hydroxystearate,9-hydroxystearate,100005834,Lipid,Fatty Acid	 Monohydroxy,5,8.679593721,8.679593721,4.311774461,7.584830339,5.685942415,1.263537906,TRUE,TRUE,TRUE
oxycodone,oxycodone,100005837,Xenobiotics,"Drug - Analgesics, Anesthetics",2,100.0,NA,NA,NA,99.7338495,100,FALSE,FALSE,TRUE
3-methylglutarylcarnitine (2),3-methylglutarylcarnitine (2),100005850,Amino Acid,Leucine	 Isoleucine and Valine Metabolism,5,0.27700831,0.27700831,0.165837479,,0.169368497,0.240673887,TRUE,TRUE,TRUE
methyl glucopyranoside (alpha + beta),methyl glucopyranoside (alpha + beta),100005864,Xenobiotics,Food Component/Plant,5,7.663896584,7.663896584,3.316749585,1.397205589,2.879264457,1.203369434,TRUE,TRUE,TRUE
o-hydroxyatorvastatin,o-hydroxyatorvastatin,100005933,Xenobiotics,Drug - Metabolic,3,97.78393352,97.78393352,NA,NA,97.72562303,97.11191336,FALSE,FALSE,TRUE
o-hydroxyatorvastatin lactone,o-hydroxyatorvastatin lactone,100005937,Xenobiotics,Drug - Metabolic,3,100.0,98.15327793,NA,NA,97.74981853,100,FALSE,FALSE,TRUE
atorvastatin lactone,atorvastatin lactone,100005940,Xenobiotics,Drug - Metabolic,3,100.0,97.78393352,NA,NA,98.42729252,100,FALSE,FALSE,TRUE
2-propyl-4-pentenoate (4-ene-valproate),2-propyl-4-pentenoate (4-ene-valproate),100005952,Xenobiotics,Drug - Neurological,2,99.89971921,NA,NA,NA,99.806436,99.89971921,FALSE,FALSE,TRUE
sphingomyelin (d18:2/14:0 d18:1/14:1),sphingomyelin (d18:2/14:0 d18:1/14:1)*,100005985,Lipid,Sphingomyelins,5,0.040112314,,,,,0.040112314,TRUE,TRUE,TRUE
sphingomyelin (d18:1/24:1 d18:2/24:0),sphingomyelin (d18:1/24:1 d18:2/24:0)*,100005986,Lipid,Sphingomyelins,5,0.0,,,,,,TRUE,TRUE,TRUE
octadecenedioylcarnitine (c18:1-dc),octadecenedioylcarnitine (C18:1-DC)*,100005996,Lipid,Fatty Acid Metabolism (Acyl Carnitine	 Dicarboxylate),5,0.798403194,0.0923,0.497512438,0.798403194,0.0241955,0.461291617,TRUE,TRUE,TRUE
octadecanedioylcarnitine (c18-dc),octadecanedioylcarnitine (C18-DC)*,100005998,Lipid,Fatty Acid Metabolism (Acyl Carnitine	 Dicarboxylate),5,7.040890394,3.50877193,,0.798403194,7.040890394,4.151624549,TRUE,TRUE,TRUE
"n,o-didesmethylvenlafaxine glucuronide","N,O-didesmethylvenlafaxine glucuronide",100006001,Xenobiotics,Drug - Psychoactive,4,99.33665008,NA,99.33665008,99.20159681,98.74183402,98.77657441,FALSE,FALSE,TRUE
5alpha-androstan-3alpha 17beta-diol monosulfate (2),5alpha-androstan-3alpha 17beta-diol monosulfate (2),100006005,Lipid,Androgenic Steroids,5,38.88888889,32.5023084,35.15754561,15.76846307,15.84805226,38.88888889,TRUE,TRUE,TRUE
myristoleoylcarnitine (c14:1),myristoleoylcarnitine (C14:1)*,100006051,Lipid,Fatty Acid Metabolism (Acyl Carnitine	 Monounsaturated),5,0.020056157,,,,,0.020056157,TRUE,TRUE,TRUE
n-formylphenylalanine,N-formylphenylalanine,100006056,Amino Acid,Tyrosine Metabolism,5,23.75249501,1.939058172,5.140961857,23.75249501,10.37986934,0.621740874,TRUE,TRUE,TRUE
4-hydroxychlorothalonil,4-hydroxychlorothalonil,100006082,Xenobiotics,Chemical,5,9.618573798,2.031394275,9.618573798,7.385229541,2.613113961,0.300842359,TRUE,TRUE,TRUE
isoeugenol sulfate,isoeugenol sulfate,100006089,Xenobiotics,Food Component/Plant,5,64.47105788,31.39427516,63.51575456,64.47105788,59.20638761,44.38427597,TRUE,FALSE,TRUE
tyramine o-sulfate,tyramine O-sulfate,100006092,Amino Acid,Tyrosine Metabolism,5,32.8358209,16.71283472,32.8358209,18.76247505,24.00193564,8.965102286,TRUE,TRUE,TRUE
3-hydroxypyridine sulfate,3-hydroxypyridine sulfate,100006098,Xenobiotics,Chemical,5,0.497512438,,0.497512438,0.399201597,0.266150496,0.120336943,TRUE,TRUE,TRUE
4-methylguaiacol sulfate,4-methylguaiacol sulfate,100006105,Xenobiotics,Benzoate Metabolism,5,26.14770459,13.94275162,19.40298507,26.14770459,20.71134769,10.16847172,TRUE,TRUE,TRUE
phenylacetylcarnitine,phenylacetylcarnitine,100006108,Peptide,Acetylated Peptides,5,8.624147613,0.55401662,,0.199600798,0.169368497,8.624147613,TRUE,TRUE,TRUE
arabonate/xylonate,arabonate/xylonate,100006115,Carbohydrate,Pentose Metabolism,5,0.338736995,,,,0.338736995,0.080224629,TRUE,TRUE,TRUE
methyl-4-hydroxybenzoate sulfate,methyl-4-hydroxybenzoate sulfate,100006116,Xenobiotics,Benzoate Metabolism,5,8.855552867,2.493074792,7.794361526,5.189620758,8.855552867,2.9081428,TRUE,TRUE,TRUE
1-dihomo-linolenylglycerol (20:3),1-dihomo-linolenylglycerol (20:3),100006121,Lipid,Monoacylglycerol,5,55.28942116,25.76177285,19.40298507,55.28942116,34.40600048,14.21981548,TRUE,FALSE,TRUE
4-vinylguaiacol sulfate,4-vinylguaiacol sulfate,100006126,Xenobiotics,Food Component/Plant,5,72.25548902,21.32963989,54.3946932,72.25548902,52.79458021,49.05736061,TRUE,FALSE,TRUE
vanillactate,vanillactate,100006129,Amino Acid,Tyrosine Metabolism,3,8.771929825,8.771929825,NA,NA,7.694168885,2.226233454,FALSE,FALSE,TRUE
eugenol sulfate,eugenol sulfate,100006171,Xenobiotics,Food Component/Plant,5,34.73053892,12.55771006,34.16252073,34.73053892,24.72780063,17.68953069,TRUE,TRUE,TRUE
pregnanolone/allopregnanolone sulfate,pregnanolone/allopregnanolone sulfate,100006173,Lipid,Progestin Steroids,5,100.0,67.77469991,76.28524046,56.28742515,69.87660295,100,TRUE,FALSE,TRUE
2-methoxyresorcinol sulfate,2-methoxyresorcinol sulfate,100006184,Xenobiotics,Chemical,5,77.44510978,62.32686981,67.1641791,77.44510978,66.29566901,69.83553951,TRUE,FALSE,TRUE
candesartan,candesartan,100006187,Xenobiotics,Drug - Cardiovascular,4,98.66924752,97.322253,98.00995025,NA,98.66924752,96.99157641,FALSE,FALSE,TRUE
2-acetamidophenol sulfate,2-acetamidophenol sulfate,100006190,Xenobiotics,Food Component/Plant,5,15.72707476,9.510618652,3.980099502,13.57285429,15.72707476,9.245888488,TRUE,TRUE,TRUE
p-cresol glucuronide,p-cresol glucuronide*,100006191,Amino Acid,Tyrosine Metabolism,5,5.389221557,4.247460757,0.829187396,5.389221557,4.935881926,1.96550341,TRUE,TRUE,TRUE
acesulfame,acesulfame,100006203,Xenobiotics,Food Component/Plant,5,86.88827331,86.88827331,69.15422886,65.46906188,63.53738205,63.91897312,TRUE,FALSE,TRUE
propyl 4-hydroxybenzoate,propyl 4-hydroxybenzoate,100006205,Xenobiotics,Benzoate Metabolism,4,100.0,NA,80.92868988,88.62275449,90.00725865,100,FALSE,FALSE,TRUE
n-acetyl sulfapyridine,N-acetyl sulfapyridine,100006229,Xenobiotics,Drug - Antibiotic,5,99.83416252,99.81532779,99.83416252,99.8003992,99.8306315,99.67910148,TRUE,FALSE,TRUE
valsartan,valsartan,100006232,Xenobiotics,Drug - Cardiovascular,4,99.9076639,99.9076639,99.33665008,NA,99.34672151,99.87966306,FALSE,FALSE,TRUE
bendroflumethiazide,bendroflumethiazide,100006238,Xenobiotics,Drug - Cardiovascular,3,99.8596069,99.81532779,NA,NA,99.7822405,99.8596069,FALSE,FALSE,TRUE
6-hydroxyindole sulfate,6-hydroxyindole sulfate,100006260,Xenobiotics,Chemical,5,0.598802395,0.0923,0.165837479,0.598802395,0.120977498,0.100280786,TRUE,TRUE,TRUE
4-methoxyphenol sulfate,4-methoxyphenol sulfate,100006262,Amino Acid,Tyrosine Metabolism,5,31.84079602,29.6398892,31.84079602,25.94810379,10.64601984,4.21179302,TRUE,TRUE,TRUE
propyl 4-hydroxybenzoate sulfate,propyl 4-hydroxybenzoate sulfate,100006264,Xenobiotics,Benzoate Metabolism,5,70.04597145,41.45891043,57.04809287,54.89021956,70.04597145,62.37464902,TRUE,FALSE,TRUE
umbelliferone sulfate,umbelliferone sulfate,100006282,Xenobiotics,Food Component/Plant,5,69.98341625,24.1920591,69.98341625,56.28742515,48.60875877,28.35940634,TRUE,FALSE,TRUE
sphingomyelin (d18:1/20:0 d16:1/22:0),sphingomyelin (d18:1/20:0 d16:1/22:0)*,100006290,Lipid,Sphingomyelins,5,0.0,,,,,,TRUE,TRUE,TRUE
sphingomyelin (d18:1/20:1 d18:2/20:0),sphingomyelin (d18:1/20:1 d18:2/20:0)*,100006292,Lipid,Sphingomyelins,5,0.040112314,,,,,0.040112314,TRUE,TRUE,TRUE
sphingomyelin (d18:1/20:2 d18:2/20:1 d16:1/22:2),sphingomyelin (d18:1/20:2 d18:2/20:1 d16:1/22:2)*,100006293,Lipid,Sphingomyelins,5,1.108033241,1.108033241,0.663349917,0.199600798,0.096781999,0.381066988,TRUE,TRUE,TRUE
behenoyl sphingomyelin (d18:1/22:0),behenoyl sphingomyelin (d18:1/22:0)*,100006294,Lipid,Sphingomyelins,5,0.020056157,,,,,0.020056157,TRUE,TRUE,TRUE
sphingomyelin (d18:1/22:1 d18:2/22:0 d16:1/24:1),sphingomyelin (d18:1/22:1 d18:2/22:0 d16:1/24:1)*,100006295,Lipid,Sphingomyelins,5,0.165837479,0.0923,0.165837479,,0.096781999,0.020056157,TRUE,TRUE,TRUE
sphingomyelin (d18:1/22:2 d18:2/22:1 d16:1/24:2),sphingomyelin (d18:1/22:2 d18:2/22:1 d16:1/24:2)*,100006296,Lipid,Sphingomyelins,5,1.108033241,1.108033241,,,,0.040112314,TRUE,TRUE,TRUE
lignoceroyl sphingomyelin (d18:1/24:0),lignoceroyl sphingomyelin (d18:1/24:0),100006298,Lipid,Sphingomyelins,5,0.020056157,,,,,0.020056157,TRUE,TRUE,TRUE
sphingomyelin (d17:1/16:0 d18:1/15:0 d16:1/17:0),sphingomyelin (d17:1/16:0 d18:1/15:0 d16:1/17:0)*,100006314,Lipid,Sphingomyelins,5,0.040112314,,,,,0.040112314,TRUE,TRUE,TRUE
dopamine 3-o-sulfate,dopamine 3-O-sulfate,100006361,Amino Acid,Tyrosine Metabolism,5,0.096781999,,,,0.096781999,0.020056157,TRUE,TRUE,TRUE
3-hydroxyhexanoate,3-hydroxyhexanoate,100006367,Lipid,Fatty Acid	 Monohydroxy,5,0.060168472,,,,,0.060168472,TRUE,TRUE,TRUE
3beta-hydroxy-5-cholestenoate,3beta-hydroxy-5-cholestenoate,100006370,Lipid,Sterol,5,0.040112314,,,,,0.040112314,TRUE,TRUE,TRUE
1 2 3-benzenetriol sulfate (2),1 2 3-benzenetriol sulfate (2),100006374,Xenobiotics,Chemical,5,78.93864013,13.94275162,78.93864013,15.16966068,38.01112993,28.05856398,TRUE,FALSE,TRUE
3-methoxycatechol sulfate (1),3-methoxycatechol sulfate (1),100006375,Xenobiotics,Benzoate Metabolism,5,8.582834331,2.123730379,3.150912106,8.582834331,7.960319381,4.312073807,TRUE,TRUE,TRUE
n-acetylkynurenine (2),N-acetylkynurenine (2),100006378,Amino Acid,Tryptophan Metabolism,5,30.51409619,24.93074792,30.51409619,28.14371257,24.92136463,18.65222623,TRUE,TRUE,TRUE
c-glycosyltryptophan,C-glycosyltryptophan,100006379,Amino Acid,Tryptophan Metabolism,5,0.020056157,,,,,0.020056157,TRUE,TRUE,TRUE
tramadol,tramadol,100006381,Xenobiotics,Drug - Analgesics	 Anesthetics,5,99.50248756,98.79963066,99.50248756,99.4011976,99.12896201,99.25792218,TRUE,FALSE,TRUE
o-desmethyltramadol,O-desmethyltramadol,100006382,Xenobiotics,Drug - Analgesics	 Anesthetics,5,99.4011976,98.89196676,99.33665008,99.4011976,99.22574401,99.27797834,TRUE,FALSE,TRUE
o-desmethyltramadol glucuronide,O-desmethyltramadol glucuronide,100006383,Xenobiotics,Drug - Analgesics	 Anesthetics,5,99.4011976,98.89196676,99.00497512,99.4011976,99.17735301,99.25792218,TRUE,FALSE,TRUE
alpha-hydroxymetoprolol,alpha-hydroxymetoprolol,100006385,Xenobiotics,Drug - Cardiovascular,3,97.0918572,92.70544783,NA,NA,93.2252601,97.0918572,FALSE,FALSE,TRUE
arabitol/xylitol,arabitol/xylitol,100006430,Carbohydrate,Pentose Metabolism,5,0.020056157,,,,,0.020056157,TRUE,TRUE,TRUE
n-acetylglucosamine/n-acetylgalactosamine,N-acetylglucosamine/N-acetylgalactosamine,100006435,Carbohydrate,Aminosugar Metabolism,5,4.673084637,1.108033241,,1.796407186,0.846842487,4.673084637,TRUE,TRUE,TRUE
citraconate/glutaconate,citraconate/glutaconate,100006438,Energy,TCA Cycle,5,5.468182918,,,0.199600798,5.468182918,0.94263939,TRUE,TRUE,TRUE
adipoylcarnitine (c6-dc),adipoylcarnitine (C6-DC),100006614,Lipid,Fatty Acid Metabolism (Acyl Carnitine	 Dicarboxylate),5,0.100280786,,,,,0.100280786,TRUE,TRUE,TRUE
nonanoylcarnitine (c9),nonanoylcarnitine (C9),100006620,Lipid,Fatty Acid Metabolism (Acyl Carnitine	 Medium Chain),5,8.202274377,6.186518929,0.331674959,0.199600798,8.202274377,2.928198957,TRUE,TRUE,TRUE
suberoylcarnitine (c8-dc),suberoylcarnitine (C8-DC),100006627,Lipid,Fatty Acid Metabolism (Acyl Carnitine	 Dicarboxylate),5,100.0,2.954755309,7.296849088,27.74451098,2.346963465,100,TRUE,FALSE,TRUE
deoxycholic acid 3-sulfate,deoxycholic acid 3-sulfate,100006638,Lipid,Secondary Bile Acid Metabolism,2,100.0,NA,NA,NA,77.64335834,100,FALSE,FALSE,TRUE
glycochenodeoxycholate 3-sulfate,glycochenodeoxycholate 3-sulfate,100006641,Lipid,Primary Bile Acid Metabolism,5,12.09602955,12.09602955,1.824212272,0.798403194,0.67747399,4.933814681,TRUE,TRUE,TRUE
glycodeoxycholate 3-sulfate,glycodeoxycholate 3-sulfate,100006642,Lipid,Secondary Bile Acid Metabolism,5,6.832871653,6.832871653,2.819237148,3.592814371,2.443745463,4.833533895,TRUE,TRUE,TRUE
taurodeoxycholic acid 3-sulfate,taurodeoxycholic acid 3-sulfate,100006644,Lipid,Secondary Bile Acid Metabolism,5,26.9621422,26.9621422,20.39800995,20.75848303,15.00120977,19.03329322,TRUE,TRUE,TRUE
"trans-3,4-methyleneheptanoate","trans-3,4-methyleneheptanoate",100006651,Xenobiotics,Food Component/Plant,4,30.84577114,NA,30.84577114,22.95409182,24.00193564,27.39671079,FALSE,FALSE,TRUE
1 2-dilinoleoyl-gpc (18:2/18:2),1 2-dilinoleoyl-GPC (18:2/18:2),100008903,Lipid,Phosphatidylcholine (PC),5,1.160862355,0.461680517,1.160862355,,0.145172998,0.140393101,TRUE,TRUE,TRUE
1-stearoyl-2-oleoyl-gpc (18:0/18:1),1-stearoyl-2-oleoyl-GPC (18:0/18:1),100008904,Lipid,Phosphatidylcholine (PC),5,0.0,,,,,,TRUE,TRUE,TRUE
1-palmitoyl-2-arachidonoyl-gpc (16:0/20:4n6),1-palmitoyl-2-arachidonoyl-GPC (16:0/20:4n6),100008914,Lipid,Phosphatidylcholine (PC),5,0.0,,,,,,TRUE,TRUE,TRUE
1-palmitoyl-2-docosahexaenoyl-gpc (16:0/22:6),1-palmitoyl-2-docosahexaenoyl-GPC (16:0/22:6),100008915,Lipid,Phosphatidylcholine (PC),5,0.0,,,,,,TRUE,TRUE,TRUE
1-stearoyl-2-docosahexaenoyl-gpc (18:0/22:6),1-stearoyl-2-docosahexaenoyl-GPC (18:0/22:6),100008916,Lipid,Phosphatidylcholine (PC),5,0.0,,,,,,TRUE,TRUE,TRUE
1-(1-enyl-stearoyl)-2-oleoyl-gpe (p-18:0/18:1),1-(1-enyl-stearoyl)-2-oleoyl-GPE (P-18:0/18:1),100008919,Lipid,Plasmalogen,5,0.120977498,,,,0.120977498,0.040112314,TRUE,TRUE,TRUE
sphingomyelin (d18:1/17:0 d17:1/18:0 d19:1/16:0),sphingomyelin (d18:1/17:0 d17:1/18:0 d19:1/16:0),100008920,Lipid,Sphingomyelins,5,0.040112314,,,,,0.040112314,TRUE,TRUE,TRUE
1-palmitoyl-2-stearoyl-gpc (16:0/18:0),1-palmitoyl-2-stearoyl-GPC (16:0/18:0),100008921,Lipid,Phosphatidylcholine (PC),5,0.040112314,,,,,0.040112314,TRUE,TRUE,TRUE
2-hydroxybutyrate/2-hydroxyisobutyrate,2-hydroxybutyrate/2-hydroxyisobutyrate,100008928,Amino Acid,Glutathione Metabolism,5,2.487562189,,2.487562189,0.199600798,,0.060168472,TRUE,TRUE,TRUE
oleate/vaccenate (18:1),oleate/vaccenate (18:1),100008930,Lipid,Long Chain Monounsaturated Fatty Acid,5,0.0,,,,,,TRUE,TRUE,TRUE
3-hydroxystearate,3-hydroxystearate,100008933,Lipid,"Fatty Acid, Monohydroxy",2,22.13888217,NA,NA,NA,22.13888217,20.57761733,FALSE,FALSE,TRUE
aripiprazole,aripiprazole,100008941,Xenobiotics,Drug - Psychoactive,2,99.8596069,NA,NA,NA,99.854827,99.8596069,FALSE,FALSE,TRUE
pregabalin,pregabalin,100008943,Xenobiotics,Drug - Neurological,4,99.83416252,NA,99.83416252,99.8003992,99.63706751,99.7192138,FALSE,FALSE,TRUE
enalapril,enalapril,100008948,Xenobiotics,Drug - Cardiovascular,4,99.50248756,98.43028624,99.50248756,NA,96.85458505,96.55034095,FALSE,FALSE,TRUE
rivaroxaban,rivaroxaban,100008950,Xenobiotics,Drug - Cardiovascular,2,99.806436,NA,NA,NA,99.806436,99.77938227,FALSE,FALSE,TRUE
1-palmitoleoylglycerol (16:1),1-palmitoleoylglycerol (16:1)*,100008952,Lipid,Monoacylglycerol,5,50.89820359,14.95844875,24.87562189,50.89820359,25.86498911,20.05615724,TRUE,FALSE,TRUE
palmitoyl dihydrosphingomyelin (d18:0/16:0),palmitoyl dihydrosphingomyelin (d18:0/16:0)*,100008954,Lipid,Dihydrosphingomyelins,5,0.040112314,,,,,0.040112314,TRUE,TRUE,TRUE
tricosanoyl sphingomyelin (d18:1/23:0),tricosanoyl sphingomyelin (d18:1/23:0)*,100008955,Lipid,Sphingomyelins,5,0.020056157,,,,,0.020056157,TRUE,TRUE,TRUE
sphingomyelin (d18:2/23:0 d18:1/23:1 d17:1/24:1),sphingomyelin (d18:2/23:0 d18:1/23:1 d17:1/24:1)*,100008956,Lipid,Sphingomyelins,5,0.040112314,,,,,0.040112314,TRUE,TRUE,TRUE
sphingomyelin (d18:2/24:1 d18:1/24:2),sphingomyelin (d18:2/24:1 d18:1/24:2)*,100008957,Lipid,Sphingomyelins,5,0.0,,,,,,TRUE,TRUE,TRUE
diclofenac,diclofenac,100008961,Xenobiotics,"Drug - Analgesics, Anesthetics",4,99.83416252,NA,99.83416252,99.8003992,98.25792403,99.17769755,FALSE,FALSE,TRUE
amoxicillin,amoxicillin,100008962,Xenobiotics,Drug - Antibiotic,3,100.0,97.96860572,NA,NA,99.9274135,100,FALSE,FALSE,TRUE
sitagliptin,sitagliptin,100008964,Xenobiotics,Drug - Metabolic,3,99.72299169,99.72299169,NA,NA,99.51609001,99.33814681,FALSE,FALSE,TRUE
1-stearoyl-2-linoleoyl-gpe (18:0/18:2),1-stearoyl-2-linoleoyl-GPE (18:0/18:2)*,100008976,Lipid,Phosphatidylethanolamine (PE),5,0.020056157,,,,,0.020056157,TRUE,TRUE,TRUE
1-stearoyl-2-arachidonoyl-gpe (18:0/20:4),1-stearoyl-2-arachidonoyl-GPE (18:0/20:4),100008977,Lipid,Phosphatidylethanolamine (PE),5,0.020056157,,,,,0.020056157,TRUE,TRUE,TRUE
1-stearoyl-2-linoleoyl-gpc (18:0/18:2),1-stearoyl-2-linoleoyl-GPC (18:0/18:2)*,100008980,Lipid,Phosphatidylcholine (PC),5,0.0,,,,,,TRUE,TRUE,TRUE
1-palmitoyl-2-palmitoleoyl-gpc (16:0/16:1),1-palmitoyl-2-palmitoleoyl-GPC (16:0/16:1)*,100008984,Lipid,Phosphatidylcholine (PC),5,0.0,,,,,,TRUE,TRUE,TRUE
1-palmitoyl-2-dihomo-linolenoyl-gpc (16:0/20:3n3 or 6),1-palmitoyl-2-dihomo-linolenoyl-GPC (16:0/20:3n3 or 6)*,100008985,Lipid,Phosphatidylcholine (PC),5,0.399201597,,,0.399201597,,0.020056157,TRUE,TRUE,TRUE
1-palmitoyl-2-arachidonoyl-gpe (16:0/20:4),1-palmitoyl-2-arachidonoyl-GPE (16:0/20:4)*,100008990,Lipid,Phosphatidylethanolamine (PE),5,0.040112314,,,,,0.040112314,TRUE,TRUE,TRUE
1-palmitoyl-2-docosahexaenoyl-gpe (16:0/22:6),1-palmitoyl-2-docosahexaenoyl-GPE (16:0/22:6)*,100008991,Lipid,Phosphatidylethanolamine (PE),5,0.040112314,,,,,0.040112314,TRUE,TRUE,TRUE
1-stearoyl-2-docosahexaenoyl-gpe (18:0/22:6),1-stearoyl-2-docosahexaenoyl-GPE (18:0/22:6)*,100008992,Lipid,Phosphatidylethanolamine (PE),5,0.100280786,,,,0.0241955,0.100280786,TRUE,TRUE,TRUE
1-palmitoyl-2-arachidonoyl-gpi (16:0/20:4),1-palmitoyl-2-arachidonoyl-GPI (16:0/20:4)*,100008993,Lipid,Phosphatidylinositol (PI),5,13.17365269,1.292705448,0.331674959,13.17365269,0.992015485,0.160449258,TRUE,TRUE,TRUE
1-stearoyl-2-linoleoyl-gpi (18:0/18:2),1-stearoyl-2-linoleoyl-GPI (18:0/18:2),100008994,Lipid,Phosphatidylinositol (PI),5,0.040112314,,,,,0.040112314,TRUE,TRUE,TRUE
gamma-tocopherol/beta-tocopherol,gamma-tocopherol/beta-tocopherol,100008998,Cofactors and Vitamins,Tocopherol Metabolism,5,0.22061773,,,,,0.22061773,TRUE,TRUE,TRUE
1-(1-enyl-stearoyl)-2-arachidonoyl-gpe (p-18:0/20:4),1-(1-enyl-stearoyl)-2-arachidonoyl-GPE (P-18:0/20:4)*,100008999,Lipid,Plasmalogen,5,0.020056157,,,,,0.020056157,TRUE,TRUE,TRUE
1-(1-enyl-palmitoyl)-2-arachidonoyl-gpe (p-16:0/20:4),1-(1-enyl-palmitoyl)-2-arachidonoyl-GPE (P-16:0/20:4)*,100009002,Lipid,Plasmalogen,5,0.020056157,,,,,0.020056157,TRUE,TRUE,TRUE
1-(1-enyl-palmitoyl)-2-oleoyl-gpe (p-16:0/18:1),1-(1-enyl-palmitoyl)-2-oleoyl-GPE (P-16:0/18:1)*,100009005,Lipid,Plasmalogen,5,0.060168472,,,,,0.060168472,TRUE,TRUE,TRUE
1-(1-enyl-palmitoyl)-2-oleoyl-gpc (p-16:0/18:1),1-(1-enyl-palmitoyl)-2-oleoyl-GPC (P-16:0/18:1)*,100009007,Lipid,Plasmalogen,5,0.040112314,,,,,0.040112314,TRUE,TRUE,TRUE
1-(1-enyl-palmitoyl)-2-linoleoyl-gpc (p-16:0/18:2),1-(1-enyl-palmitoyl)-2-linoleoyl-GPC (P-16:0/18:2)*,100009009,Lipid,Plasmalogen,5,0.040112314,,,,,0.040112314,TRUE,TRUE,TRUE
1-(1-enyl-palmitoyl)-2-arachidonoyl-gpc (p-16:0/20:4),1-(1-enyl-palmitoyl)-2-arachidonoyl-GPC (P-16:0/20:4)*,100009014,Lipid,Plasmalogen,5,0.080224629,,,,,0.080224629,TRUE,TRUE,TRUE
sphingomyelin (d18:1/21:0 d17:1/22:0 d16:1/23:0),sphingomyelin (d18:1/21:0 d17:1/22:0 d16:1/23:0)*,100009025,Lipid,Sphingomyelins,5,0.040112314,,,,,0.040112314,TRUE,TRUE,TRUE
behenoyl dihydrosphingomyelin (d18:0/22:0),behenoyl dihydrosphingomyelin (d18:0/22:0)*,100009026,Lipid,Dihydrosphingomyelins,5,0.040112314,,,,,0.040112314,TRUE,TRUE,TRUE
sphingomyelin (d18:0/18:0 d19:0/17:0),sphingomyelin (d18:0/18:0 d19:0/17:0)*,100009027,Lipid,Dihydrosphingomyelins,5,0.040112314,,,,,0.040112314,TRUE,TRUE,TRUE
n-palmitoyl-sphinganine (d18:0/16:0),N-palmitoyl-sphinganine (d18:0/16:0),100009028,Lipid,Dihydroceramides,5,7.794361526,0.646352724,7.794361526,6.786427146,1.98403097,0.962695548,TRUE,TRUE,TRUE
lactosyl-n-palmitoyl-sphingosine (d18:1/16:0),lactosyl-N-palmitoyl-sphingosine (d18:1/16:0),100009030,Lipid,Lactosylceramides (LCER),5,0.369344414,0.369344414,,,,0.040112314,TRUE,TRUE,TRUE
cetirizine,cetirizine,100009034,Xenobiotics,Drug - Respiratory,5,98.61495845,98.61495845,98.50746269,98.00399202,97.26590854,97.47292419,TRUE,FALSE,TRUE
myristoyl dihydrosphingomyelin (d18:0/14:0),myristoyl dihydrosphingomyelin (d18:0/14:0)*,100009038,Lipid,Dihydrosphingomyelins,5,0.040112314,,,,,0.040112314,TRUE,TRUE,TRUE
5-hydroxyindole sulfate,5-hydroxyindole sulfate,100009042,Amino Acid,Tryptophan Metabolism,5,32.3176362,32.3176362,6.301824212,6.586826347,10.37986934,27.11592459,TRUE,TRUE,TRUE
phenylacetylglutamate,phenylacetylglutamate,100009045,Peptide,Acetylated Peptides,5,26.6876361,26.31578947,8.291873964,21.75648703,26.6876361,8.744484557,TRUE,TRUE,TRUE
palmitoyl-linoleoyl-glycerol (16:0/18:2) [2],palmitoyl-linoleoyl-glycerol (16:0/18:2) [2]*,100009055,Lipid,Diacylglycerol,3,100.0,6.371191136,NA,NA,16.76748125,100,FALSE,FALSE,TRUE
1-palmitoyl-2-oleoyl-gpi (16:0/18:1),1-palmitoyl-2-oleoyl-GPI (16:0/18:1)*,100009066,Lipid,Phosphatidylinositol (PI),5,1.263537906,0.55401662,0.165837479,0.998003992,0.072586499,1.263537906,TRUE,TRUE,TRUE
1-(1-enyl-palmitoyl)-2-linoleoyl-gpe (p-16:0/18:2),1-(1-enyl-palmitoyl)-2-linoleoyl-GPE (P-16:0/18:2)*,100009069,Lipid,Plasmalogen,5,0.040112314,,,,,0.040112314,TRUE,TRUE,TRUE
1-oleoyl-2-linoleoyl-gpe (18:1/18:2),1-oleoyl-2-linoleoyl-GPE (18:1/18:2)*,100009078,Lipid,Phosphatidylethanolamine (PE),5,2.888086643,0.369344414,0.331674959,1.397205589,2.056617469,2.888086643,TRUE,TRUE,TRUE
1-linoleoyl-gpa (18:2),1-linoleoyl-GPA (18:2)*,100009082,Lipid,Lysophospholipid,5,100.0,5.909510619,22.55389718,42.51497006,22.42922816,100,TRUE,FALSE,TRUE
1-oleoyl-2-docosahexaenoyl-gpc (18:1/22:6),1-oleoyl-2-docosahexaenoyl-GPC (18:1/22:6)*,100009130,Lipid,Phosphatidylcholine (PC),5,0.040112314,,,,,0.040112314,TRUE,TRUE,TRUE
1-linoleoyl-2-arachidonoyl-gpc (18:2/20:4n6),1-linoleoyl-2-arachidonoyl-GPC (18:2/20:4n6)*,100009131,Lipid,Phosphatidylcholine (PC),4,60.64981949,NA,9.618573798,4.391217565,2.564722962,60.64981949,FALSE,FALSE,TRUE
1-myristoyl-2-arachidonoyl-gpc (14:0/20:4),1-myristoyl-2-arachidonoyl-GPC (14:0/20:4)*,100009139,Lipid,Phosphatidylcholine (PC),5,0.040112314,,,,,0.040112314,TRUE,TRUE,TRUE
1-(1-enyl-palmitoyl)-2-palmitoleoyl-gpc (p-16:0/16:1),1-(1-enyl-palmitoyl)-2-palmitoleoyl-GPC (P-16:0/16:1)*,100009160,Lipid,Plasmalogen,5,0.160449258,,,,,0.160449258,TRUE,TRUE,TRUE
1-(1-enyl-palmitoyl)-2-palmitoyl-gpc (p-16:0/16:0),1-(1-enyl-palmitoyl)-2-palmitoyl-GPC (P-16:0/16:0)*,100009162,Lipid,Plasmalogen,5,0.040112314,,,,,0.040112314,TRUE,TRUE,TRUE
1-stearoyl-2-oleoyl-gpi (18:0/18:1),1-stearoyl-2-oleoyl-GPI (18:0/18:1)*,100009181,Lipid,Phosphatidylinositol (PI),5,3.650220618,1.015697138,2.819237148,0.399201597,0.072586499,3.650220618,TRUE,TRUE,TRUE
1-(1-enyl-stearoyl)-2-linoleoyl-gpe (p-18:0/18:2),1-(1-enyl-stearoyl)-2-linoleoyl-GPE (P-18:0/18:2)*,100009225,Lipid,Plasmalogen,5,0.040112314,,,,,0.040112314,TRUE,TRUE,TRUE
1-linoleoyl-gpg (18:2),1-linoleoyl-GPG (18:2)*,100009227,Lipid,Lysophospholipid,5,33.05632502,33.05632502,31.84079602,32.33532934,7.524800387,7.841957481,TRUE,TRUE,TRUE
thioproline,thioproline,100009232,Xenobiotics,Chemical,5,0.020056157,,,,,0.020056157,TRUE,TRUE,TRUE
palmitoylcholine,palmitoylcholine,100009233,Lipid,Fatty Acid Metabolism (Acyl Choline),5,3.50877193,3.50877193,0.165837479,0.199600798,0.483909993,1.223425592,TRUE,TRUE,TRUE
2-methylserine,2-methylserine,100009246,Amino Acid,"Glycine, Serine and Threonine Metabolism",4,11.37724551,NA,0.165837479,11.37724551,0.871037987,7.581227437,FALSE,FALSE,TRUE
prednisolone,prednisolone,100009252,Xenobiotics,Drug - Antiinflammatory	 Immunosuppressant,3,99.77938227,99.26131117,NA,NA,99.6854585,99.77938227,FALSE,FALSE,TRUE
mycophenolic acid,mycophenolic acid,100009253,Xenobiotics,Drug - Antiinflammatory	 Immunosuppressant,3,100.0,97.2299169,NA,NA,99.6854585,100,FALSE,FALSE,TRUE
mycophenolic acid glucuronide,mycophenolic acid glucuronide,100009254,Xenobiotics,Drug - Antiinflammatory	 Immunosuppressant,3,100.0,97.322253,NA,NA,99.7822405,100,FALSE,FALSE,TRUE
glycochenodeoxycholate glucuronide (1),glycochenodeoxycholate glucuronide (1),100009264,Lipid,Primary Bile Acid Metabolism,5,7.57156048,7.57156048,0.165837479,0.598802395,0.532300992,3.028479743,TRUE,TRUE,TRUE
(s)-3-hydroxybutyrylcarnitine,(S)-3-hydroxybutyrylcarnitine,100009271,Lipid,Fatty Acid Metabolism (Acyl Carnitine	 Hydroxy),5,0.184672207,0.184672207,,,0.0241955,0.020056157,TRUE,TRUE,TRUE
glycosyl-n-palmitoyl-sphingosine (d18:1/16:0),glycosyl-N-palmitoyl-sphingosine (d18:1/16:0),100009272,Lipid,Hexosylceramides (HCER),5,0.369344414,0.369344414,,,,0.040112314,TRUE,TRUE,TRUE
sulfamethoxazole,sulfamethoxazole,100009327,Xenobiotics,Drug - Antibiotic,3,99.97994384,95.84487535,NA,NA,99.8790225,99.97994384,FALSE,FALSE,TRUE
ascorbic acid 2-sulfate,ascorbic acid 2-sulfate,100009329,Cofactors and Vitamins,Ascorbate and Aldarate Metabolism,5,2.400738689,2.400738689,1.326699834,0.199600798,0.992015485,0.140393101,TRUE,TRUE,TRUE
oleoylcholine,oleoylcholine,100009331,Lipid,Fatty Acid Metabolism (Acyl Choline),5,5.447830102,5.447830102,0.165837479,3.193612774,1.548511977,3.429602888,TRUE,TRUE,TRUE
arachidonoylcholine,arachidonoylcholine,100009332,Lipid,Fatty Acid Metabolism (Acyl Choline),5,5.724838412,5.724838412,,1.996007984,1.35494798,3.26915363,TRUE,TRUE,TRUE
docosahexaenoylcholine,docosahexaenoylcholine,100009333,Lipid,Fatty Acid Metabolism (Acyl Choline),5,13.63818692,10.15697138,0.165837479,12.3752495,6.581175901,13.63818692,TRUE,TRUE,TRUE
dihomo-linolenoyl-choline,dihomo-linolenoyl-choline,100009335,Lipid,Fatty Acid Metabolism (Acyl Choline),5,28.14371257,17.54385965,2.985074627,28.14371257,16.01742076,24.54873646,TRUE,TRUE,TRUE
eicosapentaenoylcholine,eicosapentaenoylcholine,100009336,Lipid,Fatty Acid Metabolism (Acyl Choline),5,100.0,33.61034164,12.60364842,42.71457086,46.5763368,100,TRUE,FALSE,TRUE
caffeic acid sulfate,caffeic acid sulfate,100009337,Xenobiotics,Food Component/Plant,5,46.81440443,46.81440443,33.99668325,30.33932136,42.36631986,31.74889691,TRUE,TRUE,TRUE
1-linoleoyl-2-linolenoyl-gpc (18:2/18:3),1-linoleoyl-2-linolenoyl-GPC (18:2/18:3)*,100009343,Lipid,Phosphatidylcholine (PC),5,2.155887231,0.461680517,2.155887231,0.199600798,0.798451488,0.200561572,TRUE,TRUE,TRUE
1-palmitoleoyl-2-linolenoyl-gpc (16:1/18:3),1-palmitoleoyl-2-linolenoyl-GPC (16:1/18:3)*,100009345,Lipid,Phosphatidylcholine (PC),5,28.07017544,28.07017544,12.43781095,4.99001996,3.242196951,2.32651424,TRUE,TRUE,TRUE
lamotrigine,lamotrigine,100009390,Xenobiotics,Drug - Neurological,5,99.81532779,99.81532779,99.66832504,99.6007984,99.29833051,99.31809065,TRUE,FALSE,TRUE
hexadecadienoate (16:2n6),hexadecadienoate (16:2n6),100009394,Lipid,Long Chain Polyunsaturated Fatty Acid (n3 and n6),5,2.395209581,,,2.395209581,,0.020056157,TRUE,TRUE,TRUE
palmitoleoylcarnitine (c16:1),palmitoleoylcarnitine (C16:1)*,100009406,Lipid,Fatty Acid Metabolism (Acyl Carnitine	 Monounsaturated),5,0.0923,0.0923,,,,0.020056157,TRUE,TRUE,TRUE
pimeloylcarnitine/3-methyladipoylcarnitine (c7-dc),pimeloylcarnitine/3-methyladipoylcarnitine (C7-DC),100009407,Lipid,Fatty Acid Metabolism (Acyl Carnitine	 Dicarboxylate),5,4.432132964,4.432132964,0.663349917,1.397205589,0.266150496,3.509827517,TRUE,TRUE,TRUE
4-hydroxyphenylacetylglutamine,4-hydroxyphenylacetylglutamine,100010850,Peptide,Acetylated Peptides,5,14.95844875,14.95844875,1.492537313,6.18762475,5.879506412,1.203369434,TRUE,TRUE,TRUE
2 3-dihydroxy-2-methylbutyrate,2 3-dihydroxy-2-methylbutyrate,100010869,Amino Acid,Leucine	 Isoleucine and Valine Metabolism,5,17.36526946,16.62049861,13.26699834,17.36526946,3.629324946,8.28319294,TRUE,TRUE,TRUE
2'-o-methylcytidine,2'-O-methylcytidine,100010895,Nucleotide,Pyrimidine Metabolism	 Cytidine containing,5,1.103088648,0.646352724,0.497512438,,0.459714493,1.103088648,TRUE,TRUE,TRUE
2'-o-methyluridine,2'-O-methyluridine,100010896,Nucleotide,Pyrimidine Metabolism	 Uracil containing,5,4.99001996,4.339796861,4.809286899,4.99001996,2.734091459,0.882470919,TRUE,TRUE,TRUE
gamma-glutamyl-alpha-lysine,gamma-glutamyl-alpha-lysine,100010901,Peptide,Gamma-glutamyl Amino Acid,5,0.184672207,0.184672207,,,,0.040112314,TRUE,TRUE,TRUE
oleoyl-oleoyl-glycerol (18:1/18:1) [2],oleoyl-oleoyl-glycerol (18:1/18:1) [2]*,100010919,Lipid,Diacylglycerol,3,100.0,2.770083102,NA,NA,6.266634406,100,FALSE,FALSE,TRUE
linoleoyl-arachidonoyl-glycerol (18:2/20:4) [1],linoleoyl-arachidonoyl-glycerol (18:2/20:4) [1]*,100010922,Lipid,Diacylglycerol,3,100.0,6.278855032,NA,NA,18.38857972,100,FALSE,FALSE,TRUE
linoleoyl-arachidonoyl-glycerol (18:2/20:4) [2],linoleoyl-arachidonoyl-glycerol (18:2/20:4) [2]*,100010923,Lipid,Diacylglycerol,3,9.879963066,9.879963066,NA,NA,9.387853859,7.641395909,FALSE,FALSE,TRUE
oleoyl-arachidonoyl-glycerol (18:1/20:4) [1],oleoyl-arachidonoyl-glycerol (18:1/20:4) [1]*,100010936,Lipid,Diacylglycerol,5,100.0,3.416435826,15.75456053,14.97005988,8.371642874,100,TRUE,FALSE,TRUE
oleoyl-arachidonoyl-glycerol (18:1/20:4) [2],oleoyl-arachidonoyl-glycerol (18:1/20:4) [2]*,100010937,Lipid,Diacylglycerol,5,25.3493014,3.693444137,22.05638474,25.3493014,8.468424873,7.039711191,TRUE,TRUE,TRUE
diacylglycerol (16:1/18:2 [2] 16:0/18:3 [1]),diacylglycerol (16:1/18:2 [2] 16:0/18:3 [1])*,100010940,Lipid,Diacylglycerol,5,100.0,15.23545706,17.91044776,13.77245509,12.17033632,100,TRUE,FALSE,TRUE
perfluorooctanesulfonate (pfos),perfluorooctanesulfonate (PFOS),100010955,Xenobiotics,Chemical,5,0.290345996,,,0.199600798,0.290345996,0.120336943,TRUE,TRUE,TRUE
n-palmitoyl-sphingadienine (d18:2/16:0),N-palmitoyl-sphingadienine (d18:2/16:0)*,100015609,Lipid,Ceramides,5,30.53892216,1.200369344,5.970149254,30.53892216,2.63730946,7.380665864,TRUE,TRUE,TRUE
lactosyl-n-nervonoyl-sphingosine (d18:1/24:1),lactosyl-N-nervonoyl-sphingosine (d18:1/24:1)*,100015620,Lipid,Lactosylceramides (LCER),5,8.623548922,,8.623548922,,0.096781999,0.060168472,TRUE,TRUE,TRUE
lactosyl-n-behenoyl-sphingosine (d18:1/22:0),lactosyl-N-behenoyl-sphingosine (d18:1/22:0)*,100015623,Lipid,Lactosylceramides (LCER),5,36.15257048,2.585410896,36.15257048,13.77245509,2.66150496,3.289209787,TRUE,TRUE,TRUE
glycosyl-n-behenoyl-sphingadienine (d18:2/22:0),glycosyl-N-behenoyl-sphingadienine (d18:2/22:0)*,100015625,Lipid,Hexosylceramides (HCER),5,2.976046455,0.55401662,2.155887231,,2.976046455,0.401123145,TRUE,TRUE,TRUE
n-stearoyl-sphingadienine (d18:2/18:0),N-stearoyl-sphingadienine (d18:2/18:0)*,100015632,Lipid,Ceramides,5,24.3767313,24.3767313,15.75456053,12.3752495,8.081296879,8.884877657,TRUE,TRUE,TRUE
n-oleoylserine,N-oleoylserine,100015641,Lipid,Endocannabinoid,5,19.48291782,19.48291782,2.487562189,12.9740519,3.726106944,0.300842359,TRUE,TRUE,TRUE
sphingadienine,sphingadienine,100015643,Lipid,Sphingolipid Synthesis,5,85.07462687,8.125577101,85.07462687,57.48502994,10.42826034,26.81508223,TRUE,FALSE,TRUE
ceramide (d16:1/24:1 d18:1/22:1),ceramide (d16:1/24:1 d18:1/22:1)*,100015727,Lipid,Ceramides,5,35.82089552,20.40627886,35.82089552,10.77844311,5.952092911,10.73004412,TRUE,TRUE,TRUE
"glycosyl ceramide (d16:1/24:1, d18:1/22:1)","glycosyl ceramide (d16:1/24:1, d18:1/22:1)*",100015730,Lipid,Hexosylceramides (HCER),2,100.0,NA,NA,NA,32.54294701,100,FALSE,FALSE,TRUE
n-palmitoyl-heptadecasphingosine (d17:1/16:0),N-palmitoyl-heptadecasphingosine (d17:1/16:0)*,100015731,Lipid,Ceramides,5,19.75992613,19.75992613,7.131011609,18.96207585,11.80740382,6.077015644,TRUE,TRUE,TRUE
ceramide (d18:1/14:0 d16:1/16:0),ceramide (d18:1/14:0 d16:1/16:0)*,100015735,Lipid,Ceramides,5,13.37325349,8.033240997,10.61359867,13.37325349,2.322767965,6.618531889,TRUE,TRUE,TRUE
"ceramide (d18:1/17:0, d17:1/18:0)","ceramide (d18:1/17:0, d17:1/18:0)*",100015737,Lipid,Ceramides,4,100.0,NA,31.1774461,57.28542914,21.14686668,100,FALSE,FALSE,TRUE
"ceramide (d18:2/24:1, d18:1/24:2)","ceramide (d18:2/24:1, d18:1/24:2)*",100015744,Lipid,Ceramides,4,8.457711443,NA,8.457711443,,1.403338979,1.083032491,FALSE,FALSE,TRUE
glycosyl ceramide (d18:2/24:1 d18:1/24:2),glycosyl ceramide (d18:2/24:1 d18:1/24:2)*,100015745,Lipid,Hexosylceramides (HCER),5,0.646352724,0.646352724,0.497512438,0.199600798,0.217759497,0.160449258,TRUE,TRUE,TRUE
"glycosyl ceramide (d18:1/23:1, d17:1/24:1)","glycosyl ceramide (d18:1/23:1, d17:1/24:1)*",100015751,Lipid,Hexosylceramides (HCER),2,100.0,NA,NA,NA,16.23518026,100,FALSE,FALSE,TRUE
ceramide (d18:1/20:0 d16:1/22:0 d20:1/18:0),ceramide (d18:1/20:0 d16:1/22:0 d20:1/18:0)*,100015755,Lipid,Ceramides,5,100.0,,10.94527363,4.790419162,30.31696105,100,TRUE,FALSE,TRUE
stearoylcholine,stearoylcholine*,100015759,Lipid,Fatty Acid Metabolism (Acyl Choline),5,19.19374248,10.61865189,1.160862355,17.96407186,16.30776676,19.19374248,TRUE,TRUE,TRUE
linoleoylcholine,linoleoylcholine*,100015760,Lipid,Fatty Acid Metabolism (Acyl Choline),5,4.339796861,4.339796861,,0.598802395,0.701669489,1.363818692,TRUE,TRUE,TRUE
docosatrienoate (22:3n6),docosatrienoate (22:3n6)*,100015762,Lipid,Long Chain Polyunsaturated Fatty Acid (n3 and n6),3,25.40527462,21.5143121,NA,NA,25.40527462,24.44845568,FALSE,FALSE,TRUE
ondansetron,ondansetron,100015776,Xenobiotics,Drug - Gastrointestinal,3,100.0,99.72299169,NA,NA,99.951609,100,FALSE,FALSE,TRUE
promethazine,promethazine,100015777,Xenobiotics,Drug - Gastrointestinal,2,99.83955074,NA,NA,NA,99.7822405,99.83955074,FALSE,FALSE,TRUE
nisinate (24:6n3),nisinate (24:6n3),100015785,Lipid,Long Chain Polyunsaturated Fatty Acid (n3 and n6),5,63.47305389,34.71837488,41.29353234,63.47305389,36.99491895,28.55996791,TRUE,FALSE,TRUE
sphingomyelin (d18:0/20:0 d16:0/22:0),sphingomyelin (d18:0/20:0 d16:0/22:0)*,100015786,Lipid,Dihydrosphingomyelins,5,0.040112314,,,,,0.040112314,TRUE,TRUE,TRUE
sphingomyelin (d18:1/19:0 d19:1/18:0),sphingomyelin (d18:1/19:0 d19:1/18:0)*,100015787,Lipid,Sphingomyelins,5,0.040112314,,,,,0.040112314,TRUE,TRUE,TRUE
sphingomyelin (d18:2/18:1),sphingomyelin (d18:2/18:1)*,100015788,Lipid,Sphingomyelins,5,0.040112314,,,,,0.040112314,TRUE,TRUE,TRUE
sphingomyelin (d18:2/24:2),sphingomyelin (d18:2/24:2)*,100015789,Lipid,Sphingomyelins,5,0.040112314,,,,,0.040112314,TRUE,TRUE,TRUE
sphingomyelin (d18:2/21:0 d16:2/23:0),sphingomyelin (d18:2/21:0 d16:2/23:0)*,100015790,Lipid,Sphingomyelins,5,0.040112314,,,,,0.040112314,TRUE,TRUE,TRUE
sphingomyelin (d18:2/23:1),sphingomyelin (d18:2/23:1)*,100015791,Lipid,Sphingomyelins,5,0.040112314,,,,,0.040112314,TRUE,TRUE,TRUE
sphingomyelin (d18:1/25:0 d19:0/24:1 d20:1/23:0 d19:1/24:0),sphingomyelin (d18:1/25:0 d19:0/24:1 d20:1/23:0 d19:1/24:0)*,100015792,Lipid,Sphingomyelins,5,0.331674959,,0.331674959,,0.072586499,0.320898516,TRUE,TRUE,TRUE
sphingomyelin (d17:2/16:0 d18:2/15:0),sphingomyelin (d17:2/16:0 d18:2/15:0)*,100015793,Lipid,Sphingomyelins,5,0.165837479,0.0923,0.165837479,,,0.040112314,TRUE,TRUE,TRUE
dexlansoprazole,dexlansoprazole,100015794,Xenobiotics,Drug - Gastrointestinal,2,100.0,NA,NA,NA,99.9274135,100,FALSE,FALSE,TRUE
heneicosapentaenoate (21:5n3),heneicosapentaenoate (21:5n3),100015797,Lipid,Long Chain Polyunsaturated Fatty Acid (n3 and n6),5,20.63876119,20.59095106,3.648424544,14.57085828,20.63876119,11.7729643,TRUE,TRUE,TRUE
linolenoylcarnitine (c18:3),linolenoylcarnitine (C18:3)*,100015831,Lipid,Fatty Acid Metabolism (Acyl Carnitine	 Polyunsaturated),5,0.831024931,0.831024931,,,0.072586499,0.320898516,TRUE,TRUE,TRUE
behenoylcarnitine (c22),behenoylcarnitine (C22)*,100015832,Lipid,Fatty Acid Metabolism (Acyl Carnitine	 Long Chain Saturated),5,16.89750693,16.89750693,9.452736318,4.391217565,5.831115413,9.947853991,TRUE,TRUE,TRUE
arachidoylcarnitine (c20),arachidoylcarnitine (C20)*,100015833,Lipid,Fatty Acid Metabolism (Acyl Carnitine	 Long Chain Saturated),5,3.047091413,3.047091413,,,0.387127994,1.343762535,TRUE,TRUE,TRUE
lignoceroylcarnitine (c24),lignoceroylcarnitine (C24)*,100015834,Lipid,Fatty Acid Metabolism (Acyl Carnitine	 Long Chain Saturated),5,0.0923,0.0923,,,,0.040112314,TRUE,TRUE,TRUE
cerotoylcarnitine (c26),cerotoylcarnitine (C26)*,100015835,Lipid,Fatty Acid Metabolism (Acyl Carnitine	 Long Chain Saturated),5,0.060168472,,,,0.048390999,0.060168472,TRUE,TRUE,TRUE
ximenoylcarnitine (c26:1),ximenoylcarnitine (C26:1)*,100015836,Lipid,Fatty Acid Metabolism (Acyl Carnitine	 Monounsaturated),5,0.184672207,0.184672207,,,0.048390999,0.140393101,TRUE,TRUE,TRUE
arachidonoylcarnitine (c20:4),arachidonoylcarnitine (C20:4),100015837,Lipid,Fatty Acid Metabolism (Acyl Carnitine	 Polyunsaturated),5,2.487562189,1.477377655,2.487562189,1.397205589,0.943624486,0.862414761,TRUE,TRUE,TRUE
eicosenoylcarnitine (c20:1),eicosenoylcarnitine (C20:1)*,100015838,Lipid,Fatty Acid Metabolism (Acyl Carnitine	 Monounsaturated),5,0.738688827,0.738688827,,,0.072586499,0.080224629,TRUE,TRUE,TRUE
dihomo-linoleoylcarnitine (c20:2),dihomo-linoleoylcarnitine (C20:2)*,100015839,Lipid,Fatty Acid Metabolism (Acyl Carnitine	 Polyunsaturated),5,7.960199005,3.878116343,7.960199005,0.998003992,1.935639971,5.996791015,TRUE,TRUE,TRUE
dihomo-linolenoylcarnitine (c20:3n3 or 6),dihomo-linolenoylcarnitine (C20:3n3 or 6)*,100015840,Lipid,Fatty Acid Metabolism (Acyl Carnitine	 Polyunsaturated),5,2.677746999,2.677746999,0.995024876,2.395209581,0.65327849,0.862414761,TRUE,TRUE,TRUE
docosahexaenoylcarnitine (c22:6),docosahexaenoylcarnitine (C22:6)*,100015845,Lipid,Fatty Acid Metabolism (Acyl Carnitine	 Polyunsaturated),5,14.57085828,4.247460757,2.32172471,14.57085828,8.226469877,9.165663859,TRUE,TRUE,TRUE
nervonoylcarnitine (c24:1),nervonoylcarnitine (C24:1)*,100015846,Lipid,Fatty Acid Metabolism (Acyl Carnitine	 Monounsaturated),5,4.339796861,4.339796861,1.160862355,0.199600798,2.225985967,3.48977136,TRUE,TRUE,TRUE
levetiracetam,levetiracetam,100015873,Xenobiotics,Drug - Neurological,3,100.0,99.9076639,NA,NA,99.51609001,100,FALSE,FALSE,TRUE
clindamycin,clindamycin,100015876,Xenobiotics,Drug - Antibiotic,3,99.95988769,99.9076639,NA,NA,99.8306315,99.95988769,FALSE,FALSE,TRUE
metronidazole,metronidazole,100015878,Xenobiotics,Drug - Antibiotic,3,99.91977537,99.9076639,NA,NA,99.8306315,99.91977537,FALSE,FALSE,TRUE
glycosyl ceramide (d18:1/20:0 d16:1/22:0),glycosyl ceramide (d18:1/20:0 d16:1/22:0)*,100015882,Lipid,Hexosylceramides (HCER),5,0.184672207,0.184672207,0.165837479,,0.145172998,0.060168472,TRUE,TRUE,TRUE
n n n-trimethyl-5-aminovalerate,N N N-trimethyl-5-aminovalerate,100015962,Amino Acid,Lysine Metabolism,5,0.020056157,,,,,0.020056157,TRUE,TRUE,TRUE
ethyl alpha-glucopyranoside,ethyl alpha-glucopyranoside,100015965,Xenobiotics,Food Component/Plant,3,8.383473726,1.385041551,NA,NA,6.6537624,8.383473726,FALSE,FALSE,TRUE
carotene diol (1),carotene diol (1),100015966,Cofactors and Vitamins,Vitamin A Metabolism,5,0.040112314,,,,,0.040112314,TRUE,TRUE,TRUE
carotene diol (2),carotene diol (2),100015967,Cofactors and Vitamins,Vitamin A Metabolism,5,0.27700831,0.27700831,,,0.096781999,0.080224629,TRUE,TRUE,TRUE
carotene diol (3),carotene diol (3),100015968,Cofactors and Vitamins,Vitamin A Metabolism,5,30.01658375,23.26869806,30.01658375,9.181636727,5.177836922,4.151624549,TRUE,TRUE,TRUE
cortolone glucuronide (1),cortolone glucuronide (1),100015971,Lipid,Corticosteroids,5,4.432132964,4.432132964,1.326699834,0.998003992,0.871037987,0.681909346,TRUE,TRUE,TRUE
fluconazole,fluconazole,100015972,Xenobiotics,Drug - Antibiotic,3,99.93983153,96.86057248,NA,NA,99.806436,99.93983153,FALSE,FALSE,TRUE
3-hydroxyvalproate,3-hydroxyvalproate,100015977,Xenobiotics,Drug - Neurological,2,99.89971921,NA,NA,NA,99.7338495,99.89971921,FALSE,FALSE,TRUE
2-propyl-2-pentenoate (2-ene-valproate),2-propyl-2-pentenoate (2-ene-valproate),100015981,Xenobiotics,Drug - Neurological,2,99.89971921,NA,NA,NA,99.758045,99.89971921,FALSE,FALSE,TRUE
2-hydroxycarbamazepine,2-hydroxycarbamazepine,100015983,Xenobiotics,Drug - Neurological,3,99.67910148,99.63065559,NA,NA,99.58867651,99.67910148,FALSE,FALSE,TRUE
10 11-dihydro-10-hydroxycarbamazepine,10 11-dihydro-10-hydroxycarbamazepine,100015985,Xenobiotics,Drug - Neurological,3,100.0,99.9076639,NA,NA,99.7338495,100,FALSE,FALSE,TRUE
(n(1) + n(8))-acetylspermidine,(N(1) + N(8))-acetylspermidine,100016038,Amino Acid,Polyamine Metabolism,5,6.718812675,,,,,6.718812675,TRUE,TRUE,TRUE
thc carboxylic acid,THC carboxylic acid,100016048,Xenobiotics,Drug - Psychoactive,3,99.75932611,99.63065559,NA,NA,98.95959352,99.75932611,FALSE,FALSE,TRUE
thc carboxylic acid glucuronide,THC carboxylic acid glucuronide,100016049,Xenobiotics,Drug - Psychoactive,3,99.65904533,99.63065559,NA,NA,99.03218001,99.65904533,FALSE,FALSE,TRUE
5-dodecenoylcarnitine (c12:1),5-dodecenoylcarnitine (C12:1),100016069,Lipid,Fatty Acid Metabolism (Acyl Carnitine	 Monounsaturated),5,2.486963498,1.200369344,,,0.919428986,2.486963498,TRUE,TRUE,TRUE
2-furoylcarnitine,2-furoylcarnitine,100016070,Xenobiotics,Food Component/Plant,4,100.0,NA,20.56384743,37.5249501,28.04258408,100,FALSE,FALSE,TRUE
2-butenoylglycine,2-butenoylglycine,100016110,Lipid,Fatty Acid Metabolism (Acyl Glycine),4,53.49301397,NA,32.0066335,53.49301397,33.84950399,18.81267549,FALSE,FALSE,TRUE
hydroxy-cmpf,hydroxy-CMPF*,100019794,Lipid,Fatty Acid	 Dicarboxylate,5,0.040112314,,,,,0.040112314,TRUE,TRUE,TRUE
3-hydroxyoleoylcarnitine,3-hydroxyoleoylcarnitine,100019801,Lipid,Fatty Acid Metabolism (Acyl Carnitine	 Hydroxy),5,14.49676824,14.49676824,1.160862355,3.193612774,8.00871038,6.056959487,TRUE,TRUE,TRUE
trans-2-hexenoylglycine,trans-2-hexenoylglycine,100019884,Lipid,Fatty Acid Metabolism (Acyl Glycine),5,33.51800554,33.51800554,8.789386401,32.53493014,25.23590612,7.942238267,TRUE,TRUE,TRUE
2-hydroxyarachidate,2-hydroxyarachidate*,100019892,Lipid,Fatty Acid	 Monohydroxy,5,100.0,5.632502308,3.814262023,1.397205589,8.613597871,100,TRUE,FALSE,TRUE
3-hydroxyoleate,3-hydroxyoleate*,100019966,Lipid,"Fatty Acid, Monohydroxy",4,100.0,NA,0.165837479,0.798403194,4.887490927,100,FALSE,FALSE,TRUE
lyxonate,lyxonate,100019968,Carbohydrate,Pentose Metabolism,5,3.847084442,2.216066482,0.165837479,3.592814371,3.847084442,1.464099479,TRUE,TRUE,TRUE
dodecenedioate (c12:1-dc),dodecenedioate (C12:1-DC)*,100019972,Lipid,Fatty Acid	 Dicarboxylate,5,4.69392693,2.770083102,2.155887231,4.590818363,4.69392693,2.025671881,TRUE,TRUE,TRUE
hexadecenedioate (c16:1-dc),hexadecenedioate (C16:1-DC)*,100019975,Lipid,Fatty Acid	 Dicarboxylate,5,0.508105492,,,,0.508105492,0.040112314,TRUE,TRUE,TRUE
octadecenedioate (c18:1-dc),octadecenedioate (C18:1-DC),100019978,Lipid,Fatty Acid	 Dicarboxylate,5,0.040112314,,,,,0.040112314,TRUE,TRUE,TRUE
heptenedioate (c7:1-dc),heptenedioate (C7:1-DC)*,100019981,Lipid,Fatty Acid	 Dicarboxylate,5,3.878116343,3.878116343,2.32172471,,1.548511977,0.300842359,TRUE,TRUE,TRUE
octadecadienedioate (c18:2-dc),octadecadienedioate (C18:2-DC)*,100019982,Lipid,Fatty Acid	 Dicarboxylate,5,1.015697138,1.015697138,,,0.096781999,0.080224629,TRUE,TRUE,TRUE
glucuronide of c10h18o2 (1),glucuronide of C10H18O2 (1)*,100019990,Partially Characterized Molecules,Partially Characterized Molecules,4,78.41761432,NA,74.62686567,75.249501,78.41761432,67.89009226,FALSE,FALSE,TRUE
3-carboxy-4-methyl-5-pentyl-2-furanpropionate (3-cmpfp),3-carboxy-4-methyl-5-pentyl-2-furanpropionate (3-CMPFP)**,100020004,Lipid,Fatty Acid	 Dicarboxylate,5,0.020056157,,,,,0.020056157,TRUE,TRUE,TRUE
glucuronide of c10h18o2 (7),glucuronide of C10H18O2 (7)*,100020014,Partially Characterized Molecules,Partially Characterized Molecules,5,37.3253493,29.17820868,34.16252073,37.3253493,31.81708202,26.8752507,TRUE,TRUE,TRUE
3-hydroxystachydrine,3-hydroxystachydrine*,100020203,Xenobiotics,Food Component/Plant,5,20.35928144,6.371191136,13.10116086,20.35928144,17.88047423,20.0762134,TRUE,TRUE,TRUE
n-acetyl-2-aminooctanoate,N-acetyl-2-aminooctanoate*,100020204,Lipid,Fatty Acid	 Amino,5,0.048390999,,,,0.048390999,0.020056157,TRUE,TRUE,TRUE
hydroxyasparagine,hydroxyasparagine**,100020205,Amino Acid,Alanine and Aspartate Metabolism,5,0.040112314,,,,,0.040112314,TRUE,TRUE,TRUE
perfluorooctanoate (pfoa),perfluorooctanoate (PFOA),100020208,Xenobiotics,Chemical,5,0.598802395,0.55401662,,0.598802395,0.435518993,0.100280786,TRUE,TRUE,TRUE
carboxyibuprofen glucuronide,carboxyibuprofen glucuronide*,100020212,Xenobiotics,Drug - Analgesics	 Anesthetics,3,98.61495845,98.61495845,NA,NA,96.10452456,96.3898917,FALSE,FALSE,TRUE
glyco-beta-muricholate,glyco-beta-muricholate**,100020214,Lipid,Primary Bile Acid Metabolism,5,42.51497006,33.97968606,30.18242123,42.51497006,28.35712557,22.10188528,TRUE,TRUE,TRUE
n n n-trimethyl-alanylproline betaine (tmap),N N N-trimethyl-alanylproline betaine (TMAP),100020217,Amino Acid,Urea cycle Arginine and Proline Metabolism,5,0.27700831,0.27700831,,,,0.020056157,TRUE,TRUE,TRUE
3-formylindole,3-formylindole,100020219,Xenobiotics,Food Component/Plant,5,0.140393101,,,,,0.140393101,TRUE,TRUE,TRUE
gamma-glutamylcitrulline,gamma-glutamylcitrulline*,100020241,Peptide,Gamma-glutamyl Amino Acid,5,0.060168472,,,,0.0241955,0.060168472,TRUE,TRUE,TRUE
n4-acetylsulfamethoxazole,N4-acetylsulfamethoxazole*,100020243,Xenobiotics,Drug - Antibiotic,3,99.97994384,97.322253,NA,NA,99.24993951,99.97994384,FALSE,FALSE,TRUE
glycine conjugate of c10h14o2 (1),glycine conjugate of C10H14O2 (1)*,100020254,Partially Characterized Molecules,Partially Characterized Molecules,5,1.604492579,0.646352724,0.497512438,0.199600798,0.459714493,1.604492579,TRUE,TRUE,TRUE
glutamine conjugate of c7h12o2,glutamine conjugate of C7H12O2*,100020259,Partially Characterized Molecules,Partially Characterized Molecules,5,1.645293975,1.015697138,,0.598802395,1.645293975,0.58162856,TRUE,TRUE,TRUE
glutamine conjugate of c6h10o2 (1),glutamine conjugate of C6H10O2 (1)*,100020261,Partially Characterized Molecules,Partially Characterized Molecules,5,0.629082991,0.0923,,,0.629082991,0.040112314,TRUE,TRUE,TRUE
glutamine conjugate of c6h10o2 (2),glutamine conjugate of C6H10O2 (2)*,100020262,Partially Characterized Molecules,Partially Characterized Molecules,5,8.587257618,8.587257618,,0.199600798,0.532300992,0.040112314,TRUE,TRUE,TRUE
dihydroferulic acid sulfate,dihydroferulic acid sulfate,100020272,Xenobiotics,Food Component/Plant,5,69.34430196,54.38596491,50.4145937,65.26946108,69.34430196,48.99719214,TRUE,FALSE,TRUE
valproic acid glucuronide,valproic acid glucuronide,100020273,Xenobiotics,Drug - Neurological,2,99.89971921,NA,NA,NA,99.7822405,99.89971921,FALSE,FALSE,TRUE
sphingomyelin (d17:1/14:0 d16:1/15:0),sphingomyelin (d17:1/14:0 d16:1/15:0)*,100020276,Lipid,Sphingomyelins,5,0.040112314,,,,,0.040112314,TRUE,TRUE,TRUE
tetradecadienoate (14:2),tetradecadienoate (14:2)*,100020343,Lipid,Long Chain Polyunsaturated Fatty Acid (n3 and n6),5,0.184672207,0.184672207,,,,0.040112314,TRUE,TRUE,TRUE
8-methoxykynurenate,8-methoxykynurenate,100020360,Amino Acid,Tryptophan Metabolism,5,37.58079409,37.58079409,14.26202322,36.32734531,7.669973385,31.32771761,TRUE,TRUE,TRUE
3-amino-2-piperidone,3-amino-2-piperidone,100020361,Amino Acid,Urea cycle Arginine and Proline Metabolism,5,0.020056157,,,,,0.020056157,TRUE,TRUE,TRUE
n n-dimethylalanine,N N-dimethylalanine,100020371,Amino Acid,Alanine and Aspartate Metabolism,5,1.662049861,1.662049861,,,,0.782190132,TRUE,TRUE,TRUE
3-indoleglyoxylic acid,3-indoleglyoxylic acid,100020372,Xenobiotics,Food Component/Plant,5,1.754385965,1.754385965,0.165837479,,0.387127994,0.481347774,TRUE,TRUE,TRUE
"2,2'-methylenebis(6-tert-butyl-p-cresol)","2,2'-Methylenebis(6-tert-butyl-p-cresol)",100020373,Xenobiotics,Chemical,2,100.0,NA,NA,NA,61.26300508,100,FALSE,FALSE,TRUE
ethyl beta-glucopyranoside,ethyl beta-glucopyranoside,100020377,Xenobiotics,Food Component/Plant,5,1.282361481,1.108033241,0.663349917,0.598802395,1.282361481,0.80224629,TRUE,TRUE,TRUE
2-hydroxysebacate,2-hydroxysebacate,100020378,Lipid,Fatty Acid	 Dicarboxylate,5,54.89021956,7.57156048,36.98175788,54.89021956,22.40503266,9.105495387,TRUE,FALSE,TRUE
ascorbic acid 3-sulfate,ascorbic acid 3-sulfate*,100020409,Cofactors and Vitamins,Ascorbate and Aldarate Metabolism,5,0.072586499,,,,0.072586499,0.040112314,TRUE,TRUE,TRUE
3-hydroxyhippurate sulfate,3-hydroxyhippurate sulfate,100020410,Xenobiotics,Benzoate Metabolism,5,46.30738523,27.70083102,24.04643449,46.30738523,39.14831841,22.04171681,TRUE,TRUE,TRUE
6-bromotryptophan,6-bromotryptophan,100020414,Amino Acid,Tryptophan Metabolism,5,0.0923,0.0923,,,,0.020056157,TRUE,TRUE,TRUE
n6 n6-dimethyllysine,N6 N6-dimethyllysine,100020417,Amino Acid,Lysine Metabolism,5,0.165837479,,0.165837479,,,0.040112314,TRUE,TRUE,TRUE
1-carboxyethylphenylalanine,1-carboxyethylphenylalanine,100020419,Amino Acid,Phenylalanine Metabolism,5,0.165837479,0.0923,0.165837479,,0.048390999,0.040112314,TRUE,TRUE,TRUE
1-carboxyethyltyrosine,1-carboxyethyltyrosine,100020421,Amino Acid,Tyrosine Metabolism,5,66.66666667,38.13481071,26.69983416,66.66666667,41.08395838,15.98475732,TRUE,FALSE,TRUE
1-carboxyethylvaline,1-carboxyethylvaline,100020423,Amino Acid,Leucine	 Isoleucine and Valine Metabolism,5,1.990049751,0.55401662,1.990049751,1.796407186,1.621098476,0.401123145,TRUE,TRUE,TRUE
1-carboxyethylleucine,1-carboxyethylleucine,100020425,Amino Acid,Leucine	 Isoleucine and Valine Metabolism,5,19.96007984,5.909510619,4.809286899,19.96007984,8.492620373,1.243481749,TRUE,TRUE,TRUE
1-carboxyethylisoleucine,1-carboxyethylisoleucine,100020427,Amino Acid,Leucine	 Isoleucine and Valine Metabolism,5,28.54291417,18.19021237,8.291873964,28.54291417,17.05782724,3.730445247,TRUE,TRUE,TRUE
dodecadienoate (12:2),dodecadienoate (12:2)*,100020478,Lipid,Fatty Acid	 Dicarboxylate,5,0.184672207,0.184672207,,,,0.040112314,TRUE,TRUE,TRUE
indoleacetoylcarnitine,indoleacetoylcarnitine*,100020479,Amino Acid,Tryptophan Metabolism,5,61.79302046,1.754385965,8.789386401,2.395209581,0.943624486,61.79302046,TRUE,FALSE,TRUE
n-acetyl-isoputreanine,N-acetyl-isoputreanine,100020487,Amino Acid,Polyamine Metabolism,5,0.060168472,,,,,0.060168472,TRUE,TRUE,TRUE
glucuronide of piperine metabolite c17h21no3 (4),glucuronide of piperine metabolite C17H21NO3 (4)*,100020492,Xenobiotics,Food Component/Plant,5,12.7694859,10.24930748,12.7694859,10.17964072,5.637551415,4.312073807,TRUE,TRUE,TRUE
glucuronide of piperine metabolite c17h21no3 (5),glucuronide of piperine metabolite C17H21NO3 (5)*,100020493,Xenobiotics,Food Component/Plant,5,30.74792244,30.74792244,22.71973466,21.35728543,18.92088072,10.12835941,TRUE,TRUE,TRUE
sulfate of piperine metabolite c16h19no3 (2),sulfate of piperine metabolite C16H19NO3 (2)*,100020496,Xenobiotics,Food Component/Plant,5,11.17266851,11.17266851,6.965174129,4.99001996,4.718122429,1.484155636,TRUE,TRUE,TRUE
sulfate of piperine metabolite c16h19no3 (3),sulfate of piperine metabolite C16H19NO3 (3)*,100020497,Xenobiotics,Food Component/Plant,5,15.92039801,11.08033241,15.92039801,11.77644711,8.734575369,3.469715203,TRUE,TRUE,TRUE
sulfate of piperine metabolite c18h21no3 (1),sulfate of piperine metabolite C18H21NO3 (1)*,100020502,Xenobiotics,Food Component/Plant,5,26.53399668,17.91320406,26.53399668,13.97205589,15.92063876,3.790613718,TRUE,TRUE,TRUE
sulfate of piperine metabolite c18h21no3 (3),sulfate of piperine metabolite C18H21NO3 (3)*,100020504,Xenobiotics,Food Component/Plant,5,31.67495854,25.66943675,31.67495854,14.97005988,18.84829422,6.97954272,TRUE,TRUE,TRUE
n-acetylhomocitrulline,N-acetylhomocitrulline,100020513,Amino Acid,Urea cycle Arginine and Proline Metabolism,5,100.0,35.64173592,30.51409619,59.88023952,23.75998064,100,TRUE,FALSE,TRUE
n-acetyltheanine,N-acetyltheanine,100020514,Xenobiotics,Food Component/Plant,3,98.89196676,98.89196676,NA,NA,1.137188483,2.406738869,FALSE,FALSE,TRUE
2-naphthol sulfate,2-naphthol sulfate,100020515,Xenobiotics,Chemical,5,20.89552239,5.355493998,20.89552239,9.381237525,7.548995887,1.38387485,TRUE,TRUE,TRUE
(2 4 or 2 5)-dimethylphenol sulfate,(2 4 or 2 5)-dimethylphenol sulfate,100020519,Xenobiotics,Food Component/Plant,5,62.2754491,13.01939058,57.37976783,62.2754491,51.92354222,37.88608103,TRUE,FALSE,TRUE
4-ethylcatechol sulfate,4-ethylcatechol sulfate,100020536,Xenobiotics,Benzoate Metabolism,5,1.112992983,0.461680517,0.331674959,0.598802395,1.112992983,0.922583233,TRUE,TRUE,TRUE
11beta-hydroxyandrosterone glucuronide,11beta-hydroxyandrosterone glucuronide,100020541,Lipid,Androgenic Steroids,5,2.770083102,2.770083102,1.658374793,0.199600798,0.362932495,0.240673887,TRUE,TRUE,TRUE
11beta-hydroxyetiocholanolone glucuronide,11beta-hydroxyetiocholanolone glucuronide*,100020542,Lipid,Androgenic Steroids,3,18.8365651,18.8365651,NA,NA,10.86377934,6.137184116,FALSE,FALSE,TRUE
n2-acetyl n6 n6-dimethyllysine,N2-acetyl N6 N6-dimethyllysine,100020545,Amino Acid,Lysine Metabolism,5,1.885278781,1.108033241,0.165837479,0.199600798,0.145172998,1.885278781,TRUE,TRUE,TRUE
n2-acetyl n6-methyllysine,N2-acetyl N6-methyllysine,100020546,Amino Acid,Lysine Metabolism,5,1.825110309,0.55401662,0.331674959,0.199600798,0.701669489,1.825110309,TRUE,TRUE,TRUE
deoxycholic acid glucuronide,deoxycholic acid glucuronide,100020550,Lipid,Secondary Bile Acid Metabolism,5,3.970452447,3.970452447,2.32172471,3.193612774,3.000241955,2.246289611,TRUE,TRUE,TRUE
4-allylcatechol sulfate,4-allylcatechol sulfate,100020578,Xenobiotics,Benzoate Metabolism,5,4.975124378,1.569713758,4.975124378,3.193612774,3.31478345,0.561572403,TRUE,TRUE,TRUE
3-hydroxypyridine glucuronide,3-hydroxypyridine glucuronide,100020591,Xenobiotics,Chemical,5,76.53429603,43.39796861,18.24212272,50.499002,38.54343092,76.53429603,TRUE,FALSE,TRUE
4-methylhexanoylglutamine,4-methylhexanoylglutamine,100020631,Lipid,Fatty Acid Metabolism (Acyl Glutamine),5,27.94411178,27.23915051,7.628524046,27.94411178,24.34067263,7.200160449,TRUE,TRUE,TRUE
1-heptadecenoylglycerol (17:1),1-heptadecenoylglycerol (17:1)*,100020769,Lipid,Monoacylglycerol,2,100.0,NA,NA,NA,92.16065812,100,FALSE,FALSE,TRUE
sulfociprofloxacin,sulfociprofloxacin*,100020787,Xenobiotics,Drug - Antibiotic,2,100.0,NA,NA,NA,99.9274135,100,FALSE,FALSE,TRUE
citalopram n-oxide,citalopram N-oxide*,100020792,Xenobiotics,Drug - Psychoactive,3,99.44598338,99.44598338,NA,NA,98.42729252,98.37545126,FALSE,FALSE,TRUE
citalopram propionate,citalopram propionate*,100020793,Xenobiotics,Drug - Psychoactive,5,99.26131117,99.26131117,96.0199005,96.60678643,96.87878055,96.32972323,TRUE,FALSE,TRUE
4-hydroxy duloxetine glucuronide,4-hydroxy duloxetine glucuronide*,100020796,Xenobiotics,Drug - Psychoactive,2,99.5788207,NA,NA,NA,99.39511251,99.5788207,FALSE,FALSE,TRUE
5-hydroxy-6-methoxy duloxetine sulfate,5-hydroxy-6-methoxy duloxetine sulfate*,100020798,Xenobiotics,Drug - Psychoactive,2,99.5788207,NA,NA,NA,99.39511251,99.5788207,FALSE,FALSE,TRUE
n-desalkylquetiapine,N-desalkylquetiapine*,100020805,Xenobiotics,Drug - Psychoactive,3,99.83416252,NA,99.83416252,NA,99.758045,99.75932611,FALSE,FALSE,TRUE
ranitidine n-oxide,ranitidine N-oxide*,100020810,Xenobiotics,Drug - Gastrointestinal,3,99.69915764,99.07663897,NA,NA,99.49189451,99.69915764,FALSE,FALSE,TRUE
10-hydroxywarfarin,10-hydroxywarfarin,100020811,Xenobiotics,Drug - Cardiovascular,5,99.8003992,92.61311173,86.73300166,99.8003992,99.05637551,99.45848375,TRUE,FALSE,TRUE
7-hydroxywarfarin,7-hydroxywarfarin,100020813,Xenobiotics,Drug - Cardiovascular,5,99.8003992,92.61311173,86.73300166,99.8003992,99.05637551,99.47853991,TRUE,FALSE,TRUE
6-hydroxywarfarin,6-hydroxywarfarin,100020814,Xenobiotics,Drug - Cardiovascular,5,99.8003992,92.61311173,86.73300166,99.8003992,99.08057101,99.47853991,TRUE,FALSE,TRUE
glycoursodeoxycholic acid sulfate (1),glycoursodeoxycholic acid sulfate (1),100020819,Lipid,Secondary Bile Acid Metabolism,5,57.78178901,29.17820868,9.618573798,14.17165669,8.299056376,57.78178901,TRUE,FALSE,TRUE
dihydrocaffeate sulfate (2),dihydrocaffeate sulfate (2),100020822,Xenobiotics,Food Component/Plant,5,26.40812558,26.40812558,4.145936982,8.982035928,12.19453182,8.744484557,TRUE,TRUE,TRUE
lithocholate sulfate (1),lithocholate sulfate (1),100020823,Lipid,Secondary Bile Acid Metabolism,5,8.402585411,8.402585411,0.829187396,2.794411178,2.153399468,2.286401925,TRUE,TRUE,TRUE
lithocholic acid sulfate (2),lithocholic acid sulfate (2),100020824,Lipid,Secondary Bile Acid Metabolism,3,52.90858726,52.90858726,NA,NA,35.71255746,49.55876454,FALSE,FALSE,TRUE
3-hydroxyhexanoylcarnitine (1),3-hydroxyhexanoylcarnitine (1),100020825,Lipid,Fatty Acid Metabolism (Acyl Carnitine	 Hydroxy),5,0.738688827,0.738688827,,,,0.060168472,TRUE,TRUE,TRUE
3-(methylthio)acetaminophen sulfate,3-(methylthio)acetaminophen sulfate*,100020827,Xenobiotics,Drug - Analgesics	 Anesthetics,5,81.63672655,72.76084949,63.1840796,81.63672655,74.13501089,75.77216205,TRUE,FALSE,TRUE
2-ketocaprylate,2-ketocaprylate,100020833,Amino Acid,Leucine	 Isoleucine and Valine Metabolism,5,1.477377655,1.477377655,0.165837479,,0.0241955,0.020056157,TRUE,TRUE,TRUE
2 6-dihydroxybenzoic acid,2 6-dihydroxybenzoic acid,100020837,Xenobiotics,Drug - Topical Agents,5,0.020056157,,,,,0.020056157,TRUE,TRUE,TRUE
"n,n-dimethyl-5-aminovalerate","N,N-dimethyl-5-aminovalerate",100020842,Amino Acid,Lysine Metabolism,2,57.05976735,NA,NA,NA,42.85022986,57.05976735,FALSE,FALSE,TRUE
3-ethylcatechol sulfate (1),3-ethylcatechol sulfate (1),100020851,Xenobiotics,Food Component/Plant,5,17.56487026,5.078485688,9.784411277,17.56487026,15.94483426,6.799037304,TRUE,TRUE,TRUE
4-acetylcatechol sulfate (1),4-acetylcatechol sulfate (1),100020853,Xenobiotics,Food Component/Plant,5,34.82587065,10.710988,34.82587065,31.93612774,27.19574159,12.03369434,TRUE,TRUE,TRUE
trimethoprim,trimethoprim,100020868,Xenobiotics,Drug - Antibiotic,4,99.97994384,97.4145891,99.83416252,NA,99.8790225,99.97994384,FALSE,FALSE,TRUE
clarithromycin,clarithromycin,100020873,Xenobiotics,Drug - Antibiotic,2,100.0,NA,NA,NA,99.951609,100,FALSE,FALSE,TRUE
glipizide,glipizide,100020884,Xenobiotics,Drug - Metabolic,5,99.8790225,99.81532779,98.34162521,99.8003992,99.8790225,99.63898917,TRUE,FALSE,TRUE
repaglinide,repaglinide,100020886,Xenobiotics,Drug - Metabolic,2,100.0,NA,NA,NA,99.806436,100,FALSE,FALSE,TRUE
montelukast,montelukast,100020892,Xenobiotics,Drug - Respiratory,5,99.9076639,99.9076639,99.83416252,99.8003992,99.6854585,99.47853991,TRUE,FALSE,TRUE
2 3-dihydroxy-5-methylthio-4-pentenoate (dmtpa),2 3-dihydroxy-5-methylthio-4-pentenoate (DMTPA)*,100020893,Amino Acid,Methionine	 Cysteine	 SAM and Taurine Metabolism,5,0.020056157,,,,,0.020056157,TRUE,TRUE,TRUE
tamsulosin,tamsulosin,100020906,Xenobiotics,Drug - Antineoplastic,2,100.0,NA,NA,NA,100,100,FALSE,FALSE,TRUE
fibrinopeptide b (1-13),Fibrinopeptide B (1-13)**,100020908,Peptide,Fibrinogen Cleavage Peptide,3,100.0,67.22068329,NA,NA,87.32155819,100,FALSE,FALSE,TRUE
losartan,losartan,100020909,Xenobiotics,Drug - Cardiovascular,3,99.53831948,99.53831948,NA,NA,96.41906605,95.74809467,FALSE,FALSE,TRUE
emtricitabine,emtricitabine,100020917,Xenobiotics,Drug - Antiviral,2,100.0,NA,NA,NA,99.9758045,100,FALSE,FALSE,TRUE
nevirapine,nevirapine,100020924,Xenobiotics,Drug - Antiviral,2,100.0,NA,NA,NA,99.9758045,100,FALSE,FALSE,TRUE
midazolam,midazolam,100020946,Xenobiotics,Drug - Psychoactive,2,100.0,NA,NA,NA,99.903218,100,FALSE,FALSE,TRUE
5-hydroxy-2-methylpyridine sulfate,5-hydroxy-2-methylpyridine sulfate,100020973,Xenobiotics,Chemical,5,70.45908184,33.61034164,64.67661692,70.45908184,65.47302202,57.56117128,TRUE,FALSE,TRUE
3-hydroxy-2-methylpyridine sulfate,3-hydroxy-2-methylpyridine sulfate,100020975,Xenobiotics,Chemical,5,56.48702595,16.3434903,34.99170813,56.48702595,43.55189935,33.13277176,TRUE,FALSE,TRUE
hydroxypalmitoyl sphingomyelin (d18:1/16:0(oh)),hydroxypalmitoyl sphingomyelin (d18:1/16:0(OH))**,100021000,Lipid,Sphingomyelins,5,0.040112314,,,,,0.040112314,TRUE,TRUE,TRUE
5-hydroxymethyl-2-furoylcarnitine,5-hydroxymethyl-2-furoylcarnitine*,100021012,Xenobiotics,Food Component/Plant,5,56.17729643,27.88550323,26.53399668,38.72255489,29.85724655,56.17729643,TRUE,FALSE,TRUE
branched-chain fatty acid 18:0 (2),branched-chain fatty acid 18:0 (2)**,100021015,Lipid,"Fatty Acid, Branched",2,100.0,NA,NA,NA,49.69755625,100,FALSE,FALSE,TRUE
mercaptopurine,mercaptopurine,100021075,Xenobiotics,Drug - Antineoplastic,2,100.0,NA,NA,NA,99.951609,100,FALSE,FALSE,TRUE
methadone,methadone,100021084,Xenobiotics,"Drug - Analgesics, Anesthetics",2,100.0,NA,NA,NA,99.9758045,100,FALSE,FALSE,TRUE
taurochenodeoxycholic acid 3-sulfate,taurochenodeoxycholic acid 3-sulfate,100021093,Lipid,Secondary Bile Acid Metabolism,5,32.68698061,32.68698061,20.72968491,17.36526946,15.60609727,19.6550341,TRUE,TRUE,TRUE
tetradecadienedioate (c14:2-dc),tetradecadienedioate (C14:2-DC)*,100021100,Lipid,Fatty Acid	 Dicarboxylate,5,9.580838323,3.324099723,2.32172471,9.580838323,2.68570046,2.346570397,TRUE,TRUE,TRUE
pregnenetriol sulfate,pregnenetriol sulfate*,100021103,Lipid,Pregnenolone Steroids,5,0.461680517,0.461680517,0.165837479,,0.096781999,0.060168472,TRUE,TRUE,TRUE
pregnenetriol disulfate,pregnenetriol disulfate*,100021104,Lipid,Pregnenolone Steroids,5,0.738688827,0.738688827,0.331674959,,,0.080224629,TRUE,TRUE,TRUE
eicosenedioate (c20:1-dc),eicosenedioate (C20:1-DC)*,100021105,Lipid,"Fatty Acid, Dicarboxylate",4,45.40713999,NA,10.44776119,4.191616766,2.274376966,45.40713999,FALSE,FALSE,TRUE
hydroxy-n6 n6 n6-trimethyllysine,hydroxy-N6 N6 N6-trimethyllysine*,100021123,Amino Acid,Lysine Metabolism,5,1.103088648,0.646352724,0.331674959,,0.096781999,1.103088648,TRUE,TRUE,TRUE
undecenoylcarnitine (c11:1),undecenoylcarnitine (C11:1),100021131,Lipid,Fatty Acid Metabolism (Acyl Carnitine	 Monounsaturated),5,0.020056157,,,,,0.020056157,TRUE,TRUE,TRUE
3-hydroxydecanoylcarnitine,3-hydroxydecanoylcarnitine,100021141,Lipid,Fatty Acid Metabolism (Acyl Carnitine	 Hydroxy),5,0.165837479,,0.165837479,,,0.020056157,TRUE,TRUE,TRUE
palmitoyl-sphingosine-phosphoethanolamine (d18:1/16:0),palmitoyl-sphingosine-phosphoethanolamine (d18:1/16:0),100021162,Lipid,Ceramide PEs,5,0.0923,0.0923,,,,0.040112314,TRUE,TRUE,TRUE
picolinoylglycine,picolinoylglycine,100021198,Lipid,Fatty Acid Metabolism (Acyl Glycine),5,16.89750693,16.89750693,0.497512438,0.399201597,0.459714493,0.661853189,TRUE,TRUE,TRUE
acamprosate,Acamprosate,100021200,Xenobiotics,Drug - Neurological,2,100.0,NA,NA,NA,99.903218,100,FALSE,FALSE,TRUE
4-vinylcatechol sulfate,4-vinylcatechol sulfate,100021208,Xenobiotics,Benzoate Metabolism,5,7.30704089,7.202216066,3.648424544,6.786427146,7.30704089,4.552747694,TRUE,TRUE,TRUE
urolithin b glucuronide,Urolithin B glucuronide,100021210,Xenobiotics,Bacterial/Fungal,4,100.0,NA,94.02985075,94.21157685,93.5639971,100,FALSE,FALSE,TRUE
succinoyltaurine,succinoyltaurine,100021220,Amino Acid,Methionine	 Cysteine	 SAM and Taurine Metabolism,5,9.787626962,9.787626962,0.165837479,0.399201597,0.629082991,1.604492579,TRUE,TRUE,TRUE
ginkgolic acid c15:1,ginkgolic acid C15:1,100021252,Xenobiotics,Food Component/Plant,4,95.68822554,NA,95.68822554,86.02794411,91.12025163,85.23866827,FALSE,FALSE,TRUE
(15:3)-anacardic acid,(15:3)-anacardic acid,100021253,Xenobiotics,Food Component/Plant,2,100.0,NA,NA,NA,94.04790709,100,FALSE,FALSE,TRUE
3 5-dichloro-2 6-dihydroxybenzoic acid,3 5-dichloro-2 6-dihydroxybenzoic acid,100021324,Xenobiotics,Chemical,5,0.461680517,0.461680517,0.165837479,,0.217759497,0.100280786,TRUE,TRUE,TRUE
metabolonic lactone sulfate,metabolonic lactone sulfate,100021331,Partially Characterized Molecules,Partially Characterized Molecules,5,1.015697138,1.015697138,0.829187396,0.998003992,0.725864989,0.300842359,TRUE,TRUE,TRUE
vanillic acid glycine,vanillic acid glycine,100021363,Xenobiotics,Food Component/Plant,5,41.31736527,18.28254848,39.9668325,41.31736527,39.51125091,13.25711994,TRUE,TRUE,TRUE
2-hydroxy-4-(methylthio)butanoic acid,2-hydroxy-4-(methylthio)butanoic acid,100021372,Amino Acid,Methionine	 Cysteine	 SAM and Taurine Metabolism,5,0.27700831,0.27700831,,,0.0241955,0.040112314,TRUE,TRUE,TRUE
branched chain 14:0 dicarboxylic acid,branched chain 14:0 dicarboxylic acid**,100021374,Lipid,Fatty Acid	 Dicarboxylate,5,3.23176362,3.23176362,0.497512438,0.998003992,1.863053472,0.882470919,TRUE,TRUE,TRUE
pentose acid,pentose acid*,100021467,Partially Characterized Molecules,Partially Characterized Molecules,5,1.477377655,1.477377655,,,1.064601984,0.441235459,TRUE,TRUE,TRUE
1-methyl-5-imidazolelactate,1-methyl-5-imidazolelactate,100021478,Amino Acid,Histidine Metabolism,5,0.829187396,0.0923,0.829187396,,,0.020056157,TRUE,TRUE,TRUE
feruloylquinate (4),feruloylquinate (4),100021488,Xenobiotics,Food Component/Plant,2,100.0,NA,NA,NA,95.03992257,100,FALSE,FALSE,TRUE
(2 or 3)-decenoate (10:1n7 or n8),(2 or 3)-decenoate (10:1n7 or n8),100021502,Lipid,Medium Chain Fatty Acid,5,11.63434903,11.63434903,0.165837479,,0.145172998,0.822302447,TRUE,TRUE,TRUE
s-carboxyethylcysteine,S-carboxyethylcysteine,100021530,Amino Acid,Methionine	 Cysteine	 SAM and Taurine Metabolism,5,100.0,24.46906741,,,0.508105492,100,TRUE,FALSE,TRUE
chenodeoxycholic acid sulfate (1),chenodeoxycholic acid sulfate (1),100021650,Lipid,Primary Bile Acid Metabolism,4,100.0,NA,45.6053068,71.25748503,52.62521171,100,FALSE,FALSE,TRUE
branched-chain straight-chain or cyclopropyl 10:1 fatty acid (1),branched-chain straight-chain or cyclopropyl 10:1 fatty acid (1)*,100021666,Partially Characterized Molecules,Partially Characterized Molecules,5,2.308402585,2.308402585,,,0.120977498,0.040112314,TRUE,TRUE,TRUE
"branched-chain, straight-chain, or cyclopropyl 10:1 fatty acid (2)","branched-chain, straight-chain, or cyclopropyl 10:1 fatty acid (2)*",100021667,Partially Characterized Molecules,Partially Characterized Molecules,4,100.0,NA,44.7761194,8.982035928,32.49455601,100,FALSE,FALSE,TRUE
"branched-chain, straight-chain, or cyclopropyl 10:1 fatty acid (3)","branched-chain, straight-chain, or cyclopropyl 10:1 fatty acid (3)*",100021668,Partially Characterized Molecules,Partially Characterized Molecules,2,56.49649165,NA,NA,NA,56.49649165,54.31207381,FALSE,FALSE,TRUE
3-bromo-5-chloro-2 6-dihydroxybenzoic acid,3-bromo-5-chloro-2 6-dihydroxybenzoic acid*,100021707,Xenobiotics,Chemical,5,10.11608624,1.200369344,10.11608624,2.994011976,9.895959352,0.601684717,TRUE,TRUE,TRUE
branched-chain straight-chain or cyclopropyl 12:1 fatty acid,branched-chain straight-chain or cyclopropyl 12:1 fatty acid*,100021709,Partially Characterized Molecules,Partially Characterized Molecules,5,1.754385965,1.754385965,0.497512438,0.199600798,0.169368497,0.140393101,TRUE,TRUE,TRUE
decadienedioic acid (c10:2-dc),decadienedioic acid (C10:2-DC)**,100021711,Lipid,Fatty Acid	 Dicarboxylate,5,10.77844311,1.662049861,3.980099502,10.77844311,1.403338979,1.103088648,TRUE,TRUE,TRUE
deoxycholic acid 12-sulfate,deoxycholic acid 12-sulfate*,100021712,Lipid,Secondary Bile Acid Metabolism,5,26.77746999,26.77746999,10.44776119,16.56686627,11.37188483,22.02166065,TRUE,TRUE,TRUE
glcnac sulfate conjugate of c21h34o2 steroid,GlcNAc sulfate conjugate of C21H34O2 steroid**,100021726,Partially Characterized Molecules,Partially Characterized Molecules,5,49.45848375,32.04062789,26.03648425,11.57684631,10.50084684,49.45848375,TRUE,TRUE,TRUE
cis-3 4-methyleneheptanoate,cis-3 4-methyleneheptanoate,100021727,Lipid,Fatty Acid	 Branched,5,1.662049861,1.662049861,,,0.241954996,0.040112314,TRUE,TRUE,TRUE
cis-3 4-methyleneheptanoylcarnitine,cis-3 4-methyleneheptanoylcarnitine,100021728,Lipid,Fatty Acid Metabolism (Acyl Carnitine	 Medium Chain),5,0.0,,,,,,TRUE,TRUE,TRUE
de(carboxymethoxy) cetirizine acetic acid,De(carboxymethoxy) cetirizine acetic acid,100021782,Xenobiotics,Drug - Respiratory,5,98.52262235,98.52262235,98.50746269,98.20359281,97.26590854,97.31247493,TRUE,FALSE,TRUE
4-chlorobenzoic acid,4-chlorobenzoic acid,100021784,Xenobiotics,Chemical,4,3.048535901,NA,,0.199600798,,3.048535901,FALSE,FALSE,TRUE
diazepam,diazepam,100021902,Xenobiotics,Drug - Psychoactive,4,99.39831528,97.04524469,98.34162521,NA,98.74183402,99.39831528,FALSE,FALSE,TRUE
temazepam,temazepam,100021911,Xenobiotics,Drug - Psychoactive,3,99.903218,96.95290859,NA,NA,99.903218,99.77938227,FALSE,FALSE,TRUE
2 4-di-tert-butylphenol,2 4-di-tert-butylphenol,100021918,Xenobiotics,Chemical,5,100.0,0.0923,0.165837479,0.199600798,,100,TRUE,FALSE,TRUE
gliclazide,Gliclazide,100021947,Xenobiotics,Drug - Metabolic,2,100.0,NA,NA,NA,99.9758045,100,FALSE,FALSE,TRUE
3-hydroxyoctanoylcarnitine (1),3-hydroxyoctanoylcarnitine (1),100021990,Lipid,Fatty Acid Metabolism (Acyl Carnitine	 Hydroxy),5,0.040112314,,,,,0.040112314,TRUE,TRUE,TRUE
3-hydroxyoctanoylcarnitine (2),3-hydroxyoctanoylcarnitine (2),100021991,Lipid,Fatty Acid Metabolism (Acyl Carnitine	 Hydroxy),5,28.74251497,0.184672207,,28.74251497,,0.140393101,TRUE,TRUE,TRUE
cis-3 4-methyleneheptanoylglycine,cis-3 4-methyleneheptanoylglycine,100021992,Lipid,Fatty Acid Metabolism (Acyl Glycine),5,2.770083102,2.770083102,0.497512438,1.397205589,1.185579482,0.120336943,TRUE,TRUE,TRUE
bilirubin degradation product c16h18n2o5 (1),bilirubin degradation product C16H18N2O5 (1)**,100022003,Partially Characterized Molecules,Partially Characterized Molecules,5,44.78301016,44.78301016,4.47761194,4.391217565,2.419549964,3.890894505,TRUE,TRUE,TRUE
bilirubin degradation product c16h18n2o5 (2),bilirubin degradation product C16H18N2O5 (2)**,100022004,Partially Characterized Molecules,Partially Characterized Molecules,5,1.200369344,1.200369344,,,,0.080224629,TRUE,TRUE,TRUE
bilirubin degradation product c17h18n2o4 (1),bilirubin degradation product C17H18N2O4 (1)**,100022005,Partially Characterized Molecules,Partially Characterized Molecules,5,4.893813481,4.893813481,,,,0.722021661,TRUE,TRUE,TRUE
bilirubin degradation product c17h18n2o4 (2),bilirubin degradation product C17H18N2O4 (2)**,100022006,Partially Characterized Molecules,Partially Characterized Molecules,5,1.108033241,1.108033241,,,,0.060168472,TRUE,TRUE,TRUE
bilirubin degradation product c17h18n2o4 (3),bilirubin degradation product C17H18N2O4 (3)**,100022007,Partially Characterized Molecules,Partially Characterized Molecules,5,0.369344414,0.369344414,,,,0.040112314,TRUE,TRUE,TRUE
bilirubin degradation product c17h20n2o5 (1),bilirubin degradation product C17H20N2O5 (1)**,100022008,Partially Characterized Molecules,Partially Characterized Molecules,5,1.477377655,1.477377655,0.165837479,,,0.080224629,TRUE,TRUE,TRUE
bilirubin degradation product c17h20n2o5 (2),bilirubin degradation product C17H20N2O5 (2)**,100022009,Partially Characterized Molecules,Partially Characterized Molecules,5,0.738688827,0.738688827,,,,0.060168472,TRUE,TRUE,TRUE
tetrahydrocortisol glucuronide,tetrahydrocortisol glucuronide,100022013,Lipid,Corticosteroids,5,1.292705448,1.292705448,0.663349917,,0.362932495,0.381066988,TRUE,TRUE,TRUE
bilirubin degradation product c16h18n2o5 (3),bilirubin degradation product C16H18N2O5 (3)**,100022014,Partially Characterized Molecules,Partially Characterized Molecules,5,60.12835941,4.247460757,0.331674959,0.399201597,0.096781999,60.12835941,TRUE,FALSE,TRUE
bilirubin degradation product c16h18n2o5 (4),bilirubin degradation product C16H18N2O5 (4)**,100022015,Partially Characterized Molecules,Partially Characterized Molecules,5,60.10830325,4.893813481,0.165837479,0.399201597,0.0241955,60.10830325,TRUE,FALSE,TRUE
1-carboxyethylhistidine,1-carboxyethylhistidine,100022036,Amino Acid,Histidine Metabolism,4,100.0,NA,28.35820896,71.85628743,19.35639971,100,FALSE,FALSE,TRUE
n n-dimethyl-pro-pro,N N-dimethyl-pro-pro,100022041,Peptide,Modified Peptides,5,0.27700831,0.27700831,,,,0.040112314,TRUE,TRUE,TRUE
oxindolylalanine,oxindolylalanine,100022120,Amino Acid,Tryptophan Metabolism,5,0.100280786,0.0923,,,,0.100280786,TRUE,TRUE,TRUE
tetrahydrocortisone glucuronide (5),tetrahydrocortisone glucuronide (5),100022127,Lipid,Corticosteroids,5,4.339796861,4.339796861,1.658374793,0.598802395,0.967819985,0.822302447,TRUE,TRUE,TRUE
x-07765,X-07765,999907765,NA,NA,5,34.13173653,6.463527239,24.54394693,34.13173653,29.20396806,25.77216205,TRUE,TRUE,TRUE
x - 10458,X - 10458,999910458,NA,NA,3,15.46092427,7.109879963,NA,NA,15.46092427,9.566787004,FALSE,FALSE,TRUE
x-11299,X-11299,999911299,NA,NA,5,19.20590951,19.20590951,3.980099502,1.397205589,1.742075974,0.722021661,TRUE,TRUE,TRUE
x-11308,X-11308,999911308,NA,NA,5,0.040112314,,,,,0.040112314,TRUE,TRUE,TRUE
x-11315,X-11315,999911315,NA,NA,5,0.646352724,0.646352724,0.497512438,0.199600798,0.048390999,0.320898516,TRUE,TRUE,TRUE
x-11372,X-11372,999911372,NA,NA,5,0.55401662,0.55401662,,,,0.020056157,TRUE,TRUE,TRUE
x-11381,X-11381,999911381,NA,NA,5,4.155124654,4.155124654,,,,0.040112314,TRUE,TRUE,TRUE
x-11444,X-11444,999911444,NA,NA,5,0.55401662,0.55401662,,,0.145172998,0.100280786,TRUE,TRUE,TRUE
x-11470,X-11470,999911470,NA,NA,5,2.400738689,2.400738689,1.658374793,,0.362932495,0.882470919,TRUE,TRUE,TRUE
x-11478,X-11478,999911478,NA,NA,5,5.140961857,0.55401662,5.140961857,3.79241517,1.548511977,2.346570397,TRUE,TRUE,TRUE
x-11483,X-11483,999911483,NA,NA,5,51.15420129,51.15420129,30.51409619,13.37325349,13.67045729,8.804653028,TRUE,FALSE,TRUE
x-11632,X-11632,999911632,NA,NA,5,28.85572139,5.724838412,28.85572139,24.35129741,17.03363174,2.968311272,TRUE,TRUE,TRUE
x-11787,X-11787,999911787,NA,NA,5,0.501403931,0.0923,,,0.217759497,0.501403931,TRUE,TRUE,TRUE
x-11795,X-11795,999911795,NA,NA,5,0.532300992,,,,0.532300992,0.060168472,TRUE,TRUE,TRUE
x-11843,X-11843,999911843,NA,NA,5,23.95209581,11.26500462,9.950248756,23.95209581,21.55819018,8.884877657,TRUE,TRUE,TRUE
x-11847,X-11847,999911847,NA,NA,5,64.30004011,51.61588181,45.43946932,15.56886228,11.68642632,64.30004011,TRUE,FALSE,TRUE
x-11849,X-11849,999911849,NA,NA,5,43.95198523,43.95198523,37.47927032,8.383233533,8.420033874,9.847573205,TRUE,TRUE,TRUE
x-11850,X-11850,999911850,NA,NA,5,9.381237525,4.155124654,2.487562189,9.381237525,6.121461408,2.486963498,TRUE,TRUE,TRUE
x-11852,X-11852,999911852,NA,NA,5,19.40298507,10.34164358,19.40298507,17.96407186,13.4285023,5.856397914,TRUE,TRUE,TRUE
x-11858,X-11858,999911858,NA,NA,5,77.94361526,75.06925208,77.94361526,41.71656687,40.1161384,31.66867228,TRUE,FALSE,TRUE
x-11880,X-11880,999911880,NA,NA,5,0.738688827,0.738688827,,,0.0241955,0.140393101,TRUE,TRUE,TRUE
x-12007,X-12007,999912007,NA,NA,5,12.77522381,4.801477378,2.653399668,4.590818363,12.77522381,2.246289611,TRUE,TRUE,TRUE
x-12013,X-12013,999912013,NA,NA,5,38.71279942,21.6989843,24.70978441,30.33932136,38.71279942,24.12755716,TRUE,TRUE,TRUE
x - 12015,X - 12015,999912015,NA,NA,3,100.0,15.69713758,NA,NA,19.8887007,100,FALSE,FALSE,TRUE
x-12026,X-12026,999912026,NA,NA,5,0.314541495,0.0923,,0.199600798,0.314541495,0.060168472,TRUE,TRUE,TRUE
x-12100,X-12100,999912100,NA,NA,5,0.387127994,,,,0.387127994,0.020056157,TRUE,TRUE,TRUE
x-12101,X-12101,999912101,NA,NA,5,1.596806387,0.184672207,0.165837479,1.596806387,0.846842487,0.401123145,TRUE,TRUE,TRUE
x-12104,X-12104,999912104,NA,NA,5,11.17266851,11.17266851,0.165837479,,0.048390999,0.381066988,TRUE,TRUE,TRUE
x - 12111,X - 12111,999912111,NA,NA,3,49.45560126,42.01292705,NA,NA,49.45560126,27.95828319,FALSE,FALSE,TRUE
x - 12112,X - 12112,999912112,NA,NA,3,1.939058172,1.939058172,NA,NA,0.193563997,1.764941837,FALSE,FALSE,TRUE
x-12117,X-12117,999912117,NA,NA,5,10.11371885,3.78578024,1.658374793,2.794411178,10.11371885,6.718812675,TRUE,TRUE,TRUE
x-12126,X-12126,999912126,NA,NA,5,29.98395507,27.23915051,10.61359867,6.387225549,26.5182676,29.98395507,TRUE,TRUE,TRUE
x-12127,X-12127,999912127,NA,NA,5,39.16967509,26.86980609,3.814262023,6.986027944,20.34841519,39.16967509,TRUE,TRUE,TRUE
x-12193,X-12193,999912193,NA,NA,5,33.13373253,26.68513389,15.58872305,33.13373253,23.22767965,2.787805856,TRUE,TRUE,TRUE
x-12216,X-12216,999912216,NA,NA,5,2.594810379,0.55401662,2.487562189,2.594810379,1.524316477,0.521460088,TRUE,TRUE,TRUE
x-12261,X-12261,999912261,NA,NA,5,57.48502994,40.81255771,22.3880597,57.48502994,51.87515122,46.02888087,TRUE,FALSE,TRUE
x-12283,X-12283,999912283,NA,NA,5,6.832871653,6.832871653,1.990049751,2.395209581,2.830873458,3.710389089,TRUE,TRUE,TRUE
x-12306,X-12306,999912306,NA,NA,5,32.33830846,28.71652816,32.33830846,26.94610778,31.81708202,12.15403129,TRUE,TRUE,TRUE
x-12407,X-12407,999912407,NA,NA,5,61.6325712,39.15050785,22.88557214,30.53892216,31.06702153,61.6325712,TRUE,FALSE,TRUE
x-12411,X-12411,999912411,NA,NA,5,1.112992983,0.55401662,0.165837479,0.399201597,1.112992983,0.060168472,TRUE,TRUE,TRUE
x-12456,X-12456,999912456,NA,NA,5,50.4211793,11.81902124,9.286898839,18.76247505,11.29929833,50.4211793,TRUE,FALSE,TRUE
x-12462,X-12462,999912462,NA,NA,5,0.180505415,,,,,0.180505415,TRUE,TRUE,TRUE
x-12543,X-12543,999912543,NA,NA,4,100.0,NA,53.73134328,60.07984032,38.25308493,100,FALSE,FALSE,TRUE
x-12544,X-12544,999912544,NA,NA,5,3.139427516,3.139427516,0.497512438,2.195608782,1.088797484,0.902527076,TRUE,TRUE,TRUE
x-12680,X-12680,999912680,NA,NA,5,3.592814371,1.108033241,,3.592814371,1.427534479,3.088648215,TRUE,TRUE,TRUE
x-12689,X-12689,999912689,NA,NA,4,42.79983955,NA,,,0.338736995,42.79983955,FALSE,FALSE,TRUE
x-12707,X-12707,999912707,NA,NA,5,14.13017179,9.879963066,3.980099502,3.992015968,14.13017179,5.294825511,TRUE,TRUE,TRUE
x - 12726,X - 12726,999912726,NA,NA,3,41.22913138,30.47091413,NA,NA,41.22913138,40.33293221,FALSE,FALSE,TRUE
x-12729,X-12729,999912729,NA,NA,5,29.02155887,11.54201293,29.02155887,6.18762475,7.887732882,7.34055355,TRUE,TRUE,TRUE
x-12730,X-12730,999912730,NA,NA,5,87.6247505,41.64358264,81.5920398,87.6247505,79.16767481,64.07942238,TRUE,FALSE,TRUE
x-12740,X-12740,999912740,NA,NA,5,27.52902156,21.5143121,27.52902156,26.34730539,26.6392451,14.86161252,TRUE,TRUE,TRUE
x - 12753,X - 12753,999912753,NA,NA,3,82.75170477,59.27977839,NA,NA,59.8354706,82.75170477,FALSE,FALSE,TRUE
x-12798,X-12798,999912798,NA,NA,5,0.831024931,0.831024931,,,0.145172998,0.040112314,TRUE,TRUE,TRUE
x-12812,X-12812,999912812,NA,NA,5,16.08623549,13.20406279,16.08623549,13.77245509,7.887732882,3.730445247,TRUE,TRUE,TRUE
x-12816,X-12816,999912816,NA,NA,5,19.38059521,14.58910434,13.76451078,18.56287425,19.38059521,16.58644204,TRUE,TRUE,TRUE
x-12822,X-12822,999912822,NA,NA,5,12.65004617,12.65004617,3.150912106,5.588822355,7.35543189,2.647412756,TRUE,TRUE,TRUE
x-12830,X-12830,999912830,NA,NA,5,35.32338308,27.60849492,35.32338308,34.93013972,30.00241955,22.12194144,TRUE,TRUE,TRUE
x-12844,X-12844,999912844,NA,NA,5,0.369344414,0.369344414,,,0.072586499,0.060168472,TRUE,TRUE,TRUE
x-12847,X-12847,999912847,NA,NA,5,15.58872305,8.125577101,15.58872305,7.784431138,6.02467941,2.827918171,TRUE,TRUE,TRUE
x-12849,X-12849,999912849,NA,NA,5,11.08033241,11.08033241,2.985074627,2.195608782,2.830873458,2.065784196,TRUE,TRUE,TRUE
x-12851,X-12851,999912851,NA,NA,5,22.25300092,22.25300092,3.814262023,14.97005988,13.96080329,16.42599278,TRUE,TRUE,TRUE
x-12906,X-12906,999912906,NA,NA,5,42.51497006,23.63804247,30.67993367,42.51497006,26.5424631,1.38387485,TRUE,TRUE,TRUE
x - 13007,X - 13007,999913007,NA,NA,3,100.0,28.25484765,NA,NA,44.83426083,100,FALSE,FALSE,TRUE
x-13431,X-13431,999913431,NA,NA,5,0.27700831,0.27700831,,,0.120977498,0.080224629,TRUE,TRUE,TRUE
x-13507,X-13507,999913507,NA,NA,5,14.57085828,12.00369344,,14.57085828,0.895233487,3.429602888,TRUE,TRUE,TRUE
x-13553,X-13553,999913553,NA,NA,5,10.47665134,9.141274238,,,10.47665134,2.587244284,TRUE,TRUE,TRUE
x-13658,X-13658,999913658,NA,NA,5,77.35659848,12.09602955,60.19900498,75.4491018,76.40938785,77.35659848,TRUE,FALSE,TRUE
x-13684,X-13684,999913684,NA,NA,5,67.46506986,20.12927054,4.64344942,67.46506986,0.072586499,7.681508223,TRUE,FALSE,TRUE
x-13728,X-13728,999913728,NA,NA,5,2.123730379,2.123730379,1.990049751,0.399201597,1.959835471,1.38387485,TRUE,TRUE,TRUE
x-13729,X-13729,999913729,NA,NA,5,9.097507864,2.400738689,7.296849088,3.79241517,9.097507864,0.722021661,TRUE,TRUE,TRUE
x-13844,X-13844,999913844,NA,NA,5,14.37125749,5.170821791,3.648424544,14.37125749,12.60585531,5.154432411,TRUE,TRUE,TRUE
x-13866,X-13866,999913866,NA,NA,5,0.184672207,0.184672207,,,0.048390999,0.100280786,TRUE,TRUE,TRUE
x-14056,X-14056,999914056,NA,NA,5,0.040112314,,,,,0.040112314,TRUE,TRUE,TRUE
x-14939,X-14939,999914939,NA,NA,5,1.19760479,0.923361034,1.160862355,1.19760479,0.580691991,0.421179302,TRUE,TRUE,TRUE
x - 15245,X - 15245,999915245,NA,NA,3,56.7867036,56.7867036,NA,NA,54.56085168,30.24468512,FALSE,FALSE,TRUE
x-15461,X-15461,999915461,NA,NA,5,1.596806387,0.923361034,0.331674959,1.596806387,0.217759497,0.180505415,TRUE,TRUE,TRUE
x-15486,X-15486,999915486,NA,NA,5,0.738688827,0.738688827,,,0.314541495,0.060168472,TRUE,TRUE,TRUE
x-15503,X-15503,999915503,NA,NA,5,0.0923,0.0923,,,0.048390999,0.020056157,TRUE,TRUE,TRUE
x-15728,X-15728,999915728,NA,NA,5,10.11608624,1.846722068,10.11608624,6.986027944,7.863537382,1.764941837,TRUE,TRUE,TRUE
x-16087,X-16087,999916087,NA,NA,5,18.09787627,18.09787627,3.150912106,13.97205589,12.87200581,6.036903329,TRUE,TRUE,TRUE
x-16124,X-16124,999916124,NA,NA,5,34.73053892,10.24930748,32.33830846,34.73053892,24.00193564,15.78419575,TRUE,TRUE,TRUE
x-16397,X-16397,999916397,NA,NA,5,6.986027944,,5.140961857,6.986027944,0.387127994,2.54713197,TRUE,TRUE,TRUE
x-16580,X-16580,999916580,NA,NA,5,0.483909993,0.0923,,,0.483909993,0.080224629,TRUE,TRUE,TRUE
x-16649,X-16649,999916649,NA,NA,5,94.19568823,78.94736842,94.19568823,85.62874251,78.36922332,71.21941436,TRUE,FALSE,TRUE
x-16935,X-16935,999916935,NA,NA,5,28.85572139,26.13111727,28.85572139,15.96806387,12.79941931,7.621339751,TRUE,TRUE,TRUE
x - 16938,X - 16938,999916938,NA,NA,3,100.0,68.42105263,NA,NA,,100,FALSE,FALSE,TRUE
x - 16964,X - 16964,999916964,NA,NA,3,0.992015485,0.461680517,NA,NA,0.992015485,0.040112314,FALSE,FALSE,TRUE
x-17010,X-17010,999917010,NA,NA,5,28.55068957,0.0923,9.12106136,8.982035928,28.55068957,10.50942639,TRUE,TRUE,TRUE
x - 17301,X - 17301,999917301,NA,NA,2,74.93346238,NA,NA,NA,74.93346238,74.80946651,FALSE,FALSE,TRUE
x-17323,X-17323,999917323,NA,NA,4,6.678700361,NA,,0.598802395,0.459714493,6.678700361,FALSE,FALSE,TRUE
x-17325,X-17325,999917325,NA,NA,5,14.17165669,8.587257618,6.301824212,14.17165669,14.05758529,5.314881669,TRUE,TRUE,TRUE
x - 17328,X - 17328,999917328,NA,NA,3,100.0,47.09141274,NA,NA,45.17299782,100,FALSE,FALSE,TRUE
x-17335,X-17335,999917335,NA,NA,5,6.371191136,6.371191136,,1.596806387,2.371158964,2.707581227,TRUE,TRUE,TRUE
x - 17343,X - 17343,999917343,NA,NA,3,100.0,78.67036011,NA,NA,97.21751754,100,FALSE,FALSE,TRUE
x-17348,X-17348,999917348,NA,NA,5,90.21956088,88.36565097,85.40630182,90.21956088,80.59520929,76.1732852,TRUE,FALSE,TRUE
x-17351,X-17351,999917351,NA,NA,5,6.484393903,5.263157895,3.482587065,4.391217565,6.484393903,1.423987164,TRUE,TRUE,TRUE
x - 17353,X - 17353,999917353,NA,NA,3,86.611265,86.611265,NA,NA,60.1742076,52.6273566,FALSE,FALSE,TRUE
x-17354,X-17354,999917354,NA,NA,5,52.53924284,52.53924284,23.88059701,32.33532934,38.05952093,20.67789811,TRUE,FALSE,TRUE
x-17355,X-17355,999917355,NA,NA,5,100.0,96.39889197,97.84411277,97.00598802,94.28986209,100,TRUE,FALSE,TRUE
x-17357,X-17357,999917357,NA,NA,5,6.278855032,6.278855032,4.311774461,3.992015968,0.67747399,0.58162856,TRUE,TRUE,TRUE
x-17367,X-17367,999917367,NA,NA,5,29.14171657,16.2511542,15.58872305,29.14171657,25.93757561,13.65824308,TRUE,TRUE,TRUE
x-17438,X-17438,999917438,NA,NA,5,50.0998004,22.89935365,34.49419569,50.0998004,11.17832083,37.82591256,TRUE,FALSE,TRUE
x-17653,X-17653,999917653,NA,NA,5,5.804311774,5.263157895,5.804311774,2.594810379,0.629082991,0.521460088,TRUE,TRUE,TRUE
x - 17654,X - 17654,999917654,NA,NA,3,12.92705448,12.92705448,NA,NA,3.847084442,0.340954673,FALSE,FALSE,TRUE
x-17655,X-17655,999917655,NA,NA,5,95.47553093,95.47553093,95.02487562,88.22355289,87.32155819,81.30766145,TRUE,FALSE,TRUE
x-17676,X-17676,999917676,NA,NA,5,0.798403194,0.184672207,0.331674959,0.798403194,0.241954996,0.762133975,TRUE,TRUE,TRUE
x-17685,X-17685,999917685,NA,NA,5,43.11377246,21.6989843,26.86567164,43.11377246,33.75272199,24.36823105,TRUE,TRUE,TRUE
x-17690,X-17690,999917690,NA,NA,5,48.09286899,29.27054478,48.09286899,21.75648703,16.62230825,10.04813478,TRUE,TRUE,TRUE
x-18345,X-18345,999918345,NA,NA,4,100.0,NA,48.42454395,57.68463074,32.27679652,100,FALSE,FALSE,TRUE
x-18779,X-18779,999918779,NA,NA,4,0.902527076,NA,,,,0.902527076,FALSE,FALSE,TRUE
x-18886,X-18886,999918886,NA,NA,5,7.756232687,7.756232687,2.653399668,5.588822355,3.822888943,2.186121139,TRUE,TRUE,TRUE
x-18887,X-18887,999918887,NA,NA,5,6.186518929,6.186518929,2.32172471,2.794411178,5.298814421,0.922583233,TRUE,TRUE,TRUE
x-18899,X-18899,999918899,NA,NA,5,9.987966306,1.662049861,,,1.016210985,9.987966306,TRUE,TRUE,TRUE
x-18901,X-18901,999918901,NA,NA,5,1.814662473,0.184672207,1.492537313,0.199600798,1.814662473,0.040112314,TRUE,TRUE,TRUE
x-18913,X-18913,999918913,NA,NA,5,0.369344414,0.369344414,,,,0.020056157,TRUE,TRUE,TRUE
x-18921,X-18921,999918921,NA,NA,5,0.184672207,0.184672207,,,,0.020056157,TRUE,TRUE,TRUE
x-18922,X-18922,999918922,NA,NA,5,2.395209581,1.569713758,2.155887231,2.395209581,1.35494798,0.240673887,TRUE,TRUE,TRUE
x - 18935,X - 18935,999918935,NA,NA,3,100.0,37.11911357,NA,NA,36.12388096,100,FALSE,FALSE,TRUE
x-19141,X-19141,999919141,NA,NA,5,0.55401662,0.55401662,,,0.096781999,0.080224629,TRUE,TRUE,TRUE
x - 19299,X - 19299,999919299,NA,NA,2,100.0,NA,NA,NA,46.6247278,100,FALSE,FALSE,TRUE
x - 19438,X - 19438,999919438,NA,NA,3,16.62049861,16.62049861,NA,NA,7.815146383,6.498194946,FALSE,FALSE,TRUE
x-21258,X-21258,999921258,NA,NA,5,0.020056157,,,,,0.020056157,TRUE,TRUE,TRUE
x - 21285,X - 21285,999921285,NA,NA,3,22.25300092,22.25300092,NA,NA,20.0822647,11.11111111,FALSE,FALSE,TRUE
x-21286,X-21286,999921286,NA,NA,5,1.754385965,1.754385965,0.165837479,1.19760479,0.169368497,0.120336943,TRUE,TRUE,TRUE
x-21310,X-21310,999921310,NA,NA,4,0.399201597,NA,0.165837479,0.399201597,0.266150496,0.200561572,FALSE,FALSE,TRUE
x-21312,X-21312,999921312,NA,NA,5,79.76782753,49.95383195,79.76782753,58.68263473,49.23784176,29.52266346,TRUE,FALSE,TRUE
x-21315,X-21315,999921315,NA,NA,5,99.66832504,95.84487535,99.66832504,99.20159681,99.51609001,99.27797834,TRUE,FALSE,TRUE
x-21319,X-21319,999921319,NA,NA,5,3.048632954,1.477377655,,0.199600798,3.048632954,0.140393101,TRUE,TRUE,TRUE
x-21339,X-21339,999921339,NA,NA,5,14.31209603,14.31209603,8.457711443,0.399201597,0.556496492,0.501403931,TRUE,TRUE,TRUE
x - 21342,X - 21342,999921342,NA,NA,2,0.020056157,NA,NA,NA,,0.020056157,FALSE,FALSE,TRUE
x-21353,X-21353,999921353,NA,NA,5,0.369344414,0.369344414,,,,0.040112314,TRUE,TRUE,TRUE
x - 21355,X - 21355,999921355,NA,NA,2,100.0,NA,NA,NA,,100,FALSE,FALSE,TRUE
x-21364,X-21364,999921364,NA,NA,5,2.400738689,2.400738689,0.663349917,,0.096781999,0.280786201,TRUE,TRUE,TRUE
x-21383,X-21383,999921383,NA,NA,5,4.339796861,4.339796861,0.165837479,0.598802395,0.338736995,0.180505415,TRUE,TRUE,TRUE
x-21410,X-21410,999921410,NA,NA,4,35.01805054,NA,17.5787728,30.13972056,30.75248004,35.01805054,FALSE,FALSE,TRUE
x-21441,X-21441,999921441,NA,NA,5,6.186518929,6.186518929,0.995024876,0.598802395,0.290345996,1.243481749,TRUE,TRUE,TRUE
x-21442,X-21442,999921442,NA,NA,5,7.984031936,5.263157895,3.648424544,7.984031936,7.428018389,6.839149619,TRUE,TRUE,TRUE
x-21467,X-21467,999921467,NA,NA,5,7.57156048,7.57156048,0.165837479,0.998003992,0.145172998,1.283594063,TRUE,TRUE,TRUE
x-21470,X-21470,999921470,NA,NA,5,10.52631579,10.52631579,7.131011609,1.996007984,2.540527462,3.529883674,TRUE,TRUE,TRUE
x-21471,X-21471,999921471,NA,NA,5,11.35734072,11.35734072,4.311774461,4.99001996,1.112992983,3.870838347,TRUE,TRUE,TRUE
x-21607,X-21607,999921607,NA,NA,5,1.790466973,1.662049861,0.331674959,1.596806387,1.790466973,1.444043321,TRUE,TRUE,TRUE
x - 21661,X - 21661,999921661,NA,NA,2,100.0,NA,NA,NA,65.25526252,100,FALSE,FALSE,TRUE
x-21733,X-21733,999921733,NA,NA,5,64.67065868,12.46537396,7.131011609,64.67065868,22.84055166,4.753309266,TRUE,FALSE,TRUE
x-21736,X-21736,999921736,NA,NA,5,0.0923,0.0923,,,0.048390999,0.060168472,TRUE,TRUE,TRUE
x-21752,X-21752,999921752,NA,NA,5,42.56694367,42.56694367,11.44278607,27.34530938,24.51004113,28.6602487,TRUE,TRUE,TRUE
x-21796,X-21796,999921796,NA,NA,5,0.829187396,0.55401662,0.829187396,,0.217759497,0.040112314,TRUE,TRUE,TRUE
x-21803,X-21803,999921803,NA,NA,5,73.79767828,50.78485688,73.79767828,72.25548902,70.21533995,66.98756518,TRUE,FALSE,TRUE
x-21815,X-21815,999921815,NA,NA,5,85.31855956,85.31855956,57.87728027,56.28742515,47.27800629,41.71680706,TRUE,FALSE,TRUE
x - 21816,X - 21816,999921816,NA,NA,2,100.0,NA,NA,NA,47.42317929,100,FALSE,FALSE,TRUE
x-21821,X-21821,999921821,NA,NA,5,29.17820868,29.17820868,10.77943615,10.77844311,8.710379869,4.051343763,TRUE,TRUE,TRUE
x-21834,X-21834,999921834,NA,NA,5,41.95688226,6.463527239,41.95688226,20.75848303,14.44471328,4.65302848,TRUE,TRUE,TRUE
x-21839,X-21839,999921839,NA,NA,4,53.89718076,NA,53.89718076,52.89421158,45.36656182,43.78259126,FALSE,FALSE,TRUE
x - 22143,X - 22143,999922143,NA,NA,2,100.0,NA,NA,NA,27.09895959,100,FALSE,FALSE,TRUE
x-22162,X-22162,999922162,NA,NA,5,0.020056157,,,,,0.020056157,TRUE,TRUE,TRUE
x-22509,X-22509,999922509,NA,NA,5,53.73961219,53.73961219,23.88059701,32.13572854,36.26905396,19.51464099,TRUE,FALSE,TRUE
x-22520,X-22520,999922520,NA,NA,5,100.0,55.67867036,32.50414594,51.29740519,35.47060247,100,TRUE,FALSE,TRUE
x-22771,X-22771,999922771,NA,NA,5,0.290345996,,,,0.290345996,0.100280786,TRUE,TRUE,TRUE
x-22776,X-22776,999922776,NA,NA,5,11.27694859,,11.27694859,4.99001996,6.750544399,1.644604894,TRUE,TRUE,TRUE
x-22834,X-22834,999922834,NA,NA,5,56.97954272,33.97968606,37.64510779,52.29540918,31.16380353,56.97954272,TRUE,FALSE,TRUE
x-23587,X-23587,999923587,NA,NA,5,3.878116343,3.878116343,2.487562189,1.596806387,0.67747399,1.423987164,TRUE,TRUE,TRUE
x-23593,X-23593,999923593,NA,NA,5,1.664661051,0.184672207,0.165837479,,1.040406484,1.664661051,TRUE,TRUE,TRUE
x-23636,X-23636,999923636,NA,NA,5,0.060168472,,,,,0.060168472,TRUE,TRUE,TRUE
x-23639,X-23639,999923639,NA,NA,5,0.060168472,,,,,0.060168472,TRUE,TRUE,TRUE
x-23641,X-23641,999923641,NA,NA,5,22.66345768,19.57525392,12.43781095,5.788423154,10.06532785,22.66345768,TRUE,TRUE,TRUE
x-23644,X-23644,999923644,NA,NA,5,3.78578024,3.78578024,0.995024876,,0.0241955,0.100280786,TRUE,TRUE,TRUE
x-23655,X-23655,999923655,NA,NA,5,13.95908544,10.24930748,3.648424544,7.984031936,9.944350351,13.95908544,TRUE,TRUE,TRUE
x-23659,X-23659,999923659,NA,NA,5,16.71283472,16.71283472,,,0.629082991,2.206177296,TRUE,TRUE,TRUE
x-23662,X-23662,999923662,NA,NA,5,67.5900277,67.5900277,38.97180763,35.12974052,30.99443504,56.15724027,TRUE,FALSE,TRUE
x-23665,X-23665,999923665,NA,NA,5,0.55401662,0.55401662,,,0.072586499,0.100280786,TRUE,TRUE,TRUE
x-23680,X-23680,999923680,NA,NA,5,0.598802395,,,0.598802395,0.169368497,0.180505415,TRUE,TRUE,TRUE
x-23739,X-23739,999923739,NA,NA,5,0.923361034,0.923361034,,,,0.060168472,TRUE,TRUE,TRUE
x-23780,X-23780,999923780,NA,NA,5,8.864265928,8.864265928,6.633499171,2.195608782,2.201790467,3.810669876,TRUE,TRUE,TRUE
x-23782,X-23782,999923782,NA,NA,5,0.646352724,0.646352724,,,,0.040112314,TRUE,TRUE,TRUE
x-23787,X-23787,999923787,NA,NA,5,30.64580826,13.5734072,18.73963516,2.994011976,7.33123639,30.64580826,TRUE,TRUE,TRUE
x-23974,X-23974,999923974,NA,NA,5,12.09602955,12.09602955,8.789386401,3.592814371,4.984272925,6.939430405,TRUE,TRUE,TRUE
x-23997,X-23997,999923997,NA,NA,5,6.197352587,2.123730379,3.980099502,3.992015968,5.250423421,6.197352587,TRUE,TRUE,TRUE
x-24241,X-24241,999924241,NA,NA,4,100.0,NA,1.658374793,1.596806387,3.072828454,100,FALSE,FALSE,TRUE
x-24295,X-24295,999924295,NA,NA,5,1.19760479,1.108033241,,1.19760479,0.072586499,0.22061773,TRUE,TRUE,TRUE
x - 24306,X - 24306,999924306,NA,NA,3,100.0,1.477377655,NA,NA,0.0241955,100,FALSE,FALSE,TRUE
x-24307,X-24307,999924307,NA,NA,5,1.846722068,1.846722068,,,,0.040112314,TRUE,TRUE,TRUE
x - 24309,X - 24309,999924309,NA,NA,3,19.6550341,4.709141274,NA,NA,15.67868376,19.6550341,FALSE,FALSE,TRUE
x-24328,X-24328,999924328,NA,NA,5,7.296849088,5.078485688,7.296849088,0.598802395,1.088797484,0.401123145,TRUE,TRUE,TRUE
x-24334,X-24334,999924334,NA,NA,5,100.0,30.00923361,0.165837479,2.794411178,9.823372853,100,TRUE,FALSE,TRUE
x-24337,X-24337,999924337,NA,NA,5,1.754385965,1.754385965,0.497512438,,0.120977498,1.002807862,TRUE,TRUE,TRUE
x - 24352,X - 24352,999924352,NA,NA,3,85.59556787,85.59556787,NA,NA,74.93346238,74.56879262,FALSE,FALSE,TRUE
x-24410,X-24410,999924410,NA,NA,4,100.0,NA,72.47097844,62.4750499,62.88410356,100,FALSE,FALSE,TRUE
x-24418,X-24418,999924418,NA,NA,5,34.73053892,33.61034164,17.74461028,34.73053892,20.49358819,12.83594063,TRUE,TRUE,TRUE
x-24456,X-24456,999924456,NA,NA,5,16.92739671,3.416435826,0.331674959,8.78243513,11.78320832,16.92739671,TRUE,TRUE,TRUE
x - 24473,X - 24473,999924473,NA,NA,3,25.39242844,25.39242844,NA,NA,6.6779579,11.89330124,FALSE,FALSE,TRUE
x - 24475,X - 24475,999924475,NA,NA,2,8.395838374,NA,NA,NA,8.395838374,3.730445247,FALSE,FALSE,TRUE
x-24494,X-24494,999924494,NA,NA,5,26.77746999,26.77746999,7.794361526,14.77045908,12.24292282,4.65302848,TRUE,TRUE,TRUE
x - 24518,X - 24518,999924518,NA,NA,2,100.0,NA,NA,NA,15.77546576,100,FALSE,FALSE,TRUE
x - 24531,X - 24531,999924531,NA,NA,2,100.0,NA,NA,NA,11.22671183,100,FALSE,FALSE,TRUE
x - 24544,X - 24544,999924544,NA,NA,3,4.524469067,4.524469067,NA,NA,1.572707476,0.481347774,FALSE,FALSE,TRUE
x-24546,X-24546,999924546,NA,NA,5,32.8358209,23.36103416,32.8358209,5.988023952,8.903943866,8.844765343,TRUE,TRUE,TRUE
x - 24556,X - 24556,999924556,NA,NA,3,100.0,0.184672207,NA,NA,0.701669489,100,FALSE,FALSE,TRUE
x-24571,X-24571,999924571,NA,NA,5,78.11634349,78.11634349,41.45936982,60.47904192,48.99588677,25.73204974,TRUE,FALSE,TRUE
x-24585,X-24585,999924585,NA,NA,5,2.68752507,0.0923,,,0.435518993,2.68752507,TRUE,TRUE,TRUE
x-24588,X-24588,999924588,NA,NA,5,0.738688827,0.738688827,0.165837479,,0.096781999,0.160449258,TRUE,TRUE,TRUE
x-24637,X-24637,999924637,NA,NA,4,95.68822554,NA,95.68822554,91.41716567,83.69223324,85.86040915,FALSE,FALSE,TRUE
x - 24736,X - 24736,999924736,NA,NA,3,61.11783208,46.26038781,NA,NA,61.11783208,56.29763337,FALSE,FALSE,TRUE
x - 24748,X - 24748,999924748,NA,NA,3,16.76694745,8.033240997,NA,NA,9.871763852,16.76694745,FALSE,FALSE,TRUE
x-24757,X-24757,999924757,NA,NA,5,38.88216792,36.84210526,19.73466003,31.53692615,38.88216792,13.29723225,TRUE,TRUE,TRUE
x-24762,X-24762,999924762,NA,NA,4,100.0,NA,3.980099502,5.788423154,6.242438906,100,FALSE,FALSE,TRUE
x-24795,X-24795,999924795,NA,NA,4,30.50541516,NA,17.91044776,23.15369261,18.55794822,30.50541516,FALSE,FALSE,TRUE
x-24801,X-24801,999924801,NA,NA,4,100.0,NA,,,3.653520445,100,FALSE,FALSE,TRUE
x-24811,X-24811,999924811,NA,NA,5,15.2426795,6.463527239,3.316749585,9.181636727,11.54125333,15.2426795,TRUE,TRUE,TRUE
x-24812,X-24812,999924812,NA,NA,5,10.34164358,10.34164358,0.331674959,0.199600798,1.403338979,5.655836342,TRUE,TRUE,TRUE
x-24947,X-24947,999924947,NA,NA,5,5.078485688,5.078485688,3.316749585,1.19760479,1.814662473,1.203369434,TRUE,TRUE,TRUE
x-24949,X-24949,999924949,NA,NA,5,51.69660679,22.43767313,44.11276949,51.69660679,18.36438422,11.351785,TRUE,FALSE,TRUE
x-24951,X-24951,999924951,NA,NA,5,11.94029851,10.52631579,11.94029851,0.798403194,0.701669489,0.280786201,TRUE,TRUE,TRUE
x-24952,X-24952,999924952,NA,NA,4,100.0,NA,,,,100,FALSE,FALSE,TRUE
x - 24953,X - 24953,999924953,NA,NA,3,100.0,26.59279778,NA,NA,8.613597871,100,FALSE,FALSE,TRUE
x-24970,X-24970,999924970,NA,NA,5,12.74238227,12.74238227,2.155887231,0.598802395,0.556496492,0.862414761,TRUE,TRUE,TRUE
x - 25217,X - 25217,999925217,NA,NA,3,100.0,73.13019391,NA,NA,53.6414227,100,FALSE,FALSE,TRUE
x-25265,X-25265,999925265,NA,NA,5,4.155124654,4.155124654,,0.199600798,0.072586499,0.060168472,TRUE,TRUE,TRUE
x - 25267,X - 25267,999925267,NA,NA,3,17.56919374,1.292705448,NA,NA,3.895475442,17.56919374,FALSE,FALSE,TRUE
x-25271,X-25271,999925271,NA,NA,4,1.064601984,NA,0.497512438,0.199600798,1.064601984,0.461291617,FALSE,FALSE,TRUE
x-25279,X-25279,999925279,NA,NA,5,91.54228856,42.38227147,91.54228856,87.4251497,80.3290588,73.24508624,TRUE,FALSE,TRUE
x-25343,X-25343,999925343,NA,NA,5,1.200369344,1.200369344,,0.199600798,,0.060168472,TRUE,TRUE,TRUE
x-25371,X-25371,999925371,NA,NA,5,0.646352724,0.646352724,,0.598802395,0.169368497,0.100280786,TRUE,TRUE,TRUE
x-25417,X-25417,999925417,NA,NA,5,30.17178805,22.80701754,18.90547264,20.55888224,30.17178805,28.78058564,TRUE,TRUE,TRUE
x-25419,X-25419,999925419,NA,NA,5,1.662049861,1.662049861,,,0.459714493,1.283594063,TRUE,TRUE,TRUE
x-25420,X-25420,999925420,NA,NA,5,0.100280786,,,,,0.100280786,TRUE,TRUE,TRUE
x-25422,X-25422,999925422,NA,NA,5,0.080224629,,,,,0.080224629,TRUE,TRUE,TRUE
x-25433,X-25433,999925433,NA,NA,4,58.88223553,NA,45.77114428,58.88223553,17.49334624,23.88688327,FALSE,FALSE,TRUE
x-25450,X-25450,999925450,NA,NA,4,86.90332932,NA,80.59701493,83.03393214,82.36148076,86.90332932,FALSE,FALSE,TRUE
x-25468,X-25468,999925468,NA,NA,5,99.50248756,93.99815328,99.50248756,98.80239521,98.18533753,97.13196951,TRUE,FALSE,TRUE
x-25503,X-25503,999925503,NA,NA,5,85.04155125,85.04155125,74.12935323,64.27145709,75.65932737,66.24548736,TRUE,FALSE,TRUE
x-25519,X-25519,999925519,NA,NA,5,22.55489022,0.738688827,,22.55489022,0.096781999,0.280786201,TRUE,TRUE,TRUE
x-25520,X-25520,999925520,NA,NA,5,5.817174515,5.817174515,0.165837479,0.399201597,0.532300992,0.541516245,TRUE,TRUE,TRUE
x-25523,X-25523,999925523,NA,NA,5,91.68975069,91.68975069,78.10945274,78.64271457,80.2806678,72.62334537,TRUE,FALSE,TRUE
x-25524,X-25524,999925524,NA,NA,5,100.0,93.16712835,88.39137645,88.82235529,86.08758771,100,TRUE,FALSE,TRUE
x-25790,X-25790,999925790,NA,NA,5,1.108033241,1.108033241,,0.199600798,0.0241955,0.320898516,TRUE,TRUE,TRUE
x-25810,X-25810,999925810,NA,NA,4,1.596806387,NA,,1.596806387,0.701669489,0.100280786,FALSE,FALSE,TRUE
x - 25828,X - 25828,999925828,NA,NA,3,0.738688827,0.738688827,NA,NA,0.048390999,0.040112314,FALSE,FALSE,TRUE
x - 25936,X - 25936,999925936,NA,NA,2,100.0,NA,NA,NA,,100,FALSE,FALSE,TRUE
x-25948,X-25948,999925948,NA,NA,5,5.758528914,3.693444137,,1.596806387,5.758528914,5.274769354,TRUE,TRUE,TRUE
x - 25982,X - 25982,999925982,NA,NA,2,100.0,NA,NA,NA,9.920154851,100,FALSE,FALSE,TRUE
x-25983,X-25983,999925983,NA,NA,4,100.0,NA,,0.199600798,0.556496492,100,FALSE,FALSE,TRUE
x-26062,X-26062,999926062,NA,NA,5,67.46506986,37.67313019,65.50580431,67.46506986,59.10960561,33.81468111,TRUE,FALSE,TRUE
x-26108,X-26108,999926108,NA,NA,5,22.66345768,20.03693444,5.638474295,2.994011976,12.26711832,22.66345768,TRUE,TRUE,TRUE
x-26111,X-26111,999926111,NA,NA,5,40.35087719,40.35087719,15.09121061,4.391217565,6.6779579,4.191736863,TRUE,TRUE,TRUE
n6-methyladenosine,N6-methyladenosine,213,Nucleotide,Purine Metabolism	 Adenine containing,4,13.67829924,7.479224377,0.829187396,10.17964072,NA,13.67829924,FALSE,FALSE,TRUE
flavin adenine dinucleotide (fad),flavin adenine dinucleotide (FAD),327,Cofactors and Vitamins,Riboflavin Metabolism,4,75.12437811,46.62973223,75.12437811,15.36926148,NA,8.744484557,FALSE,FALSE,TRUE
3-sulfo-l-alanine,3-sulfo-L-alanine,382,Amino Acid,Methionine	 Cysteine	 SAM and Taurine Metabolism,1,100.0,16.52816251,NA,NA,NA,NA,FALSE,FALSE,TRUE
lithocholate,lithocholate,405,Lipid,Secondary Bile Acid Metabolism,1,62.32686981,62.32686981,NA,NA,NA,NA,FALSE,FALSE,TRUE
methylmalonate (mma),methylmalonate (MMA),418,Lipid,Fatty Acid Metabolism (also BCAA Metabolism),1,5.447830102,5.447830102,NA,NA,NA,NA,FALSE,FALSE,TRUE
pristanate,pristanate,477,Lipid,Fatty Acid	 Branched,1,4.247460757,4.247460757,NA,NA,NA,NA,FALSE,FALSE,TRUE
malonate,malonate,818,Lipid,Fatty Acid Synthesis,2,100.0,2.585410896,NA,NA,NA,100,FALSE,FALSE,TRUE
estrone 3-sulfate,estrone 3-sulfate,1230,Lipid,Estrogenic Steroids,1,73.96121884,73.96121884,NA,NA,NA,NA,FALSE,FALSE,TRUE
palmitoyl ethanolamide,palmitoyl ethanolamide,1489,Lipid,Endocannabinoid,2,1.385041551,1.385041551,NA,NA,NA,0.040112314,FALSE,FALSE,TRUE
oleamide,oleamide,1504,Lipid,Fatty Acid	 Amide,1,0.0923,0.0923,NA,NA,NA,NA,FALSE,FALSE,TRUE
anserine,anserine,100000044,Amino Acid,Histidine Metabolism,1,99.9076639,99.9076639,NA,NA,NA,NA,FALSE,FALSE,TRUE
pimelate (c7-dc),pimelate (C7-DC),100000101,Lipid,Fatty Acid	 Dicarboxylate,1,68.69806094,68.69806094,NA,NA,NA,NA,FALSE,FALSE,TRUE
maltotriose,maltotriose,100000276,Carbohydrate,Glycogen Metabolism,1,10.61865189,10.61865189,NA,NA,NA,NA,FALSE,FALSE,TRUE
4-acetylphenol sulfate,4-acetylphenol sulfate,100000711,Xenobiotics,Benzoate Metabolism,4,65.17412935,18.09787627,65.17412935,51.09780439,NA,13.19695146,FALSE,FALSE,TRUE
meprobamate,meprobamate,100000735,Xenobiotics,Drug - Psychoactive,1,99.81532779,99.81532779,NA,NA,NA,NA,FALSE,FALSE,TRUE
bradykinin,bradykinin,100000967,Peptide,Polypeptide,2,100.0,53.09325946,NA,NA,NA,100,FALSE,FALSE,TRUE
melamine,melamine,100001087,Xenobiotics,Chemical,1,99.9076639,99.9076639,NA,NA,NA,NA,FALSE,FALSE,TRUE
phenolphthalein beta-d-glucuronide,phenolphthalein beta-D-glucuronide,100001139,Xenobiotics,Chemical,2,100.0,99.9076639,NA,NA,NA,100,FALSE,FALSE,TRUE
guanidinosuccinate,guanidinosuccinate,100001212,Amino Acid,Guanidino and Acetamido Metabolism,2,35.54939982,35.54939982,NA,NA,NA,25.87244284,FALSE,FALSE,TRUE
i-urobilinogen,I-urobilinogen,100001226,Cofactors and Vitamins,Hemoglobin and Porphyrin Metabolism,1,90.02770083,90.02770083,NA,NA,NA,NA,FALSE,FALSE,TRUE
tauro-beta-muricholate,tauro-beta-muricholate,100001250,Lipid,Primary Bile Acid Metabolism,1,73.49953832,73.49953832,NA,NA,NA,NA,FALSE,FALSE,TRUE
methyl-4-hydroxybenzoate,methyl-4-hydroxybenzoate,100001252,Xenobiotics,Benzoate Metabolism,1,99.81532779,99.81532779,NA,NA,NA,NA,FALSE,FALSE,TRUE
gamma-glutamyl-epsilon-lysine,gamma-glutamyl-epsilon-lysine,100001262,Peptide,Gamma-glutamyl Amino Acid,2,100.0,3.878116343,NA,NA,NA,100,FALSE,FALSE,TRUE
bradykinin des-arg(9),bradykinin des-arg(9),100001292,Peptide,Polypeptide,1,68.69806094,68.69806094,NA,NA,NA,NA,FALSE,FALSE,TRUE
nicotinamide riboside,nicotinamide riboside,100001310,Cofactors and Vitamins,Nicotinate and Nicotinamide Metabolism,4,33.00165837,23.36103416,33.00165837,13.17365269,NA,27.85800241,FALSE,FALSE,TRUE
hwesasxx,HWESASXX*,100001327,Peptide,Polypeptide,1,18.55955679,18.55955679,NA,NA,NA,NA,FALSE,FALSE,TRUE
hxgxa,HXGXA*,100001330,Peptide,Polypeptide,1,89.65835642,89.65835642,NA,NA,NA,NA,FALSE,FALSE,TRUE
heme,heme,100001386,Cofactors and Vitamins,Hemoglobin and Porphyrin Metabolism,4,35.0877193,35.0877193,1.326699834,,NA,10.64981949,FALSE,FALSE,TRUE
indolebutyrate,indolebutyrate,100001404,Amino Acid,Tryptophan Metabolism,1,48.10710988,48.10710988,NA,NA,NA,NA,FALSE,FALSE,TRUE
1-palmitoyl-gpa (16:0),1-palmitoyl-GPA (16:0),100001445,Lipid,Lysophospholipid,1,1.015697138,1.015697138,NA,NA,NA,NA,FALSE,FALSE,TRUE
n1-methyl-4-pyridone-3-carboxamide,N1-Methyl-4-pyridone-3-carboxamide,100001469,Cofactors and Vitamins,Nicotinate and Nicotinamide Metabolism,1,8.310249307,8.310249307,NA,NA,NA,NA,FALSE,FALSE,TRUE
2-methylbutyrylcarnitine (c5),2-methylbutyrylcarnitine (C5),100001509,Amino Acid,Leucine	 Isoleucine and Valine Metabolism,2,48.73646209,25.48476454,NA,NA,NA,48.73646209,FALSE,FALSE,TRUE
hexanoylglycine,hexanoylglycine,100001527,Lipid,Fatty Acid Metabolism (Acyl Glycine),4,36.84210526,36.84210526,30.67993367,36.12774451,NA,12.755716,FALSE,FALSE,TRUE
2-palmitoleoyl-gpc (16:1),2-palmitoleoyl-GPC (16:1)*,100001561,Lipid,Lysophospholipid,1,26.13111727,26.13111727,NA,NA,NA,NA,FALSE,FALSE,TRUE
isobutyrylglycine,isobutyrylglycine,100001590,Amino Acid,Leucine	 Isoleucine and Valine Metabolism,4,13.5734072,13.5734072,3.150912106,5.588822355,NA,8.604091456,FALSE,FALSE,TRUE
hexadecanedioate (c16-dc),hexadecanedioate (C16-DC),100001614,Lipid,Fatty Acid	 Dicarboxylate,4,0.0923,0.0923,,,NA,0.020056157,FALSE,FALSE,TRUE
2-ethylphenylsulfate,2-ethylphenylsulfate,100001809,Xenobiotics,Benzoate Metabolism,2,71.84115523,48.01477378,NA,NA,NA,71.84115523,FALSE,FALSE,TRUE
1-stearoyl-2-arachidonoyl-gps (18:0/20:4),1-stearoyl-2-arachidonoyl-GPS (18:0/20:4),100001872,Lipid,Phosphatidylserine (PS),2,55.3951063,24.93074792,NA,NA,NA,55.3951063,FALSE,FALSE,TRUE
glycosyl-n-nervonoyl-sphingosine (d18:1/24:1),glycosyl-N-nervonoyl-sphingosine (d18:1/24:1)*,100001878,Lipid,Hexosylceramides (HCER),1,0.646352724,0.646352724,NA,NA,NA,NA,FALSE,FALSE,TRUE
5alpha-androstan-3alpha 17alpha-diol monosulfate,5alpha-androstan-3alpha 17alpha-diol monosulfate,100002008,Lipid,Androgenic Steroids,4,44.7761194,43.39796861,44.7761194,27.14570858,NA,21.58042519,FALSE,FALSE,TRUE
5alpha-androstan-3beta 17beta-diol monosulfate (2),5alpha-androstan-3beta 17beta-diol monosulfate (2),100002024,Lipid,Androgenic Steroids,4,38.47429519,23.82271468,38.47429519,7.584830339,NA,6.638588047,FALSE,FALSE,TRUE
12-hete,12-HETE,100002167,Lipid,Eicosanoid,1,5.078485688,5.078485688,NA,NA,NA,NA,FALSE,FALSE,TRUE
4-cholesten-3-one,4-cholesten-3-one,100002227,Lipid,Sterol,4,29.51907131,11.91135734,29.51907131,27.34530938,NA,9.987966306,FALSE,FALSE,TRUE
stearoyl ethanolamide,stearoyl ethanolamide,100002254,Lipid,Endocannabinoid,2,100.0,2.123730379,NA,NA,NA,100,FALSE,FALSE,TRUE
dexpanthenol,dexpanthenol,100002376,Xenobiotics,Chemical,2,100.0,97.04524469,NA,NA,NA,100,FALSE,FALSE,TRUE
pseudoephedrine,pseudoephedrine,100002738,Xenobiotics,Drug - Respiratory,1,99.44598338,99.44598338,NA,NA,NA,NA,FALSE,FALSE,TRUE
nicotinamide n-oxide,nicotinamide N-oxide,100002763,Cofactors and Vitamins,Nicotinate and Nicotinamide Metabolism,1,80.51708218,80.51708218,NA,NA,NA,NA,FALSE,FALSE,TRUE
tauroursodeoxycholate,tauroursodeoxycholate,100002912,Lipid,Secondary Bile Acid Metabolism,2,81.53277932,81.53277932,NA,NA,NA,73.36542318,FALSE,FALSE,TRUE
docosadioate (c22-dc),docosadioate (C22-DC),100002952,Lipid,Fatty Acid	 Dicarboxylate,4,1.824212272,1.477377655,1.824212272,0.598802395,NA,0.100280786,FALSE,FALSE,TRUE
isoleucylglycine,isoleucylglycine,100003169,Peptide,Dipeptide,4,65.06986028,25.66943675,64.67661692,65.06986028,NA,7.862013638,FALSE,FALSE,TRUE
leucylglycine,leucylglycine,100003185,Peptide,Dipeptide,4,53.83194829,53.83194829,8.955223881,16.36726547,NA,40.75411151,FALSE,FALSE,TRUE
mianserine,mianserine,100003449,Xenobiotics,Drug - Psychoactive,2,99.97994384,99.81532779,NA,NA,NA,99.97994384,FALSE,FALSE,TRUE
prolylglycine,prolylglycine,100003674,Peptide,Dipeptide,4,24.09972299,24.09972299,,0.199600798,NA,6.478138789,FALSE,FALSE,TRUE
diltiazem,diltiazem,100004015,Xenobiotics,Drug - Cardiovascular,3,99.93983153,97.322253,99.33665008,NA,NA,99.93983153,FALSE,FALSE,TRUE
gemfibrozil,gemfibrozil,100004034,Xenobiotics,Drug - Metabolic,1,99.72299169,99.72299169,NA,NA,NA,NA,FALSE,FALSE,TRUE
glycohyocholate,glycohyocholate,100004083,Lipid,Secondary Bile Acid Metabolism,4,60.07984032,36.38042475,56.21890547,60.07984032,NA,21.92137986,FALSE,FALSE,TRUE
taurohyocholate,taurohyocholate*,100004084,Lipid,Secondary Bile Acid Metabolism,2,93.90581717,93.90581717,NA,NA,NA,83.33333333,FALSE,FALSE,TRUE
3-methyl catechol sulfate (2),3-methyl catechol sulfate (2),100004110,Xenobiotics,Benzoate Metabolism,2,100.0,40.16620499,NA,NA,NA,100,FALSE,FALSE,TRUE
gamma-cehc glucuronide,gamma-CEHC glucuronide*,100004243,Cofactors and Vitamins,Tocopherol Metabolism,1,43.67497692,43.67497692,NA,NA,NA,NA,FALSE,FALSE,TRUE
indolin-2-one,indolin-2-one,100004318,Xenobiotics,Food Component/Plant,4,19.39058172,19.39058172,1.492537313,0.998003992,NA,10.87043722,FALSE,FALSE,TRUE
3-acetylphenol sulfate,3-acetylphenol sulfate,100004326,Xenobiotics,Chemical,4,50.2994012,15.42012927,42.95190713,50.2994012,NA,19.87565183,FALSE,FALSE,TRUE
1-stearoyl-gps (18:0),1-stearoyl-GPS (18:0)*,100004327,Lipid,Lysophospholipid,1,42.75161588,42.75161588,NA,NA,NA,NA,FALSE,FALSE,TRUE
2-hydroxyphytanate,2-hydroxyphytanate*,100004414,Lipid,Fatty Acid	 Branched,1,3.047091413,3.047091413,NA,NA,NA,NA,FALSE,FALSE,TRUE
3-methoxytyramine sulfate,3-methoxytyramine sulfate,100004634,Amino Acid,Tyrosine Metabolism,4,55.88723051,44.96768236,55.88723051,36.9261477,NA,16.02486963,FALSE,FALSE,TRUE
n-methylpipecolate,N-methylpipecolate,100005383,Xenobiotics,Bacterial/Fungal,2,15.23545706,15.23545706,NA,NA,NA,0.180505415,FALSE,FALSE,TRUE
11-ketoetiocholanolone glucuronide,11-ketoetiocholanolone glucuronide,100005402,Lipid,Androgenic Steroids,2,100.0,29.91689751,NA,NA,NA,100,FALSE,FALSE,TRUE
2-keto-3-deoxy-gluconate,2-keto-3-deoxy-gluconate,100005946,Xenobiotics,Food Component/Plant,1,1.846722068,1.846722068,NA,NA,NA,NA,FALSE,FALSE,TRUE
alpha-cehc sulfate,alpha-CEHC sulfate,100005972,Cofactors and Vitamins,Tocopherol Metabolism,2,73.49953832,73.49953832,NA,NA,NA,55.31488167,FALSE,FALSE,TRUE
alpha-cmbhc glucuronide,alpha-CMBHC glucuronide,100005977,Cofactors and Vitamins,Tocopherol Metabolism,2,44.50600185,44.50600185,NA,NA,NA,25.03008424,FALSE,FALSE,TRUE
4-hydroxycinnamate sulfate,4-hydroxycinnamate sulfate,100006095,Amino Acid,Tyrosine Metabolism,1,94.09048938,94.09048938,NA,NA,NA,NA,FALSE,FALSE,TRUE
maltol sulfate,maltol sulfate,100006106,Xenobiotics,Food Component/Plant,2,100.0,77.65466297,NA,NA,NA,100,FALSE,FALSE,TRUE
n-acetylhistamine,N-acetylhistamine,100006123,Amino Acid,Histidine Metabolism,1,90.21237304,90.21237304,NA,NA,NA,NA,FALSE,FALSE,TRUE
vanillic alcohol sulfate,vanillic alcohol sulfate,100006125,Amino Acid,Tyrosine Metabolism,4,81.5920398,68.51338873,81.5920398,80.63872255,NA,66.12515042,FALSE,FALSE,TRUE
chlorthalidone,chlorthalidone,100006181,Xenobiotics,Drug - Cardiovascular,2,100.0,99.72299169,NA,NA,NA,100,FALSE,FALSE,TRUE
syringol sulfate,syringol sulfate,100006256,Xenobiotics,Food Component/Plant,2,100.0,79.22437673,NA,NA,NA,100,FALSE,FALSE,TRUE
dopamine 4-sulfate,dopamine 4-sulfate,100006360,Amino Acid,Tyrosine Metabolism,3,79.60199005,44.87534626,79.60199005,50.69860279,NA,NA,FALSE,FALSE,TRUE
n-carbamoylalanine,N-carbamoylalanine,100006369,Amino Acid,Alanine and Aspartate Metabolism,2,5.294825511,4.524469067,NA,NA,NA,5.294825511,FALSE,FALSE,TRUE
3-methoxycatechol sulfate (2),3-methoxycatechol sulfate (2),100006376,Xenobiotics,Benzoate Metabolism,4,28.94211577,14.68144044,16.25207297,28.94211577,NA,18.61211392,FALSE,FALSE,TRUE
4-hydroxyphenylacetoylcarnitine,4-hydroxyphenylacetoylcarnitine,100006619,Amino Acid,Tyrosine Metabolism,4,23.2172471,10.52631579,23.2172471,19.56087824,NA,12.73565985,FALSE,FALSE,TRUE
phenol glucuronide,phenol glucuronide,100006679,Amino Acid,Tyrosine Metabolism,4,73.65269461,52.53924284,51.24378109,73.65269461,NA,34.03529884,FALSE,FALSE,TRUE
linoleoyl ethanolamide,linoleoyl ethanolamide,100006726,Lipid,Endocannabinoid,4,40.90489381,40.90489381,1.326699834,0.399201597,NA,11.09105495,FALSE,FALSE,TRUE
rocuronium,rocuronium,100006745,Xenobiotics,Drug - Neurological,1,99.9076639,99.9076639,NA,NA,NA,NA,FALSE,FALSE,TRUE
2-methylcitrate/homocitrate,2-methylcitrate/homocitrate,100008929,Energy,TCA Cycle,2,100.0,37.67313019,NA,NA,NA,100,FALSE,FALSE,TRUE
2-hydroxylaurate,2-hydroxylaurate,100008934,Lipid,Fatty Acid	 Monohydroxy,2,12.46537396,12.46537396,NA,NA,NA,3.369434416,FALSE,FALSE,TRUE
palmitoyl-linoleoyl-glycerol (16:0/18:2) [1],palmitoyl-linoleoyl-glycerol (16:0/18:2) [1]*,100009052,Lipid,Diacylglycerol,1,13.29639889,13.29639889,NA,NA,NA,NA,FALSE,FALSE,TRUE
1-oleoyl-2-docosahexaenoyl-gpe (18:1/22:6),1-oleoyl-2-docosahexaenoyl-GPE (18:1/22:6)*,100009220,Lipid,Phosphatidylethanolamine (PE),4,24.65373961,24.65373961,5.970149254,2.395209581,NA,13.17689531,FALSE,FALSE,TRUE
isocitric lactone,isocitric lactone,100009239,Energy,TCA Cycle,1,9.418282548,9.418282548,NA,NA,NA,NA,FALSE,FALSE,TRUE
glycocholate glucuronide (1),glycocholate glucuronide (1),100009259,Lipid,Primary Bile Acid Metabolism,1,78.76269621,78.76269621,NA,NA,NA,NA,FALSE,FALSE,TRUE
methylsuccinoylcarnitine,methylsuccinoylcarnitine,100009275,Amino Acid,Leucine	 Isoleucine and Valine Metabolism,4,4.332129964,0.646352724,,,NA,4.332129964,FALSE,FALSE,TRUE
14-hdohe/17-hdohe,14-HDoHE/17-HDoHE,100009278,Lipid,Docosanoid,1,5.078485688,5.078485688,NA,NA,NA,NA,FALSE,FALSE,TRUE
catechol glucuronide,catechol glucuronide,100009326,Amino Acid,Tyrosine Metabolism,1,63.34256694,63.34256694,NA,NA,NA,NA,FALSE,FALSE,TRUE
furaneol sulfate,furaneol sulfate,100009328,Xenobiotics,Food Component/Plant,1,68.51338873,68.51338873,NA,NA,NA,NA,FALSE,FALSE,TRUE
4-acetamidobenzoate,4-acetamidobenzoate,100009413,Xenobiotics,Chemical,1,87.90397045,87.90397045,NA,NA,NA,NA,FALSE,FALSE,TRUE
4-aminophenol sulfate (2),4-aminophenol sulfate (2),100010871,Xenobiotics,Drug - Analgesics	 Anesthetics,2,94.94584838,92.89012004,NA,NA,NA,94.94584838,FALSE,FALSE,TRUE
naringenin 7-glucuronide,naringenin 7-glucuronide,100010898,Xenobiotics,Food Component/Plant,4,92.01596806,90.85872576,89.38640133,92.01596806,NA,88.66827116,FALSE,FALSE,TRUE
palmitoyl-oleoyl-glycerol (16:0/18:1) [1],palmitoyl-oleoyl-glycerol (16:0/18:1) [1]*,100010916,Lipid,Diacylglycerol,1,49.58448753,49.58448753,NA,NA,NA,NA,FALSE,FALSE,TRUE
palmitoyl-oleoyl-glycerol (16:0/18:1) [2],palmitoyl-oleoyl-glycerol (16:0/18:1) [2]*,100010917,Lipid,Diacylglycerol,1,25.94644506,25.94644506,NA,NA,NA,NA,FALSE,FALSE,TRUE
oleoyl-oleoyl-glycerol (18:1/18:1) [1],oleoyl-oleoyl-glycerol (18:1/18:1) [1]*,100010918,Lipid,Diacylglycerol,1,16.06648199,16.06648199,NA,NA,NA,NA,FALSE,FALSE,TRUE
palmitoyl-arachidonoyl-glycerol (16:0/20:4) [1],palmitoyl-arachidonoyl-glycerol (16:0/20:4) [1]*,100010924,Lipid,Diacylglycerol,1,45.52169898,45.52169898,NA,NA,NA,NA,FALSE,FALSE,TRUE
palmitoyl-arachidonoyl-glycerol (16:0/20:4) [2],palmitoyl-arachidonoyl-glycerol (16:0/20:4) [2]*,100010925,Lipid,Diacylglycerol,1,50.78485688,50.78485688,NA,NA,NA,NA,FALSE,FALSE,TRUE
linoleoyl-linolenoyl-glycerol (18:2/18:3) [2],linoleoyl-linolenoyl-glycerol (18:2/18:3) [2]*,100010927,Lipid,Diacylglycerol,1,20.96029548,20.96029548,NA,NA,NA,NA,FALSE,FALSE,TRUE
palmitoleoyl-linoleoyl-glycerol (16:1/18:2) [1],palmitoleoyl-linoleoyl-glycerol (16:1/18:2) [1]*,100010930,Lipid,Diacylglycerol,2,100.0,25.94644506,NA,NA,NA,100,FALSE,FALSE,TRUE
stearoyl-arachidonoyl-glycerol (18:0/20:4) [1],stearoyl-arachidonoyl-glycerol (18:0/20:4) [1]*,100010949,Lipid,Diacylglycerol,1,43.49030471,43.49030471,NA,NA,NA,NA,FALSE,FALSE,TRUE
palmitoyl-docosahexaenoyl-glycerol (16:0/22:6) [1],palmitoyl-docosahexaenoyl-glycerol (16:0/22:6) [1]*,100015618,Lipid,Diacylglycerol,1,17.91320406,17.91320406,NA,NA,NA,NA,FALSE,FALSE,TRUE
n-behenoyl-sphingadienine (d18:2/22:0),N-behenoyl-sphingadienine (d18:2/22:0)*,100015624,Lipid,Ceramides,1,0.55401662,0.55401662,NA,NA,NA,NA,FALSE,FALSE,TRUE
n-palmitoylserine,N-palmitoylserine,100015640,Lipid,Endocannabinoid,4,63.47305389,34.71837488,46.10281924,63.47305389,NA,28.86081027,FALSE,FALSE,TRUE
n-nervonoyl-sphingadiene (d18:2/24:1),N-nervonoyl-sphingadiene (d18:2/24:1)*,100015699,Lipid,Ceramides,1,0.0,,NA,NA,NA,NA,FALSE,FALSE,TRUE
hexadecasphingosine (d16:1),hexadecasphingosine (d16:1)*,100015723,Lipid,Sphingosines,2,25.15042118,16.89750693,NA,NA,NA,25.15042118,FALSE,FALSE,TRUE
glycosyl-n-(2-hydroxynervonoyl)-sphingosine (d18:1/24:1(2oh)),glycosyl-N-(2-hydroxynervonoyl)-sphingosine (d18:1/24:1(2OH))*,100015752,Lipid,Hexosylceramides (HCER),2,5.447830102,5.447830102,NA,NA,NA,1.945447252,FALSE,FALSE,TRUE
erucoylcarnitine (c22:1),erucoylcarnitine (C22:1)*,100015841,Lipid,Fatty Acid Metabolism (Acyl Carnitine	 Monounsaturated),1,25.02308403,25.02308403,NA,NA,NA,NA,FALSE,FALSE,TRUE
docosapentaenoylcarnitine (c22:5n3),docosapentaenoylcarnitine (C22:5n3)*,100015851,Lipid,Fatty Acid Metabolism (Acyl Carnitine	 Polyunsaturated),2,24.56140351,24.56140351,NA,NA,NA,17.4488568,FALSE,FALSE,TRUE
cefpodoxime,cefpodoxime,100015892,Xenobiotics,Drug - Antibiotic,1,99.9076639,99.9076639,NA,NA,NA,NA,FALSE,FALSE,TRUE
morphine-3-glucuronide,morphine-3-glucuronide,100016052,Xenobiotics,Drug - Analgesics	 Anesthetics,2,99.9076639,99.9076639,NA,NA,NA,99.25792218,FALSE,FALSE,TRUE
3-hydroxyphenylacetoylglutamine,3-hydroxyphenylacetoylglutamine,100019831,Peptide,Acetylated Peptides,1,48.47645429,48.47645429,NA,NA,NA,NA,FALSE,FALSE,TRUE
methylnaphthyl sulfate (2),methylnaphthyl sulfate (2)*,100020006,Xenobiotics,Chemical,2,60.38908945,47.09141274,NA,NA,NA,60.38908945,FALSE,FALSE,TRUE
glucuronide of c10h18o2 (8),glucuronide of C10H18O2 (8)*,100020015,Partially Characterized Molecules,Partially Characterized Molecules,4,80.03992016,64.9122807,72.47097844,80.03992016,NA,72.78379462,FALSE,FALSE,TRUE
3-hydroxybutyroylglycine,3-hydroxybutyroylglycine**,100020211,Lipid,Fatty Acid Metabolism (Acyl Glycine),2,12.18836565,12.18836565,NA,NA,NA,0.521460088,FALSE,FALSE,TRUE
n-methylhydroxyproline,N-methylhydroxyproline**,100020215,Amino Acid,Urea cycle Arginine and Proline Metabolism,4,8.982035928,7.756232687,1.492537313,8.982035928,NA,7.541115122,FALSE,FALSE,TRUE
n4-acetyl-5-hydroxysulfamethoxazole,N4-acetyl-5-hydroxysulfamethoxazole*,100020244,Xenobiotics,Drug - Antibiotic,3,99.97994384,97.2299169,99.83416252,NA,NA,99.97994384,FALSE,FALSE,TRUE
glycine conjugate of c10h12o2,glycine conjugate of C10H12O2*,100020253,Partially Characterized Molecules,Partially Characterized Molecules,4,51.89620758,33.51800554,40.96185738,51.89620758,NA,10.00802246,FALSE,FALSE,TRUE
n-carbamoylvaline,N-carbamoylvaline,100020351,Amino Acid,Leucine	 Isoleucine and Valine Metabolism,1,14.77377655,14.77377655,NA,NA,NA,NA,FALSE,FALSE,TRUE
delta-cehc,delta-CEHC,100020416,Cofactors and Vitamins,Tocopherol Metabolism,2,100.0,32.87165282,NA,NA,NA,100,FALSE,FALSE,TRUE
glucuronide of piperine metabolite c17h21no3 (3),glucuronide of piperine metabolite C17H21NO3 (3)*,100020491,Xenobiotics,Food Component/Plant,4,52.35457064,52.35457064,14.26202322,12.5748503,NA,9.867629362,FALSE,FALSE,TRUE
cholic acid glucuronide,cholic acid glucuronide,100020549,Lipid,Primary Bile Acid Metabolism,4,45.70858283,45.52169898,32.8358209,45.70858283,NA,35.98074609,FALSE,FALSE,TRUE
2-hydroxyfluorene sulfate,2-hydroxyfluorene sulfate,100020585,Xenobiotics,Tobacco Metabolite,1,25.48476454,25.48476454,NA,NA,NA,NA,FALSE,FALSE,TRUE
pravastatin,pravastatin,100020676,Xenobiotics,Drug - Metabolic,1,99.53831948,99.53831948,NA,NA,NA,NA,FALSE,FALSE,TRUE
palmitoleamide (16:1),palmitoleamide (16:1)*,100020753,Lipid,Fatty Acid	 Amide,1,17.26685134,17.26685134,NA,NA,NA,NA,FALSE,FALSE,TRUE
heptadecenamide (17:1),heptadecenamide (17:1)*,100020759,Lipid,Fatty Acid	 Amide,1,18.55955679,18.55955679,NA,NA,NA,NA,FALSE,FALSE,TRUE
desmethylcitalopram,desmethylcitalopram*,100020790,Xenobiotics,Drug - Psychoactive,4,98.98430286,98.98430286,95.68822554,96.60678643,NA,96.32972323,FALSE,FALSE,TRUE
didesmethylcitalopram,didesmethylcitalopram*,100020791,Xenobiotics,Drug - Psychoactive,2,99.63065559,99.63065559,NA,NA,NA,98.87685519,FALSE,FALSE,TRUE
enalaprilat,enalaprilat*,100020800,Xenobiotics,Drug - Cardiovascular,2,98.52262235,98.52262235,NA,NA,NA,97.9342158,FALSE,FALSE,TRUE
3-ethylcatechol sulfate (2),3-ethylcatechol sulfate (2),100020852,Xenobiotics,Food Component/Plant,4,100.0,37.58079409,84.41127695,89.62075848,NA,100,FALSE,FALSE,TRUE
glyburide,glyburide,100020883,Xenobiotics,Drug - Metabolic,2,100.0,99.63065559,NA,NA,NA,100,FALSE,FALSE,TRUE
fibrinopeptide a (2-15),Fibrinopeptide A (2-15)**,100020902,Peptide,Fibrinogen Cleavage Peptide,1,98.61495845,98.61495845,NA,NA,NA,NA,FALSE,FALSE,TRUE
fibrinopeptide a (3-16),Fibrinopeptide A (3-16)**,100020903,Peptide,Fibrinogen Cleavage Peptide,1,97.59926131,97.59926131,NA,NA,NA,NA,FALSE,FALSE,TRUE
fibrinopeptide b (1-11),Fibrinopeptide B (1-11)**,100020912,Peptide,Fibrinogen Cleavage Peptide,1,99.9076639,99.9076639,NA,NA,NA,NA,FALSE,FALSE,TRUE
tamoxifen,tamoxifen,100021080,Xenobiotics,Drug - Antineoplastic,4,99.9076639,99.9076639,99.50248756,99.6007984,NA,99.73926996,FALSE,FALSE,TRUE
glu-gly-asn-val,glu-gly-asn-val**,100021107,Peptide,Polypeptide,1,99.9076639,99.9076639,NA,NA,NA,NA,FALSE,FALSE,TRUE
3-decenoylcarnitine,3-decenoylcarnitine,100021136,Lipid,Fatty Acid Metabolism (Acyl Carnitine	 Monounsaturated),1,26.13111727,26.13111727,NA,NA,NA,NA,FALSE,FALSE,TRUE
4-ethyl-2-methoxyphenol sulfate,4-ethyl-2-methoxyphenol sulfate,100021686,Xenobiotics,Food Component/Plant,2,84.79743281,70.72945522,NA,NA,NA,84.79743281,FALSE,FALSE,TRUE
n-acetyl-2-aminoadipate,N-acetyl-2-aminoadipate,100021760,Amino Acid,Lysine Metabolism,4,23.35329341,7.663896584,2.487562189,23.35329341,NA,6.257521059,FALSE,FALSE,TRUE
torasemide,torasemide,100021794,Xenobiotics,Drug - Cardiovascular,1,99.9076639,99.9076639,NA,NA,NA,NA,FALSE,FALSE,TRUE
2-methoxyhydroquinone sulfate (1),2-methoxyhydroquinone sulfate (1),100021839,Xenobiotics,Benzoate Metabolism,4,31.34777377,28.16251154,24.54394693,30.53892216,NA,31.34777377,FALSE,FALSE,TRUE
2-methoxyhydroquinone sulfate (2),2-methoxyhydroquinone sulfate (2),100021840,Xenobiotics,Benzoate Metabolism,4,69.06187625,53.9242844,66.83250415,69.06187625,NA,59.74729242,FALSE,FALSE,TRUE
x-11378,X-11378,999911378,NA,NA,4,2.770083102,2.770083102,0.165837479,,NA,2.767749699,FALSE,FALSE,TRUE
x-11407,X-11407,999911407,NA,NA,3,49.9001996,,39.63515755,49.9001996,NA,NA,FALSE,FALSE,TRUE
x - 12125,X - 12125,999912125,NA,NA,1,49.30747922,49.30747922,NA,NA,NA,NA,FALSE,FALSE,TRUE
x - 12199,X - 12199,999912199,NA,NA,1,34.90304709,34.90304709,NA,NA,NA,NA,FALSE,FALSE,TRUE
x - 12221,X - 12221,999912221,NA,NA,2,100.0,26.59279778,NA,NA,NA,100,FALSE,FALSE,TRUE
x - 12410,X - 12410,999912410,NA,NA,2,12.65004617,12.65004617,NA,NA,NA,11.79302046,FALSE,FALSE,TRUE
x - 12701,X - 12701,999912701,NA,NA,1,66.29732225,66.29732225,NA,NA,NA,NA,FALSE,FALSE,TRUE
x - 12714,X - 12714,999912714,NA,NA,1,43.39796861,43.39796861,NA,NA,NA,NA,FALSE,FALSE,TRUE
x - 12718,X - 12718,999912718,NA,NA,1,38.59649123,38.59649123,NA,NA,NA,NA,FALSE,FALSE,TRUE
x - 12731,X - 12731,999912731,NA,NA,1,35.45706371,35.45706371,NA,NA,NA,NA,FALSE,FALSE,TRUE
x - 12738,X - 12738,999912738,NA,NA,2,100.0,25.57710065,NA,NA,NA,100,FALSE,FALSE,TRUE
x-12839,X-12839,999912839,NA,NA,4,58.08383234,55.58633426,18.57379768,58.08383234,NA,26.3136783,FALSE,FALSE,TRUE
x - 13688,X - 13688,999913688,NA,NA,1,79.40904894,79.40904894,NA,NA,NA,NA,FALSE,FALSE,TRUE
x-13695,X-13695,999913695,NA,NA,4,100.0,29.45521699,66.83250415,71.85628743,NA,100,FALSE,FALSE,TRUE
x - 13723,X - 13723,999913723,NA,NA,2,100.0,61.77285319,NA,NA,NA,100,FALSE,FALSE,TRUE
x - 13846,X - 13846,999913846,NA,NA,1,80.9787627,80.9787627,NA,NA,NA,NA,FALSE,FALSE,TRUE
x - 14082,X - 14082,999914082,NA,NA,2,100.0,40.07386888,NA,NA,NA,100,FALSE,FALSE,TRUE
x - 14904,X - 14904,999914904,NA,NA,1,46.44506002,46.44506002,NA,NA,NA,NA,FALSE,FALSE,TRUE
x-15220,X-15220,999915220,NA,NA,3,81.42620232,6.278855032,81.42620232,60.47904192,NA,NA,FALSE,FALSE,TRUE
x - 17162,X - 17162,999917162,NA,NA,1,71.83748846,71.83748846,NA,NA,NA,NA,FALSE,FALSE,TRUE
x - 17361,X - 17361,999917361,NA,NA,2,100.0,70.72945522,NA,NA,NA,100,FALSE,FALSE,TRUE
x - 17398,X - 17398,999917398,NA,NA,2,100.0,89.93536473,NA,NA,NA,100,FALSE,FALSE,TRUE
x-18240,X-18240,999918240,NA,NA,3,94.01197605,68.97506925,76.11940299,94.01197605,NA,NA,FALSE,FALSE,TRUE
x-18888,X-18888,999918888,NA,NA,4,40.4432133,40.4432133,10.61359867,38.92215569,NA,7.160048135,FALSE,FALSE,TRUE
x-19183,X-19183,999919183,NA,NA,4,68.26347305,58.44875346,67.49585406,68.26347305,NA,58.04251905,FALSE,FALSE,TRUE
x - 21628,X - 21628,999921628,NA,NA,1,97.59926131,97.59926131,NA,NA,NA,NA,FALSE,FALSE,TRUE
x - 21807,X - 21807,999921807,NA,NA,2,100.0,42.65927978,NA,NA,NA,100,FALSE,FALSE,TRUE
x - 21838,X - 21838,999921838,NA,NA,1,97.2299169,97.2299169,NA,NA,NA,NA,FALSE,FALSE,TRUE
x-21840,X-21840,999921840,NA,NA,4,61.68051708,61.68051708,54.22885572,46.50698603,NA,36.26153229,FALSE,FALSE,TRUE
x - 21842,X - 21842,999921842,NA,NA,2,46.35272392,46.35272392,NA,NA,NA,29.16165263,FALSE,FALSE,TRUE
x-21845,X-21845,999921845,NA,NA,4,60.57248384,60.57248384,60.0331675,56.48702595,NA,34.03529884,FALSE,FALSE,TRUE
x - 21959,X - 21959,999921959,NA,NA,1,21.32963989,21.32963989,NA,NA,NA,NA,FALSE,FALSE,TRUE
x - 23276,X - 23276,999923276,NA,NA,1,16.52816251,16.52816251,NA,NA,NA,NA,FALSE,FALSE,TRUE
x - 23648,X - 23648,999923648,NA,NA,1,12.92705448,12.92705448,NA,NA,NA,NA,FALSE,FALSE,TRUE
x-23666,X-23666,999923666,NA,NA,3,7.386888273,7.386888273,3.980099502,3.393213573,NA,NA,FALSE,FALSE,TRUE
x-23678,X-23678,999923678,NA,NA,4,43.02862419,43.02862419,4.47761194,12.9740519,NA,23.28519856,FALSE,FALSE,TRUE
x - 23984,X - 23984,999923984,NA,NA,1,53.09325946,53.09325946,NA,NA,NA,NA,FALSE,FALSE,TRUE
x - 24344,X - 24344,999924344,NA,NA,2,43.00040112,22.43767313,NA,NA,NA,43.00040112,FALSE,FALSE,TRUE
x-24422,X-24422,999924422,NA,NA,3,7.984031936,4.06278855,6.633499171,7.984031936,NA,NA,FALSE,FALSE,TRUE
x-24425,X-24425,999924425,NA,NA,4,29.2218211,2.308402585,2.487562189,20.95808383,NA,29.2218211,FALSE,FALSE,TRUE
x - 24431,X - 24431,999924431,NA,NA,1,2.216066482,2.216066482,NA,NA,NA,NA,FALSE,FALSE,TRUE
x - 24432,X - 24432,999924432,NA,NA,1,28.43951985,28.43951985,NA,NA,NA,NA,FALSE,FALSE,TRUE
x - 24462,X - 24462,999924462,NA,NA,2,27.42382271,27.42382271,NA,NA,NA,20.45728039,FALSE,FALSE,TRUE
x - 24541,X - 24541,999924541,NA,NA,1,73.59187442,73.59187442,NA,NA,NA,NA,FALSE,FALSE,TRUE
x - 24549,X - 24549,999924549,NA,NA,2,41.64358264,41.64358264,NA,NA,NA,29.06137184,FALSE,FALSE,TRUE
x - 24576,X - 24576,999924576,NA,NA,1,99.44598338,99.44598338,NA,NA,NA,NA,FALSE,FALSE,TRUE
x - 24577,X - 24577,999924577,NA,NA,1,99.44598338,99.44598338,NA,NA,NA,NA,FALSE,FALSE,TRUE
x - 24581,X - 24581,999924581,NA,NA,1,99.63065559,99.63065559,NA,NA,NA,NA,FALSE,FALSE,TRUE
x - 24582,X - 24582,999924582,NA,NA,1,99.53831948,99.53831948,NA,NA,NA,NA,FALSE,FALSE,TRUE
x - 24669,X - 24669,999924669,NA,NA,1,68.23638042,68.23638042,NA,NA,NA,NA,FALSE,FALSE,TRUE
x - 24747,X - 24747,999924747,NA,NA,1,25.66943675,25.66943675,NA,NA,NA,NA,FALSE,FALSE,TRUE
x - 25805,X - 25805,999925805,NA,NA,2,100.0,79.03970452,NA,NA,NA,100,FALSE,FALSE,TRUE
x-25957,X-25957,999925957,NA,NA,4,47.70459082,1.754385965,,47.70459082,NA,6.417970317,FALSE,FALSE,TRUE
x - 26097,X - 26097,999926097,NA,NA,1,0.27700831,0.27700831,NA,NA,NA,NA,FALSE,FALSE,TRUE
x-26106,X-26106,999926106,NA,NA,4,60.16847172,18.8365651,0.331674959,0.399201597,NA,60.16847172,FALSE,FALSE,TRUE
x - 26109,X - 26109,999926109,NA,NA,2,61.11111111,15.60480148,NA,NA,NA,61.11111111,FALSE,FALSE,TRUE
x-26119,X-26119,999926119,NA,NA,4,62.53509828,6.740535549,0.165837479,2.395209581,NA,62.53509828,FALSE,FALSE,TRUE
tetracycline,Tetracycline,100000690,Xenobiotics,Drug - Antibiotic,1,99.4011976,NA,NA,99.4011976,NA,NA,FALSE,FALSE,TRUE
nc(nc)=o,NC(NC)=O,100001401,Amino Acid,"""Urea cycle",2,43.91217565,NA,24.87562189,43.91217565,NA,NA,FALSE,FALSE,TRUE
"3beta,7beta-dihydroxy-5-cholestenoate","3beta,7beta-dihydroxy-5-cholestenoate",100001774,Lipid,Sterol,2,0.0,NA,,,NA,NA,FALSE,FALSE,TRUE
celecoxib,celecoxib,100002805,Xenobiotics,"Drug - Analgesics, Anesthetics",2,99.81949458,NA,NA,99.8003992,NA,99.81949458,FALSE,FALSE,TRUE
4-oxo-retinoic acid,4-oxo-retinoic acid,100002825,Cofactors and Vitamins,Vitamin A Metabolism,3,14.37125749,NA,5.970149254,14.37125749,NA,4.773365423,FALSE,FALSE,TRUE
n-methyl-gaba,N-methyl-GABA,100003152,Amino Acid,Glutamate Metabolism,2,11.27694859,NA,11.27694859,7.784431138,NA,NA,FALSE,FALSE,TRUE
cis-urocanate,cis-urocanate,100003425,Amino Acid,Histidine Metabolism,2,71.05788423,NA,45.43946932,71.05788423,NA,NA,FALSE,FALSE,TRUE
daidzein sulfate (2),daidzein sulfate (2),100006363,Xenobiotics,Food Component/Plant,3,100.0,NA,95.1907131,88.22355289,NA,100,FALSE,FALSE,TRUE
n-desmethyl tramadol,N-desmethyl tramadol,100006384,Xenobiotics,"Drug - Analgesics, Anesthetics",3,99.33665008,NA,99.33665008,99.20159681,NA,99.2980345,FALSE,FALSE,TRUE
1-oleoyl-2-arachidonoyl-gpe (18:1/20:4),1-oleoyl-2-arachidonoyl-GPE (18:1/20:4)*,100009219,Lipid,Phosphatidylethanolamine (PE),3,13.97205589,NA,7.628524046,13.97205589,NA,5.876454071,FALSE,FALSE,TRUE
linoleoyl-docosahexaenoyl-glycerol (18:2/22:6) [1],linoleoyl-docosahexaenoyl-glycerol (18:2/22:6) [1]*,100010928,Lipid,Diacylglycerol,2,20.15968064,NA,9.286898839,20.15968064,NA,NA,FALSE,FALSE,TRUE
1-cerotoyl-gpc (26:0),1-cerotoyl-GPC (26:0)*,100015772,Lipid,Lysophospholipid,3,54.3946932,NA,54.3946932,21.15768463,NA,39.35018051,FALSE,FALSE,TRUE
n-stearoylserine,N-stearoylserine*,100019957,Lipid,Endocannabinoid,3,68.26347305,NA,31.67495854,68.26347305,NA,18.19093462,FALSE,FALSE,TRUE
levulinoylcarnitine,levulinoylcarnitine,100021140,Xenobiotics,Food Component/Plant,3,51.57545605,NA,51.57545605,46.70658683,NA,40.13237064,FALSE,FALSE,TRUE
citronellic acid,citronellic acid,100021673,Lipid,"Fatty Acid, Branched",2,0.663349917,NA,0.663349917,0.199600798,NA,NA,FALSE,FALSE,TRUE
perfluorohexanesulfonic acid,perfluorohexanesulfonic acid,100022172,Xenobiotics,Chemical,2,0.199600798,NA,,0.199600798,NA,NA,FALSE,FALSE,TRUE
x-12823,X-12823,999912823,NA,NA,2,71.65668663,NA,68.32504146,71.65668663,NA,NA,FALSE,FALSE,TRUE
x-16576,X-16576,999916576,NA,NA,3,100.0,NA,65.33996683,27.34530938,NA,100,FALSE,FALSE,TRUE
x-17612,X-17612,999917612,NA,NA,3,10.57884232,NA,4.64344942,10.57884232,NA,9.687123947,FALSE,FALSE,TRUE
x-21283,X-21283,999921283,NA,NA,2,12.9740519,NA,1.824212272,12.9740519,NA,NA,FALSE,FALSE,TRUE
x-21742,X-21742,999921742,NA,NA,3,45.43946932,NA,45.43946932,37.7245509,NA,31.26754914,FALSE,FALSE,TRUE
x-23583,X-23583,999923583,NA,NA,3,100.0,NA,22.05638474,25.1497006,NA,100,FALSE,FALSE,TRUE
x-24243,X-24243,999924243,NA,NA,3,100.0,NA,22.55389718,16.36726547,NA,100,FALSE,FALSE,TRUE
x-24357,X-24357,999924357,NA,NA,2,1.824212272,NA,1.824212272,1.19760479,NA,NA,FALSE,FALSE,TRUE
x-24411,X-24411,999924411,NA,NA,3,34.05535499,NA,16.58374793,11.57684631,NA,34.05535499,FALSE,FALSE,TRUE
x-24545,X-24545,999924545,NA,NA,2,64.27145709,NA,61.35986733,64.27145709,NA,NA,FALSE,FALSE,TRUE
x-24975,X-24975,999924975,NA,NA,2,93.69817579,NA,93.69817579,78.24351297,NA,NA,FALSE,FALSE,TRUE
x-24978,X-24978,999924978,NA,NA,2,15.76846307,NA,7.794361526,15.76846307,NA,NA,FALSE,FALSE,TRUE
x-25044,X-25044,999925044,NA,NA,2,57.87728027,NA,57.87728027,52.29540918,NA,NA,FALSE,FALSE,TRUE
x-25172,X-25172,999925172,NA,NA,3,13.53790614,NA,0.165837479,,NA,13.53790614,FALSE,FALSE,TRUE
x-25406,X-25406,999925406,NA,NA,2,14.92537313,NA,14.92537313,6.586826347,NA,NA,FALSE,FALSE,TRUE
x-25455,X-25455,999925455,NA,NA,2,9.181636727,NA,4.64344942,9.181636727,NA,NA,FALSE,FALSE,TRUE
x-25542,X-25542,999925542,NA,NA,2,51.24378109,NA,51.24378109,47.70459082,NA,NA,FALSE,FALSE,TRUE
x-26008,X-26008,999926008,NA,NA,2,0.998003992,NA,0.829187396,0.998003992,NA,NA,FALSE,FALSE,TRUE
x-26054,X-26054,999926054,NA,NA,2,0.598802395,NA,0.497512438,0.598802395,NA,NA,FALSE,FALSE,TRUE
folate,folate,328,Cofactors and Vitamins,Folate Metabolism,1,99.66832504,NA,99.66832504,NA,NA,NA,FALSE,FALSE,TRUE
lactose,lactose,393,Carbohydrate,Disaccharides and Oligosaccharides,1,100.0,NA,NA,NA,NA,100,FALSE,FALSE,TRUE
guanosine,guanosine,1099,Nucleotide,"Purine Metabolism, Guanine containing",1,100.0,NA,NA,NA,NA,100,FALSE,FALSE,TRUE
valerate (5:0),valerate (5:0),1136,Lipid,Short Chain Fatty Acid,1,100.0,NA,NA,NA,NA,100,FALSE,FALSE,TRUE
indomethacin,indomethacin,1386,Xenobiotics,"Drug - Analgesics, Anesthetics",1,99.97994384,NA,NA,NA,NA,99.97994384,FALSE,FALSE,TRUE
1-methylguanidine,1-methylguanidine,100000715,Amino Acid,Guanidino and Acetamido Metabolism,1,100.0,NA,NA,NA,NA,100,FALSE,FALSE,TRUE
dextromethorphan,dextromethorphan,100000740,Xenobiotics,Drug - Respiratory,1,100.0,NA,NA,NA,NA,100,FALSE,FALSE,TRUE
2-hydroxybutyrate (ahb),2-hydroxybutyrate (AHB),100000933,Amino Acid,Glutathione Metabolism,1,100.0,NA,NA,NA,NA,100,FALSE,FALSE,TRUE
7-ketodeoxycholate,7-ketodeoxycholate,100001063,Lipid,Secondary Bile Acid Metabolism,1,100.0,NA,NA,NA,NA,100,FALSE,FALSE,TRUE
pioglitazone,pioglitazone,100001317,Xenobiotics,Drug - Metabolic,1,99.97994384,NA,NA,NA,NA,99.97994384,FALSE,FALSE,TRUE
na,NA,100001334,Amino Acid,Urea cycle,1,44.24388287,NA,NA,NA,NA,44.24388287,FALSE,FALSE,TRUE
glycerophosphoglycerol,glycerophosphoglycerol,100001619,Lipid,Glycerolipid Metabolism,1,100.0,NA,NA,NA,NA,100,FALSE,FALSE,TRUE
ticlopidine,ticlopidine,100001932,Xenobiotics,Drug - Cardiovascular,1,100.0,NA,NA,NA,NA,100,FALSE,FALSE,TRUE
nimesulide,Nimesulide,100002072,Xenobiotics,"Drug - Analgesics, Anesthetics",1,100.0,NA,NA,NA,NA,100,FALSE,FALSE,TRUE
5-methylthioribose,5-methylthioribose**,100002103,Amino Acid,"Methionine, Cysteine, SAM and Taurine Metabolism",1,100.0,NA,NA,NA,NA,100,FALSE,FALSE,TRUE
paroxetine,paroxetine,100003442,Xenobiotics,Drug - Psychoactive,1,99.83955074,NA,NA,NA,NA,99.83955074,FALSE,FALSE,TRUE
triamterene,triamterene,100003968,Xenobiotics,Drug - Cardiovascular,1,100.0,NA,NA,NA,NA,100,FALSE,FALSE,TRUE
cimetidine,cimetidine,100004011,Xenobiotics,Drug - Gastrointestinal,1,100.0,NA,NA,NA,NA,100,FALSE,FALSE,TRUE
ketopioglitazone,ketopioglitazone,100004176,Xenobiotics,Drug - Metabolic,1,99.97994384,NA,NA,NA,NA,99.97994384,FALSE,FALSE,TRUE
1-arachidonoyl-gpa (20:4),1-arachidonoyl-GPA (20:4),100004442,Lipid,Lysophospholipid,1,100.0,NA,NA,NA,NA,100,FALSE,FALSE,TRUE
olmesartan,olmesartan,100006239,Xenobiotics,Drug - Cardiovascular,1,100.0,NA,NA,NA,NA,100,FALSE,FALSE,TRUE
rosiglitazone,rosiglitazone,100006439,Xenobiotics,Drug - Metabolic,1,100.0,NA,NA,NA,NA,100,FALSE,FALSE,TRUE
solifenacin,solifenacin,100008973,Xenobiotics,Drug - Other,1,99.87966306,NA,NA,NA,NA,99.87966306,FALSE,FALSE,TRUE
"1,2-dilinoleoyl-gpe (18:2/18:2)","1,2-dilinoleoyl-GPE (18:2/18:2)*",100009217,Lipid,Phosphatidylethanolamine (PE),1,100.0,NA,NA,NA,NA,100,FALSE,FALSE,TRUE
linoleoyl-linoleoyl-glycerol (18:2/18:2) [1],linoleoyl-linoleoyl-glycerol (18:2/18:2) [1]*,100010941,Lipid,Diacylglycerol,1,66.70677898,NA,NA,NA,NA,66.70677898,FALSE,FALSE,TRUE
2-hydroxynervonate,2-hydroxynervonate*,100015638,Lipid,"Fatty Acid, Monohydroxy",1,100.0,NA,NA,NA,NA,100,FALSE,FALSE,TRUE
glycosyl-n-tricosanoyl-sphingadienine (d18:2/23:0),glycosyl-N-tricosanoyl-sphingadienine (d18:2/23:0)*,100015748,Lipid,Hexosylceramides (HCER),1,100.0,NA,NA,NA,NA,100,FALSE,FALSE,TRUE
metoclopramide,metoclopramide,100015782,Xenobiotics,Drug - Gastrointestinal,1,100.0,NA,NA,NA,NA,100,FALSE,FALSE,TRUE
"isobar: erythronic acid, threonic acid","Isobar: erythronic acid, threonic acid",100016035,Cofactors and Vitamins,Ascorbate and Aldarate Metabolism,1,100.0,NA,NA,NA,NA,100,FALSE,FALSE,TRUE
glucuronide of c12h22o4 (1),glucuronide of C12H22O4 (1)*,100019984,Partially Characterized Molecules,Partially Characterized Molecules,1,100.0,NA,NA,NA,NA,100,FALSE,FALSE,TRUE
resveratrol sulfate (1),resveratrol sulfate (1)*,100020245,Xenobiotics,Food Component/Plant,1,97.81387886,NA,NA,NA,NA,97.81387886,FALSE,FALSE,TRUE
resveratrol disulfate (1),resveratrol disulfate (1)*,100020247,Xenobiotics,Food Component/Plant,1,86.1612515,NA,NA,NA,NA,86.1612515,FALSE,FALSE,TRUE
resveratrol disulfate (2),resveratrol disulfate (2)*,100020248,Xenobiotics,Food Component/Plant,1,89.33012435,NA,NA,NA,NA,89.33012435,FALSE,FALSE,TRUE
methyl vanillate sulfate,methyl vanillate sulfate,100020622,Xenobiotics,Food Component/Plant,1,65.14239872,NA,NA,NA,NA,65.14239872,FALSE,FALSE,TRUE
tauroursodeoxycholic acid sulfate (1),tauroursodeoxycholic acid sulfate (1),100020844,Lipid,Secondary Bile Acid Metabolism,1,100.0,NA,NA,NA,NA,100,FALSE,FALSE,TRUE
donepezil,donepezil,100020877,Xenobiotics,Drug - Neurological,1,100.0,NA,NA,NA,NA,100,FALSE,FALSE,TRUE
glimepiride,Glimepiride,100020885,Xenobiotics,Drug - Metabolic,1,100.0,NA,NA,NA,NA,100,FALSE,FALSE,TRUE
meloxicam,meloxicam,100020907,Xenobiotics,"Drug - Analgesics, Anesthetics",1,99.95988769,NA,NA,NA,NA,99.95988769,FALSE,FALSE,TRUE
azathioprine,azathioprine,100021074,Xenobiotics,Drug - Antineoplastic,1,100.0,NA,NA,NA,NA,100,FALSE,FALSE,TRUE
dibutyl sulfosuccinate,dibutyl sulfosuccinate,100021538,Xenobiotics,Chemical,1,100.0,NA,NA,NA,NA,100,FALSE,FALSE,TRUE
acetazolamide,acetazolamide,100021792,Xenobiotics,Drug - Cardiovascular,1,99.95988769,NA,NA,NA,NA,99.95988769,FALSE,FALSE,TRUE
neopentyl glycol sebacate,neopentyl glycol sebacate**,100022016,Xenobiotics,Chemical,1,100.0,NA,NA,NA,NA,100,FALSE,FALSE,TRUE
neopentyl glycol glutarate,neopentyl glycol glutarate**,100022024,Xenobiotics,Chemical,1,100.0,NA,NA,NA,NA,100,FALSE,FALSE,TRUE
x - 11578,X - 11578,999911578,NA,NA,1,100.0,NA,NA,NA,NA,100,FALSE,FALSE,TRUE
x - 12818,X - 12818,999912818,NA,NA,1,100.0,NA,NA,NA,NA,100,FALSE,FALSE,TRUE
x - 17365,X - 17365,999917365,NA,NA,1,46.71079021,NA,NA,NA,NA,46.71079021,FALSE,FALSE,TRUE
x - 17765,X - 17765,999917765,NA,NA,1,100.0,NA,NA,NA,NA,100,FALSE,FALSE,TRUE
x - 21740,X - 21740,999921740,NA,NA,1,0.381066988,NA,NA,NA,NA,0.381066988,FALSE,FALSE,TRUE
x - 23786,X - 23786,999923786,NA,NA,1,100.0,NA,NA,NA,NA,100,FALSE,FALSE,TRUE
x - 24928,X - 24928,999924928,NA,NA,1,100.0,NA,NA,NA,NA,100,FALSE,FALSE,TRUE
x - 25452,X - 25452,999925452,NA,NA,1,100.0,NA,NA,NA,NA,100,FALSE,FALSE,TRUE
riboflavin (vitamin b2),riboflavin (Vitamin B2),500,Cofactors and Vitamins,Riboflavin Metabolism,1,4.592860008,NA,NA,NA,NA,4.592860008,FALSE,FALSE,TRUE
thymine,thymine,882,Nucleotide,"Pyrimidine Metabolism, Thymine containing",1,91.61652627,NA,NA,NA,NA,91.61652627,FALSE,FALSE,TRUE
"1,2,3-benzenetriol sulfate (1)","1,2,3-benzenetriol sulfate (1)",100006373,Xenobiotics,Chemical,1,83.51383875,NA,NA,NA,NA,83.51383875,FALSE,FALSE,TRUE
ezetimibe glucuronide,ezetimibe glucuronide*,100020801,Xenobiotics,Drug - Metabolic,1,99.83955074,NA,NA,NA,NA,99.83955074,FALSE,FALSE,TRUE
x - 15674,X - 15674,999915674,NA,NA,1,4.372242278,NA,NA,NA,NA,4.372242278,FALSE,FALSE,TRUE
hydroxyurea,hydroxyurea,100000903,Xenobiotics,Drug - Antineoplastic,1,99.95988769,NA,NA,NA,NA,99.95988769,FALSE,FALSE,TRUE
morphine,morphine,100000911,Xenobiotics,"Drug - Analgesics, Anesthetics",1,99.89971921,NA,NA,NA,NA,99.89971921,FALSE,FALSE,TRUE
o-acetylhomoserine,O-acetylhomoserine,100001129,Amino Acid,"Glycine, Serine and Threonine Metabolism",1,15.26273566,NA,NA,NA,NA,15.26273566,FALSE,FALSE,TRUE
gamma-carboxyglutamate,gamma-carboxyglutamate,100002679,Amino Acid,Glutamate Metabolism,1,0.100280786,NA,NA,NA,NA,0.100280786,FALSE,FALSE,TRUE
alpha-cehc glucuronide,alpha-CEHC glucuronide*,100003101,Cofactors and Vitamins,Tocopherol Metabolism,1,63.85880465,NA,NA,NA,NA,63.85880465,FALSE,FALSE,TRUE
equol sulfate,equol sulfate,100003429,Xenobiotics,Food Component/Plant,1,86.12113919,NA,NA,NA,NA,86.12113919,FALSE,FALSE,TRUE
hydroxypioglitazone (m-iv),hydroxypioglitazone (M-IV),100004177,Xenobiotics,Drug - Metabolic,1,99.97994384,NA,NA,NA,NA,99.97994384,FALSE,FALSE,TRUE
morphine-6-glucuronide,morphine-6-glucuronide,100016053,Xenobiotics,"Drug - Analgesics, Anesthetics",1,99.83955074,NA,NA,NA,NA,99.83955074,FALSE,FALSE,TRUE
lamivudine,lamivudine,100020918,Xenobiotics,Drug - Antiviral,1,99.97994384,NA,NA,NA,NA,99.97994384,FALSE,FALSE,TRUE
(s)-a-amino-omega-caprolactam,(S)-a-amino-omega-caprolactam,100021329,Xenobiotics,Food Component/Plant,1,2.527075812,NA,NA,NA,NA,2.527075812,FALSE,FALSE,TRUE
carnitine of c10h14o2 (5),carnitine of C10H14O2 (5)*,100021678,Partially Characterized Molecules,Partially Characterized Molecules,1,27.75772162,NA,NA,NA,NA,27.75772162,FALSE,FALSE,TRUE
x - 12096,X - 12096,999912096,NA,NA,1,31.66867228,NA,NA,NA,NA,31.66867228,FALSE,FALSE,TRUE
x - 21829,X - 21829,999921829,NA,NA,1,0.601684717,NA,NA,NA,NA,0.601684717,FALSE,FALSE,TRUE
x - 24578,X - 24578,999924578,NA,NA,1,99.95988769,NA,NA,NA,NA,99.95988769,FALSE,FALSE,TRUE
x - 26107,X - 26107,999926107,NA,NA,1,60.81026875,NA,NA,NA,NA,60.81026875,FALSE,FALSE,TRUE
methotrexate,methotrexate,100000081,Xenobiotics,Drug - Antineoplastic,1,99.97994384,NA,NA,NA,NA,99.97994384,FALSE,FALSE,TRUE
guaifenesin,guaifenesin,100004286,Xenobiotics,Drug - Respiratory,1,99.97994384,NA,NA,NA,NA,99.97994384,FALSE,FALSE,TRUE
palmitoloelycholine,palmitoloelycholine,100009334,Lipid,Fatty Acid Metabolism (Acyl Choline),1,62.93622142,NA,NA,NA,NA,62.93622142,FALSE,FALSE,TRUE
n-acetyl-4-chlorophenylalanine,N-acetyl-4-chlorophenylalanine,100021787,Xenobiotics,Chemical,1,39.97192138,NA,NA,NA,NA,39.97192138,FALSE,FALSE,TRUE
