normalized_name,metabolite_name,hmdb_id,smiles,average_molecular_weight,monoisotopic_molecular_weight,srm1950_instrument_type,srm1950_classification,srm1950_reference,source_srm1950_db,nist_srm1950,serum_evidence,hmdb_biofluid,endogenous_hint
cholic acid,Cholic acid,HMDB0000619,C[C@H](CCC(O)=O)[C@H]1CC[C@H]2[C@@H]3[C@H](O)C[C@@H]4C[C@H](O)CC[C@]4(C)[C@H]3C[C@H](O)[C@]12C,408.5714,408.287574390,LC-MS/MS,Steroids and steroid derivatives,Internal Work,TRUE,TRUE,TRUE,TRUE,TRUE
deoxycholic acid,Deoxycholic acid,HMDB0000626,[H][C@@]1(CC[C@@]2([H])[C@]3([H])CC[C@]4([H])C[C@H](O)CC[C@]4(C)[C@@]3([H])C[C@H](O)[C@]12C)[C@H](C)CCC(O)=O,392.5720,392.292659800,LC-MS/MS,"Bile acids, alcohols and derivatives",Internal Work,TRUE,TRUE,TRUE,TRUE,TRUE
lithocholic acid,Lithocholic acid,HMDB0000761,[H][C@@]1(CC[C@@]2([H])[C@]3([H])CC[C@]4([H])C[C@H](O)CC[C@]4(C)[C@@]3([H])CC[C@]12C)[C@H](C)CCC(O)=O,376.5726,376.297745100,LC-MS/MS,"Bile acids, alcohols and derivatives",Internal Work,TRUE,TRUE,TRUE,TRUE,TRUE
allocholic acid,Allocholic acid,HMDB0000505,[H][C@@]1(CC[C@@]2([H])[C@]3([H])[C@H](O)C[C@@]4([H])C[C@H](O)CC[C@]4(C)[C@@]3([H])C[C@H](O)[C@]12C)[C@H](C)CCC(O)=O,408.5790,408.287574400,LC-MS/MS,"Bile acids, alcohols and derivatives",Internal Work,TRUE,TRUE,TRUE,TRUE,TRUE
chenodeoxycholic acid,Chenodeoxycholic acid,HMDB0000518,[H][C@@]1(CC[C@@]2([H])[C@]3([H])[C@H](O)C[C@]4([H])C[C@H](O)CC[C@]4(C)[C@@]3([H])CC[C@]12C)[C@H](C)CCC(O)=O,392.5720,392.292659800,LC-MS/MS,"Bile acids, alcohols and derivatives",Internal Work,TRUE,TRUE,TRUE,TRUE,TRUE
dehydrocholic acid,Dehydrocholic acid,HMDB0304121,CC(CCC([O-])=O)C1CCC2C3C(O)CC4CC(=O)CCC4(C)C3CC(O)C12C,405.5560,405.264647900,LC-MS/MS,"Bile acids, alcohols and derivatives",Internal Work,TRUE,TRUE,TRUE,TRUE,TRUE
12-ketolithocholic acid,12-Ketolithocholic acid,HMDB0000328,[H][C@@]1(CC[C@@]2([H])[C@]3([H])CC[C@]4([H])C[C@H](O)CC[C@]4(C)[C@@]3([H])CC(=O)[C@]12C)[C@H](C)CCC(O)=O,390.5561,390.277009700,LC-MS/MS,"Bile acids, alcohols and derivatives",Internal Work,TRUE,TRUE,TRUE,TRUE,TRUE
7-ketodeoxycholic acid,7-Ketodeoxycholic acid,HMDB0000391,[H][C@@]1(CC[C@@]2([H])[C@]3([H])CC[C@]4([H])C[C@H](O)CC[C@]4(C)[C@@]3([H])CC(=O)[C@]12C)[C@H](C)CCC(O)=O,390.5561,390.277009700,LC-MS/MS,"Bile acids, alcohols and derivatives",Internal Work,TRUE,TRUE,TRUE,TRUE,TRUE
7-ketolithocholic acid,7-Ketolithocholic acid,HMDB0000467,[H][C@@]12CC[C@H]([C@H](C)CCC(O)=O)[C@@]1(C)[C@@H](O)C[C@@]1([H])[C@@]2([H])C(=O)C[C@]2([H])C[C@H](O)CC[C@]12C,406.5555,406.271924300,LC-MS/MS,"Bile acids, alcohols and derivatives",Internal Work,TRUE,TRUE,TRUE,TRUE,TRUE
hyodeoxycholic acid,Hyodeoxycholic acid,HMDB0000733,[H][C@@]12CC[C@H]([C@H](C)CCC(O)=O)[C@@]1(C)CC[C@@]1([H])[C@@]2([H])C[C@H](O)C2C[C@H](O)CC[C@]12C,392.5720,392.292659800,LC-MS/MS,"Bile acids, alcohols and derivatives",Internal Work,TRUE,TRUE,TRUE,TRUE,TRUE
murocholic acid,Murocholic acid,HMDB0000811,[H][C@@]12CC[C@H]([C@H](C)CCC(O)=O)[C@@]1(C)CC[C@@]1([H])[C@@]2([H])C[C@@H](O)[C@]2([H])C[C@H](O)CC[C@]12C,392.5720,392.292659800,LC-MS/MS,"Bile acids, alcohols and derivatives",Internal Work,TRUE,TRUE,TRUE,TRUE,TRUE
ursodeoxycholic acid,Ursodeoxycholic acid,HMDB0000946,[H][C@@]1(CC[C@@]2([H])[C@]3([H])[C@@H](O)C[C@]4([H])C[C@H](O)CC[C@]4(C)[C@@]3([H])CC[C@]12C)[C@H](C)CCC(O)=O,392.5720,392.292659800,LC-MS/MS,"Bile acids, alcohols and derivatives",Internal Work,TRUE,TRUE,TRUE,TRUE,TRUE
dioxolithocholic acid,Dioxolithocholic acid,,COC1CC(OC2C(C)OC(CC2OC)OC2C(C)C=CC=C3COC4C(O)C(C)=CC(C(=O)OC5CC(CC=C2C)OC2(C5)OC(C5CCCCC5)C(C)C=C2)C34O)OC(C)C1O,899.1280,898.507857100,LC-MS/MS,0,Internal Work,TRUE,TRUE,TRUE,TRUE,TRUE
isolithocholic acid,Isolithocholic acid,HMDB0000717,[H][C@@]12CC[C@H]([C@H](C)CCC(O)=O)[C@@]1(C)CC[C@@]1([H])[C@@]2([H])CC[C@]2([H])C[C@@H](O)CC[C@]12C,376.5726,376.297745100,LC-MS/MS,"Bile acids, alcohols and derivatives",Internal Work,TRUE,TRUE,TRUE,TRUE,TRUE
nordeoxycholic acid,Nordeoxycholic acid,HMDB0304947,CC(CC(O)=O)C1CCC2C3CCC4CC(O)CCC4(C)C3CC(O)C12C,378.5530,378.277009700,LC-MS/MS,"Bile acids, alcohols and derivatives",Internal Work,TRUE,TRUE,TRUE,TRUE,TRUE
alpha-muricholic acid,alpha-Muricholic acid,HMDB0000506,[H][C@@]1(CC[C@@]2([H])[C@]3([H])[C@H](O)[C@@H](O)[C@]4([H])C[C@H](O)CC[C@]4(C)[C@@]3([H])CC[C@]12C)[C@H](C)CCC(O)=O,408.5790,408.287574400,LC-MS/MS,"Bile acids, alcohols and derivatives",Internal Work,TRUE,TRUE,TRUE,TRUE,TRUE
7-methyl-cholic acid,7-Methyl-cholic acid,HMDB0244296,CC(CCC(O)=O)C1CCC2C3C(CC(O)C12C)C1(C)CCC(O)CC1CC3(C)O,422.6060,422.303224500,LC-MS/MS,"Bile acids, alcohols and derivatives",Internal Work,TRUE,TRUE,TRUE,TRUE,TRUE
glycochenodeoxycholic acid,Glycochenodeoxycholic acid,HMDB0000637,[H][C@@]1(CC[C@@]2([H])[C@]3([H])[C@H](O)C[C@]4([H])C[C@H](O)CC[C@]4(C)[C@@]3([H])CC[C@]12C)[C@H](C)CCC(=O)NCC(O)=O,449.6233,449.314123500,LC-MS/MS,"Bile acids, alcohols and derivatives",Internal Work,TRUE,TRUE,TRUE,TRUE,TRUE
glycocholic acid,Glycocholic acid,HMDB0000138,C[C@H](CCC(O)=NCC(O)=O)[C@H]1CC[C@H]2[C@@H]3[C@H](O)C[C@@H]4C[C@H](O)CC[C@]4(C)[C@H]3C[C@H](O)[C@]12C,465.6227,465.309038100,LC-MS/MS,"Bile acids, alcohols and derivatives",Internal Work,TRUE,TRUE,TRUE,TRUE,TRUE
glycoallocholic acid,Glycoallocholic acid,HMDB0341533,NULL,465.6310,465.309038100,LC-MS/MS,0,Internal Work,TRUE,TRUE,TRUE,TRUE,TRUE
glycodeoxycholic acid,Glycodeoxycholic acid,HMDB0000631,[H][C@]12CCC3C4CC[C@H]([C@H](C)CCC(=O)NCC(O)=O)[C@@]4(C)[C@@H](O)CC3[C@@]1(C)CC[C@@H](O)C2,449.6233,449.314123500,LC-MS/MS,"Bile acids, alcohols and derivatives",Internal Work,TRUE,TRUE,TRUE,TRUE,TRUE
glycoursodeoxycholic acid,Glycoursodeoxycholic acid,HMDB0000708,[H][C@@]1(CC[C@@]2([H])[C@]3([H])[C@@H](O)C[C@]4([H])C[C@H](O)CC[C@]4(C)[C@@]3([H])CC[C@]12C)[C@H](C)CCC(=O)NCC(O)=O,449.6233,449.314123500,LC-MS/MS,"Bile acids, alcohols and derivatives",Internal Work,TRUE,TRUE,TRUE,TRUE,TRUE
glycolithocholic acid,Glycolithocholic acid,HMDB0000698,[H][C@@]1(CC[C@@]2([H])[C@]3([H])CC[C@]4([H])C[C@H](O)CC[C@]4(C)[C@@]3([H])CC[C@]12C)[C@H](C)CCC(=O)NCC(O)=O,433.6239,433.319208900,LC-MS/MS,"Bile acids, alcohols and derivatives",Internal Work,TRUE,TRUE,TRUE,TRUE,TRUE
glycohyocholic acid,Glycohyocholic acid,HMDB0240607,[H][C@@]1(CC[C@@]2([H])[C@]3([H])[C@H](O)[C@H](O)[C@]4([H])C[C@H](O)CC[C@]4(C)[C@@]3([H])CC[C@]12C)[C@H](C)CCC(=O)NCC(O)=O,465.6310,465.309038100,LC-MS/MS,"Bile acids, alcohols and derivatives",Internal Work,TRUE,TRUE,TRUE,TRUE,TRUE
taurodeoxycholic acid,Taurodeoxycholic acid,HMDB0000896,[H][C@@]1(CC[C@@]2([H])[C@]3([H])CC[C@]4([H])C[C@H](O)CC[C@]4(C)[C@@]3([H])C[C@H](O)[C@]12C)[C@H](C)CCC(=O)NCCS(O)(=O)=O,499.7040,499.296758900,LC-MS/MS,"Bile acids, alcohols and derivatives",Internal Work,TRUE,TRUE,TRUE,TRUE,TRUE
taurochenodesoxycholic acid,Taurochenodesoxycholic acid,HMDB0000951,COC1CC(OC2C(C)OC(CC2OC)OC2C(C)C=CC=C3COC4C(O)C(C)=CC(C(=O)OC5CC(CC=C2C)OC2(C5)OC(C5CCCCC5)C(C)C=C2)C34O)OC(C)C1O,899.1280,898.507857100,LC-MS/MS,"Bile acids, alcohols and derivatives",Internal Work,TRUE,TRUE,TRUE,TRUE,TRUE
taurocholic acid,Taurocholic acid,HMDB0000036,[H][C@@]1(CC[C@@]2([H])[C@]3([H])[C@H](O)C[C@]4([H])C[C@H](O)CC[C@]4(C)[C@@]3([H])C[C@H](O)[C@]12C)[C@H](C)CCC(=O)NCCS(O)(=O)=O,515.7030,515.291673500,LC-MS/MS,"Bile acids, alcohols and derivatives",Internal Work,TRUE,TRUE,TRUE,TRUE,TRUE
taurolithocholic acid,Taurolithocholic acid,HMDB0000722,[H][C@@]1(CC[C@@]2([H])[C@]3([H])CC[C@]4([H])C[C@H](O)CC[C@]4(C)[C@@]3([H])CC[C@]12C)[C@H](C)CCC(=O)NCCS(O)(=O)=O,483.7100,483.301844700,LC-MS/MS,"Bile acids, alcohols and derivatives",Internal Work,TRUE,TRUE,TRUE,TRUE,TRUE
tauroursodexycholic/taurohyodeoxycholic,Tauroursodexycholic/Taurohyodeoxycholic,HMDB0000874,[H][C@@]12CC[C@H]([C@H](C)CCC(=O)NCCS(O)(=O)=O)[C@@]1(C)CC[C@@]1([H])[C@@]2([H])[C@@H](O)CC2C[C@H](O)CC[C@]12C,499.7040,499.296758900,LC-MS/MS,"Bile acids, alcohols and derivatives",Internal Work,TRUE,TRUE,TRUE,TRUE,TRUE
taurohyocholic acid,Taurohyocholic acid,HMDB0011637,[H][C@@]12C[C@H](O)CC[C@]1(C)C1CC[C@]3(C)C(CCC3C1[C@H](O)[C@@H]2O)[C@H](C)CCC(=O)NCCS(O)(=O)=O,515.7030,515.291673500,LC-MS/MS,"Bile acids, alcohols and derivatives",Internal Work,TRUE,TRUE,TRUE,TRUE,TRUE
tauro-α-muricholic acid,Tauro-α-muricholic acid,HMDB0258742,CC(CCC(=O)NCCS(O)(=O)=O)C1CCC2C3C(O)C(O)C4CC(O)CCC4(C)C3CCC12C,515.7100,515.291674000,LC-MS/MS,"Bile acids, alcohols and derivatives",Internal Work,TRUE,TRUE,TRUE,TRUE,TRUE
norursodeoxycholic acid,Norursodeoxycholic acid,HMDB0245660,CC(CC(O)=O)C1CCC2C3C(O)CC4CC(O)CCC4(C)C3CCC12C,378.5530,378.277009700,LC-MS/MS,"Bile acids, alcohols and derivatives",Internal Work,TRUE,TRUE,TRUE,TRUE,TRUE
norcholic acid,Norcholic acid,HMDB0255727,CC(CC(O)=O)C1CCC2C3C(O)CC4CC(O)CCC4(C)C3CC(O)C12C,394.5520,394.271924300,LC-MS/MS,"Bile acids, alcohols and derivatives",Internal Work,TRUE,TRUE,TRUE,TRUE,TRUE
lithocholic acid-24-glucuronide,Lithocholic acid-24-glucuronide,HMDB0254126,CC(CCC(O)=O)C1CCC2C3CCC4CC(CCC4(C)C3CCC12C)OC1OC(C(O)C(O)C1O)C(O)=O,552.7050,552.329833100,LC-MS/MS,Steroidal glycosides,Internal Work,TRUE,TRUE,TRUE,TRUE,TRUE
chenodeoxycholic acid-3-glucuronide,Chenodeoxycholic acid-3-glucuronide,,[H][C@@]1(CC[C@@]2([H])[C@]3([H])[C@H](O)C[C@]4([H])C[C@@H](CC[C@]4(C)[C@@]3([H])CC[C@]12C)OC1O[C@@H]([C@@H](O)[C@H](O)[C@H]1O)C(O)=O)[C@H](C)CCC(O)=O,568.6961,568.324747800,LC-MS/MS,Steroids and steroid derivatives,Internal Work,TRUE,TRUE,TRUE,TRUE,TRUE
ursodeoxycholic acid-3-glucuronide,Ursodeoxycholic acid-3-glucuronide,HMDB0341534,NULL,568.7040,568.324747700,LC-MS/MS,0,Internal Work,TRUE,TRUE,TRUE,TRUE,TRUE
lithocholic acid-3-sulfate,Lithocholic acid-3-sulfate,HMDB0000907,[H][C@@](C)(CCC([O-])=O)[C@@]1([H])CC[C@@]2([H])[C@]3([H])CC[C@]4([H])C[C@@]([H])(CC[C@]4(C)[C@@]3([H])CC[C@]12C)OS([O-])(=O)=O,454.6200,454.240007300,LC-MS/MS,"Bile acids, alcohols and derivatives",Internal Work,TRUE,TRUE,TRUE,TRUE,TRUE
deoxycholic acid-3-sulfate,Deoxycholic acid-3-sulfate,HMDB0000659,[H][C@@]12CC[C@H]([C@H](C)CCC(O)=O)[C@@]1(C)[C@H](C[C@@]1([H])[C@@]2([H])CC[C@]2([H])C[C@@H](CC[C@]12C)OS(O)(=O)=O)OS(O)(=O)=O,552.6980,552.206288900,LC-MS/MS,"Bile acids, alcohols and derivatives",Internal Work,TRUE,TRUE,TRUE,TRUE,TRUE
chenodeoxycholic acid-3-sulfate,Chenodeoxycholic acid-3-sulfate,HMDB0002586,[H][C@@]12CC[C@H]([C@H](C)CCC(O)=O)[C@@]1(C)CC[C@@]1([H])[C@@]2([H])[C@H](O)C[C@]2([H])C[C@@H](CC[C@]12C)OS(O)(=O)=O,472.6350,472.249474300,LC-MS/MS,"Bile acids, alcohols and derivatives",Internal Work,TRUE,TRUE,TRUE,TRUE,TRUE
glycolithocholic acid-3-sulfate,GlycoLithocholic acid-3-sulfate,HMDB0002639,[H][C@@]1(CC[C@@]2([H])[C@]3([H])CC[C@]4([H])C[C@@H](CC[C@]4(C)[C@@]3([H])CC[C@]12C)OS(O)(=O)=O)[C@H](C)CCC(=O)NCC(O)=O,513.6900,513.276023900,LC-MS/MS,"Bile acids, alcohols and derivatives",Internal Work,TRUE,TRUE,TRUE,TRUE,TRUE
glycodeoxycholic acid-3-sulfate,Glycodeoxycholic acid-3-sulfate,HMDB0341325,[H][C@@]1(CC[C@@]2([H])[C@]3([H])CC[C@]4([H])C[C@@H](CC[C@]4(C)[C@@]3([H])C[C@H](O)[C@]12C)OS(O)(=O)=O)[C@H](C)CCC(=O)NCC(O)=O,529.6900,529.270938500,LC-MS/MS,"Bile acids, alcohols and derivatives",Internal Work,TRUE,TRUE,TRUE,TRUE,TRUE
glycochenodeoxycholic acid-3-sulfate,Glycochenodeoxycholic acid-3-sulfate,HMDB0002497,[H][C@@]1(CC[C@@]2([H])[C@]3([H])[C@H](O)C[C@]4([H])C[C@@H](CC[C@]4(C)[C@@]3([H])CC[C@]12C)OS(O)(=O)=O)[C@H](C)CCC(=O)NCC(O)=O,529.6870,529.270938000,LC-MS/MS,"Bile acids, alcohols and derivatives",Internal Work,TRUE,TRUE,TRUE,TRUE,TRUE
glycohyodeoxycholic acid-3-sulfate,GlycoHyodeoxycholic acid-3-sulfate,HMDB0304944,CC(CCC(=O)NCC(O)=O)C1CCC2C3CC(O)C4CC(O)CCC4(C)C3CCC12C,449.6320,449.314123500,LC-MS/MS,"Bile acids, alcohols and derivatives",Internal Work,TRUE,TRUE,TRUE,TRUE,TRUE
glycoursodeoxycholic acid-3-sulfate,Glycoursodeoxycholic acid-3-sulfate,HMDB0002409,[H][C@@]1(CC[C@@]2([H])[C@]3([H])[C@@H](O)C[C@]4([H])C[C@@H](CC[C@]4(C)[C@@]3([H])CC[C@]12C)OS(O)(=O)=O)[C@H](C)CCC(=O)NCC(O)=O,529.6870,529.270938000,LC-MS/MS,"Bile acids, alcohols and derivatives",Internal Work,TRUE,TRUE,TRUE,TRUE,TRUE
taurolithocholic acid-3-sulfate,TauroLithocholic acid-3-sulfate,HMDB0002580,[H][C@@]1(CC[C@@]2([H])[C@]3([H])CC[C@]4([H])C[C@@H](CC[C@]4(C)[C@@]3([H])CC[C@]12C)OS(O)(=O)=O)[C@H](C)CCC(=O)NCCS(O)(=O)=O,563.7670,563.258658800,LC-MS/MS,"Bile acids, alcohols and derivatives",Internal Work,TRUE,TRUE,TRUE,TRUE,TRUE
taurodeoxycholic acid-3-sulfate,Taurodeoxycholic acid-3-sulfate,HMDB0341535,NULL,577.6800,577.259934000,LC-MS/MS,0,Internal Work,TRUE,TRUE,TRUE,TRUE,TRUE
taurochenodeoxycholic acid-3-sulfate,Taurochenodeoxycholic acid-3-sulfate,HMDB0002486,[H][C@@]1(CC[C@@]2([H])[C@]3([H])[C@H](O)C[C@]4([H])C[C@@H](CC[C@]4(C)[C@@]3([H])C[C@@H](O)[C@]12C)S(O)(=O)=O)[C@H](C)CCC(=O)NCCS(O)(=O)=O,579.7670,579.253573400,LC-MS/MS,"Bile acids, alcohols and derivatives",Internal Work,TRUE,TRUE,TRUE,TRUE,TRUE
tauroursodeoxycholic acid-3-sulfate,Tauroursodeoxycholic acid-3-sulfate,HMDB0002497,[H][C@@]1(CC[C@@]2([H])[C@]3([H])[C@H](O)C[C@]4([H])C[C@@H](CC[C@]4(C)[C@@]3([H])CC[C@]12C)OS(O)(=O)=O)[C@H](C)CCC(=O)NCC(O)=O,529.6870,529.270938000,LC-MS/MS,Steroids and steroid derivatives,Internal Work,TRUE,TRUE,TRUE,TRUE,TRUE
2-hydroxybutyric acid,2-Hydroxybutyric acid,HMDB0000008,[H]OC(=O)[C@@]([H])(O[H])C([H])([H])C([H])([H])[H],104.1050,104.047344100,"NMR, LC-MS/MS",Alpha hydroxy acids and derivatives,Internal Work,TRUE,TRUE,TRUE,TRUE,TRUE
acetic acid,Acetic acid,HMDB0000042,CC(O)=O,60.0520,60.021129370,"NMR, LC-MS/MS",Carboxylic acids,Internal Work,TRUE,TRUE,TRUE,TRUE,TRUE
citric acid,Citric acid,HMDB0000094,OC(=O)CC(O)(CC(O)=O)C(O)=O,192.1235,192.027002600,"NMR, LC-MS/MS",Tricarboxylic acids and derivatives,Internal Work,TRUE,TRUE,TRUE,TRUE,TRUE
formic acid,Formic acid,HMDB0000142,OC=O,46.0254,46.005479310,"NMR, LC-MS/MS",Carboxylic acids,Internal Work,TRUE,TRUE,TRUE,TRUE,TRUE
succinic acid,Succinic acid,HMDB0000254,OC(=O)CCC(O)=O,118.0880,118.026608700,"NMR, LC-MS/MS",Dicarboxylic acids and derivatives,Internal Work,TRUE,TRUE,TRUE,TRUE,TRUE
3-hydroxybutyric acid,3-Hydroxybutyric acid,HMDB0000011,C[C@@H](O)CC(O)=O,104.1045,104.047344100,"NMR, LC-MS/MS",Beta hydroxy acids and derivatives,Internal Work,TRUE,TRUE,TRUE,TRUE,TRUE
2-hydroxyisovaleric acid,2-hydroxyisovaleric acid,HMDB0000407,CC(C)C(O)C(O)=O,118.1311,118.062994200,"NMR, LC-MS/MS",Fatty acids and conjugates,Internal Work,TRUE,TRUE,TRUE,TRUE,TRUE
l-alpha-aminobutyric acid,L-Alpha-aminobutyric acid,HMDB0000452,CC[C@H](N)C(O)=O,103.1198,103.063328500,"NMR, LC-MS/MS","Amino acids, peptides, and analogues",Internal Work,TRUE,TRUE,TRUE,TRUE,TRUE
3-methyl-2-oxovaleric acid,3-Methyl-2-oxovaleric acid,HMDB0000491,CC[C@H](C)C(=O)C(O)=O,130.1418,130.062994200,"NMR, LC-MS/MS",Short-chain keto acids and derivatives,Internal Work,TRUE,TRUE,TRUE,TRUE,TRUE
3-hydroxyisovaleric acid,3-Hydroxyisovaleric acid,HMDB0000754,CC(C)(O)CC(O)=O,118.1311,118.062994200,"NMR, LC-MS/MS",Fatty acids and conjugates,Internal Work,TRUE,TRUE,TRUE,TRUE,TRUE
alpha-ketoglutaric acid,alpha-Ketoglutaric acid,HMDB0000208,OC(=O)CCC(=O)C(O)=O,146.0981,146.021523300,"NMR, LC-MS/MS",Gamma-keto acids and derivatives,Internal Work,TRUE,TRUE,TRUE,TRUE,TRUE
butyric acid,Butyric acid,HMDB0000039,CCCC(O)=O,88.1051,88.052429500,LC-MS/MS,Fatty acids and conjugates,Internal Work,TRUE,TRUE,TRUE,TRUE,TRUE
propionic acid,Propionic acid,HMDB0000237,CCC(O)=O,74.0785,74.036779440,LC-MS/MS,Carboxylic acids,Internal Work,TRUE,TRUE,TRUE,TRUE,TRUE
hphpa,HPHPA,HMDB0002643,OC(CC(O)=O)C1=CC(O)=CC=C1,182.1733,182.057908800,LC-MS/MS,no subclass,Internal Work,TRUE,TRUE,TRUE,TRUE,TRUE
para-hydroxyhippuric acid,Para-hydroxyhippuric acid,HMDB0013678,OC(=O)CNC(=O)C1=CC=C(O)C=C1,195.1721,195.053157800,LC-MS/MS,Benzoic acids and derivatives,Internal Work,TRUE,TRUE,TRUE,TRUE,TRUE
l-lactic acid,L-Lactic acid,HMDB0000190,C[C@H](O)C(O)=O,90.0779,90.031694060,"NMR, LC-MS/MS",Alpha hydroxy acids and derivatives,Internal Work,TRUE,TRUE,TRUE,TRUE,TRUE
fumaric acid,Fumaric acid,HMDB0000134,OC(=O)\C=C\C(O)=O,116.0722,116.010958600,"NMR, LC-MS/MS",Dicarboxylic acids and derivatives,Internal Work,TRUE,TRUE,TRUE,TRUE,TRUE
pyruvic acid,Pyruvic acid,HMDB0000243,CC(=O)C(O)=O,88.0621,88.016043990,"NMR, LC-MS/MS",Alpha-keto acids and derivatives,Internal Work,TRUE,TRUE,TRUE,TRUE,TRUE
isobutyric acid,Isobutyric acid,HMDB0001873,CC(C)C(O)=O,88.1051,88.052429500,"NMR, LC-MS/MS",Carboxylic acids,Internal Work,TRUE,TRUE,TRUE,TRUE,TRUE
hippuric acid,Hippuric acid,HMDB0000714,OC(=O)CNC(=O)C1=CC=CC=C1,179.1727,179.058243200,LC-MS/MS,Benzoic acids and derivatives,Internal Work,TRUE,TRUE,TRUE,TRUE,TRUE
methylmalonic acid,Methylmalonic acid,HMDB0000202,CC(C(O)=O)C(O)=O,118.0880,118.026608700,LC-MS/MS,Dicarboxylic acids and derivatives,Internal Work,TRUE,TRUE,TRUE,TRUE,TRUE
homovanillic acid,Homovanillic acid,HMDB0000118,COC1=CC(CC(O)=O)=CC=C1O,182.1733,182.057908800,LC-MS/MS,Phenols,Internal Work,TRUE,TRUE,TRUE,TRUE,TRUE
uric acid,Uric acid,HMDB0000289,O=C1NC2=C(N1)C(=O)NC(=O)N2,168.1103,168.028340000,LC-MS/MS,Purines and purine derivatives,Internal Work,TRUE,TRUE,TRUE,TRUE,TRUE
malonic acid,Malonic acid,HMDB0000691,OC(=O)CC(O)=O,104.0615,104.010958600,LC-MS/MS,Dicarboxylic acids and derivatives,Internal Work,TRUE,TRUE,TRUE,TRUE,TRUE
cortisol,Cortisol,HMDB0000063,[H][C@@]12CC[C@](O)(C(=O)CO)[C@@]1(C)C[C@H](O)[C@@]1([H])[C@@]2([H])CCC2=CC(=O)CC[C@]12C,362.4599,362.209324100,LC-MS/MS,Hydroxysteroids,Internal Work,TRUE,TRUE,TRUE,TRUE,TRUE
dehydroepiandrosterone sulfate (dheas),Dehydroepiandrosterone sulfate (DHEAS),HMDB0001032,[H][C@@]12CCC(=O)[C@@]1(C)CC[C@@]1([H])[C@@]2([H])CC=C2C[C@H](CC[C@]12C)OS(O)(=O)=O,368.4880,368.165744700,LC-MS/MS,Sulfated steroids,Internal Work,TRUE,TRUE,TRUE,TRUE,TRUE
progesterone,Progesterone,HMDB0001830,#N/A,0.0000,0.000000000,LC-MS/MS,Pregnane steroids,NIST Certified data,TRUE,TRUE,TRUE,TRUE,TRUE
testosterone,Testosterone,HMDB0000234,#N/A,0.0000,0.000000000,LC-MS/MS,Androstane steroids,NIST Certified data,TRUE,TRUE,TRUE,TRUE,TRUE
tyrosine,Tyrosine,HMDB0000158,N[C@@H](CC1=CC=C(O)C=C1)C(O)=O,181.1885,181.073893200,"NMR, LC-MS/MS","Amino acids, peptides, and analogues",Internal Work,TRUE,TRUE,TRUE,TRUE,TRUE
l-phenylalanine,L-Phenylalanine,HMDB0000159,N[C@@H](CC1=CC=CC=C1)C(O)=O,165.1891,165.078978600,"NMR, LC-MS/MS","Amino acids, peptides, and analogues",Internal Work,TRUE,TRUE,TRUE,TRUE,TRUE
l-alanine,L-Alanine,HMDB0000161,C[C@H](N)C(O)=O,89.0932,89.047678470,"NMR, LC-MS/MS","Amino acids, peptides, and analogues",Internal Work,TRUE,TRUE,TRUE,TRUE,TRUE
l-proline,L-Proline,HMDB0000162,OC(=O)[C@@H]1CCCN1,115.1305,115.063328500,"NMR, LC-MS/MS","Amino acids, peptides, and analogues",Internal Work,TRUE,TRUE,TRUE,TRUE,TRUE
l-threonine,L-Threonine,HMDB0000167,C[C@@H](O)[C@H](N)C(O)=O,119.1192,119.058243200,"NMR, LC-MS/MS","Amino acids, peptides, and analogues",Internal Work,TRUE,TRUE,TRUE,TRUE,TRUE
l-asparagine,L-Asparagine,HMDB0000168,N[C@@H](CC(N)=O)C(O)=O,132.1179,132.053492100,"NMR, LC-MS/MS","Amino acids, peptides, and analogues",Internal Work,TRUE,TRUE,TRUE,TRUE,TRUE
isoleucine,Isoleucine,HMDB0000172,CC[C@H](C)[C@H](N)C(O)=O,131.1729,131.094628700,"NMR, LC-MS/MS","Amino acids, peptides, and analogues",Internal Work,TRUE,TRUE,TRUE,TRUE,TRUE
l-histidine,L-Histidine,HMDB0000177,N[C@@H](CC1=CNC=N1)C(O)=O,155.1546,155.069476500,"NMR, LC-MS/MS","Amino acids, peptides, and analogues",Internal Work,TRUE,TRUE,TRUE,TRUE,TRUE
l-lysine,L-Lysine,HMDB0000182,NCCCC[C@H](N)C(O)=O,146.1876,146.105527700,"NMR, LC-MS/MS","Amino acids, peptides, and analogues",Internal Work,TRUE,TRUE,TRUE,TRUE,TRUE
l-serine,L-Serine,HMDB0000187,N[C@@H](CO)C(O)=O,105.0926,105.042593100,"NMR, LC-MS/MS","Amino acids, peptides, and analogues",Internal Work,TRUE,TRUE,TRUE,TRUE,TRUE
l-aspartate,L-Aspartate,HMDB0000191,N[C@@H](CC(O)=O)C(O)=O,133.1027,133.037507700,"NMR, LC-MS/MS","Amino acids, peptides, and analogues",Internal Work,TRUE,TRUE,TRUE,TRUE,TRUE
l-ornithine,L-Ornithine,HMDB0000214,NCCC[C@H](N)C(O)=O,132.1610,132.089877600,"NMR, LC-MS/MS","Amino acids, peptides, and analogues",Internal Work,TRUE,TRUE,TRUE,TRUE,TRUE
l-glutamic acid,L-Glutamic acid,HMDB0000148,N[C@@H](CCC(O)=O)C(O)=O,147.1293,147.053157800,"NMR, LC-MS/MS","Amino acids, peptides, and analogues",Internal Work,TRUE,TRUE,TRUE,TRUE,TRUE
l-arginine,L-Arginine,HMDB0000517,N[C@@H](CCCNC(N)=N)C(O)=O,174.2010,174.111675700,"NMR, LC-MS/MS","Amino acids, peptides, and analogues",Internal Work,TRUE,TRUE,TRUE,TRUE,TRUE
l-glutamine,L-Glutamine,HMDB0000641,N[C@@H](CCC(N)=O)C(O)=O,146.1445,146.069142200,"NMR, LC-MS/MS","Amino acids, peptides, and analogues",Internal Work,TRUE,TRUE,TRUE,TRUE,TRUE
l-leucine,L-Leucine,HMDB0000687,CC(C)C[C@H](N)C(O)=O,131.1729,131.094628700,"NMR, LC-MS/MS","Amino acids, peptides, and analogues",Internal Work,TRUE,TRUE,TRUE,TRUE,TRUE
methionine,Methionine,HMDB0000696,CSCC[C@H](N)C(O)=O,149.2110,149.051049300,"NMR, LC-MS/MS","Amino acids, peptides, and analogues",Internal Work,TRUE,TRUE,TRUE,TRUE,TRUE
tryptophan,Tryptophan,HMDB0000929,N[C@@H](CC1=CNC2=C1C=CC=C2)C(O)=O,204.2252,204.089877600,"NMR, LC-MS/MS",Indolyl carboxylic acids and derivatives,Internal Work,TRUE,TRUE,TRUE,TRUE,TRUE
valine,Valine,HMDB0000883,CC(C)[C@H](N)C(O)=O,117.1463,117.078978600,"NMR, LC-MS/MS","Amino acids, peptides, and analogues",Internal Work,TRUE,TRUE,TRUE,TRUE,TRUE
glycine,Glycine,HMDB0000123,NCC(O)=O,75.0666,75.032028410,"NMR, LC-MS/MS","Amino acids, peptides, and analogues",Internal Work,TRUE,TRUE,TRUE,TRUE,TRUE
citrulline,Citrulline,HMDB0000904,N[C@@H](CCCNC(N)=O)C(O)=O,175.1857,175.095691300,LC-MS/MS,"Amino acids, peptides, and analogues",Internal Work,TRUE,TRUE,TRUE,TRUE,TRUE
betaine,Betaine,HMDB0000043,C[N+](C)(C)CC(O)=O,118.1543,118.086803600,"NMR, LC-MS/MS","Amino acids, peptides, and analogues",Internal Work,TRUE,TRUE,TRUE,TRUE,TRUE
1-methylhistidine,1-Methylhistidine,HMDB0000001,CN1C=NC(C[C@H](N)C(O)=O)=C1,169.1811,169.085126600,"NMR, LC-MS/MS","Amino acids, peptides, and analogues",Internal Work,TRUE,TRUE,TRUE,TRUE,TRUE
3-methylhistidine,3-Methylhistidine,HMDB0000479,[H][C@](N)(CC1=CN=CN1C)C(O)=O,169.1811,169.085126600,"NMR, LC-MS/MS","Amino acids, peptides, and analogues",Internal Work,TRUE,TRUE,TRUE,TRUE,TRUE
homoarginine,Homoarginine,HMDB0000670,N[C@@H](CCCCNC(N)=N)C(O)=O,188.2275,188.127325800,LC-MS/MS,"Amino acids, peptides, and analogues",Internal Work,TRUE,TRUE,TRUE,TRUE,TRUE
homocysteine,Homocysteine,HMDB0000742,N[C@@H](CCS)C(O)=O,135.1850,135.035399200,LC-MS/MS,"Amino acids, peptides, and analogues",Internal Work,TRUE,TRUE,TRUE,TRUE,TRUE
creatinine,Creatinine,HMDB0000562,CN1CC(=O)NC1=N,113.1179,113.058911900,"NMR, LC-MS/MS","Amino acids, peptides, and analogues",Internal Work,TRUE,TRUE,TRUE,TRUE,TRUE
proline betaine,Proline betaine,HMDB0304726,[H][C@@](COC(=O)CCCCCCCCCCCCCCCCCCCCC)(COC(=O)CCCCCCC\C=C/CCCC)OC(=O)CCC\C=C/C\C=C/C\C=C/C\C=C/C\C=C/CC,907.4590,906.767641000,LC-MS/MS,Triradylcglycerols,Internal Work,TRUE,TRUE,TRUE,TRUE,TRUE
tryptophan betaine,Tryptophan betaine,HMDB0061115,C[N+](C)(C)[C@@H](CC1=CNC2=CC=CC=C12)C([O-])=O,246.3049,246.136827800,LC-MS/MS,"Amino acids, peptides, and analogues",Internal Work,TRUE,TRUE,TRUE,TRUE,TRUE
hypoxanthine,Hypoxanthine,HMDB0000157,OC1=NC=NC2=C1NC=N2,136.1115,136.038510800,LC-MS/MS,Purines and purine derivatives,Internal Work,TRUE,TRUE,TRUE,TRUE,TRUE
xanthine,Xanthine,HMDB0000292,O=C1NC2=C(NC=N2)C(=O)N1,152.1109,152.033425400,LC-MS/MS,Purines and purine derivatives,Internal Work,TRUE,TRUE,TRUE,TRUE,TRUE
3-indoleacetic acid,3-Indoleacetic acid,HMDB0000197,OC(=O)CC1=CNC2=CC=CC=C12,175.1840,175.063328500,LC-MS/MS,Indolyl carboxylic acids and derivatives,Internal Work,TRUE,TRUE,TRUE,TRUE,TRUE
acetoacetate,Acetoacetate,HMDB0304256,CC(=O)CC([O-])=O,101.0820,101.024417600,NMR,Short-chain keto acids and derivatives,Internal Work,TRUE,TRUE,TRUE,TRUE,TRUE
creatine,Creatine,HMDB0000064,CN(CC(O)=O)C(N)=N,131.1332,131.069476500,"NMR, LC-MS/MS","Amino acids, peptides, and analogues",Internal Work,TRUE,TRUE,TRUE,TRUE,TRUE
dimethylglycine,Dimethylglycine,HMDB0000092,CN(C)CC(O)=O,103.1198,103.063328500,NMR,"Amino acids, peptides, and analogues",Internal Work,TRUE,TRUE,TRUE,TRUE,TRUE
ethanol,Ethanol,HMDB0000108,CCO,46.0684,46.041864810,NMR,Alcohols and polyols,Internal Work,TRUE,TRUE,TRUE,TRUE,TRUE
d-glucose,D-Glucose,HMDB0000122,OC[C@H]1O[C@@H](O)[C@H](O)[C@@H](O)[C@@H]1O,180.1559,180.063388100,"NMR, LC-MS/MS",Carbohydrates and carbohydrate conjugates,Internal Work,TRUE,TRUE,TRUE,TRUE,TRUE
d-mannose,D-Mannose,HMDB0000169,OC[C@H]1O[C@H](O)[C@@H](O)[C@@H](O)[C@@H]1O,180.1559,180.063388100,NMR,Carbohydrates and carbohydrate conjugates,Internal Work,TRUE,TRUE,TRUE,TRUE,TRUE
glycerol,Glycerol,HMDB0000131,OCC(O)CO,92.0938,92.047344120,NMR,Carbohydrates and carbohydrate conjugates,Internal Work,TRUE,TRUE,TRUE,TRUE,TRUE
ketoleucine,Ketoleucine,HMDB0000695,CC(C)CC(=O)C(O)=O,130.1418,130.062994200,LC-MS/MS,Short-chain keto acids and derivatives,Internal Work,TRUE,TRUE,TRUE,TRUE,TRUE
isopropanol,Isopropanol,HMDB0000863,CC(C)O,60.0950,60.057514880,NMR,Alcohols and polyols,Internal Work,TRUE,TRUE,TRUE,TRUE,TRUE
acetone,Acetone,HMDB0001659,CC(C)=O,58.0791,58.041864810,NMR,Carbonyl compounds,Internal Work,TRUE,TRUE,TRUE,TRUE,TRUE
methanol,Methanol,HMDB0001875,CO,32.0419,32.026214750,NMR,Alcohols and polyols,Internal Work,TRUE,TRUE,TRUE,TRUE,TRUE
propylene glycol,Propylene glycol,HMDB0001881,C[C@@H](O)CO,76.0944,76.052429500,NMR,Alcohols and polyols,Internal Work,TRUE,TRUE,TRUE,TRUE,TRUE
dimethyl sulfone,Dimethyl sulfone,HMDB0004983,CS(C)(=O)=O,94.1330,94.008850130,NMR,Sulfones,Internal Work,TRUE,TRUE,TRUE,TRUE,TRUE
lithium,Lithium,HMDB0005949,[Li+],6.9410,7.016004049,ICP-MS,no subclass,Internal Work,TRUE,TRUE,TRUE,TRUE,TRUE
boron,Boron,HMDB0002386,[B+3],10.8110,11.009305470,ICP-MS,no subclass,Internal Work,TRUE,TRUE,TRUE,TRUE,TRUE
sodium,Sodium,HMDB0000588,[Na+],22.9898,22.989769680,ICP-MS,no subclass,Internal Work,TRUE,TRUE,TRUE,TRUE,TRUE
magnesium,Magnesium,HMDB0000547,[Mg++],24.3050,23.985041900,ICP-MS,no subclass,Internal Work,TRUE,TRUE,TRUE,TRUE,TRUE
aluminum,Aluminum,HMDB0001247,[Al],26.9815,26.981538440,ICP-MS,no subclass,Internal Work,TRUE,TRUE,TRUE,TRUE,TRUE
phosphorous,Phosphorous,HMDB0001315,[P],30.9738,30.973761510,ICP-MS,no subclass,Internal Work,TRUE,TRUE,TRUE,TRUE,TRUE
potassium,Potassium,HMDB0000586,[K+],39.0983,38.963706860,ICP-MS,no subclass,Internal Work,TRUE,TRUE,TRUE,TRUE,TRUE
calcium,Calcium,HMDB0000464,[Ca++],40.0780,39.962591160,ICP-MS,no subclass,Internal Work,TRUE,TRUE,TRUE,TRUE,TRUE
titanium,Titanium,HMDB0001966,[Ti+4],47.8670,47.947947050,ICP-MS,no subclass,Internal Work,TRUE,TRUE,TRUE,TRUE,TRUE
vanadium,Vanadium,HMDB0002503,[V+3],50.9415,50.943963680,ICP-MS,no subclass,Internal Work,TRUE,TRUE,TRUE,TRUE,TRUE
iron,Iron,HMDB0015531,[Fe+3],55.8450,55.934942130,ICP-MS,no subclass,Internal Work,TRUE,TRUE,TRUE,TRUE,TRUE
copper,Copper,HMDB0000657,[Cu++],63.5460,62.929601080,ICP-MS,Homogeneous transition metal compounds,Internal Work,TRUE,TRUE,TRUE,TRUE,TRUE
zinc,Zinc,HMDB0015532,[Zn++],65.4090,63.929146580,ICP-MS,no subclass,Internal Work,TRUE,TRUE,TRUE,TRUE,TRUE
selenium,Selenium,HMDB0001349,[Se++],78.9600,79.916521830,ICP-MS,no subclass,Internal Work,TRUE,TRUE,TRUE,TRUE,TRUE
rubidium,Rubidium,HMDB0001327,[Rb+],85.4678,84.911789340,ICP-MS,no subclass,Internal Work,TRUE,TRUE,TRUE,TRUE,TRUE
strontium,Strontium,HMDB0003642,[Sr++],87.6200,87.905614340,ICP-MS,no subclass,Internal Work,TRUE,TRUE,TRUE,TRUE,TRUE
zirconium,Zirconium,HMDB0001475,[Zr+4],91.2240,89.904703680,ICP-MS,no subclass,Internal Work,TRUE,TRUE,TRUE,TRUE,TRUE
cadmium,Cadmium,HMDB0003638,[Cd++],112.4110,113.903358100,ICP-MS,no subclass,Internal Work,TRUE,TRUE,TRUE,TRUE,TRUE
barium,Barium,HMDB0004142,[Ba++],137.3270,137.905241300,ICP-MS,no subclass,Internal Work,TRUE,TRUE,TRUE,TRUE,TRUE
lanthanum,Lanthanum,HMDB0013711,[La],138.9055,138.906348200,ICP-MS,no subclass,Internal Work,TRUE,TRUE,TRUE,TRUE,TRUE
tungsten,Tungsten,HMDB0001989,[W+4],183.8400,183.950932600,ICP-MS,no subclass,Internal Work,TRUE,TRUE,TRUE,TRUE,TRUE
dopamine,Dopamine,HMDB0000073,NCCC1=CC(O)=C(O)C=C1,153.1784,153.078978600,LC-MS/MS,Benzenediols,Internal Work,TRUE,TRUE,TRUE,TRUE,TRUE
epinephrine,Epinephrine,HMDB0000068,CNC[C@H](O)C1=CC(O)=C(O)C=C1,183.2044,183.089543300,LC-MS/MS,Benzenediols,Internal Work,TRUE,TRUE,TRUE,TRUE,TRUE
tyramine,Tyramine,HMDB0000306,NCCC1=CC=C(O)C=C1,137.1790,137.084064000,LC-MS/MS,Phenethylamines,Internal Work,TRUE,TRUE,TRUE,TRUE,TRUE
metanephrine,Metanephrine,HMDB0004063,CNCC(O)C1=CC(OC)=C(O)C=C1,197.2310,197.105193400,LC-MS/MS,Methoxyphenols,Internal Work,TRUE,TRUE,TRUE,TRUE,TRUE
norepinephrine,Norepinephrine,HMDB0000216,NC[C@H](O)C1=CC(O)=C(O)C=C1,169.1778,169.073893200,LC-MS/MS,Benzenediols,Internal Work,TRUE,TRUE,TRUE,TRUE,TRUE
normetanephrine,Normetanephrine,HMDB0000819,COC1=CC(=CC=C1O)C(O)CN,183.2044,183.089543300,LC-MS/MS,Methoxyphenols,Internal Work,TRUE,TRUE,TRUE,TRUE,TRUE
phenylethylamimne,Phenylethylamimne,HMDB0012275,NCCC1=CC=CC=C1,121.1796,121.089149400,LC-MS/MS,Phenethylamines,Internal Work,TRUE,TRUE,TRUE,TRUE,TRUE
5-methoxytryptamine,5-Methoxytryptamine,HMDB0004095,COC1=CC2=C(NC=C2CCN)C=C1,190.2417,190.110613100,LC-MS/MS,Tryptamines and derivatives,Internal Work,TRUE,TRUE,TRUE,TRUE,TRUE
vitamin b1,Vitamin B1,HMDB0000235,[Cl-].CC1=C(CCO)SC=[N+]1CC1=CN=C(C)NC1=N,300.8080,300.081159600,LC-MS/MS,Pyrimidines and pyrimidine derivatives,Internal Work,TRUE,TRUE,TRUE,TRUE,TRUE
vitamin b3-amide,Vitamin B3-amide,HMDB0001406,NC(=O)C1=CC=CN=C1,122.1246,122.048012800,LC-MS/MS,Pyridinecarboxylic acids and derivatives,Internal Work,TRUE,TRUE,TRUE,TRUE,TRUE
vitamin b5,Vitamin B5,HMDB0000210,CC(C)(CO)[C@@H](O)C(=O)NCCC(O)=O,219.2350,219.110672700,LC-MS/MS,Alcohols and polyols,Internal Work,TRUE,TRUE,TRUE,TRUE,TRUE
vitamin b6,Vitamin B6,HMDB0000239,CC1=C(O)C(CO)=C(CO)C=N1,169.1778,169.073893200,LC-MS/MS,Pyridoxines,Internal Work,TRUE,TRUE,TRUE,TRUE,TRUE
vitamin b2,Vitamin B2,HMDB0000244,CC1=C(C)C=C2N(C[C@H](O)[C@H](O)[C@H](O)CO)C3=NC(=O)NC(=O)C3=NC2=C1,376.3639,376.138284400,LC-MS/MS,Alloxazines and isoalloxazines,Internal Work,TRUE,TRUE,TRUE,TRUE,TRUE
vitamin c,Vitamin C,HMDB0000044,[H][C@@]1(OC(=O)C(O)=C1O)[C@@H](O)CO,176.1241,176.032088000,LC-MS/MS,Furanones,Internal Work,TRUE,TRUE,TRUE,TRUE,TRUE
folic acid,Folic acid,HMDB0000121,#N/A,0.0000,0.000000000,LC-MS/MS,Methoxyphenols,NIST Certified data,TRUE,TRUE,TRUE,TRUE,TRUE
5-methyltetrahydrofolic acid,5-Methyltetrahydrofolic acid,HMDB0001396,#N/A,0.0000,0.000000000,LC-MS/MS,Pterins and derivatives,NIST Certified data,TRUE,TRUE,TRUE,TRUE,TRUE
choline,Choline,HMDB0000097,C[N+](C)(C)CCO,104.1708,104.107539100,LC-MS/MS,Quaternary ammonium salts,Internal Work,TRUE,TRUE,TRUE,TRUE,TRUE
vitamin a,Vitamin A,HMDB0000305,C\C(=C/CO)\C=C\C=C(/C)\C=C\C1=C(C)CCCC1(C)C,286.4516,286.229665600,LC-MS/MS,Retinoids,Internal Work,TRUE,TRUE,TRUE,TRUE,TRUE
25-oh vitamin d3,25-OH Vitamin D3,HMDB0253301,CC(C)CCCC(C)C1C(O)CC2C(CCCC12C)=CC=C1CC(O)CCC1=C,400.6470,400.334130700,LC-MS/MS,Vitamin D and derivatives,Internal Work,TRUE,TRUE,TRUE,TRUE,TRUE
vitamin e,Vitamin E,HMDB0259853,CC(C)CCCC(C)CCCC(C)CCCC1(C)CCC2=C(C)C(OC(=O)C3=CC=CN=C3)=C(C)C(C)=C2O1,535.8130,535.402544600,LC-MS/MS,Quinone and hydroquinone lipids,Internal Work,TRUE,TRUE,TRUE,TRUE,TRUE
acetyl-ornithine,Acetyl-Ornithine,HMDB0003357,CC(=O)N[C@@H](CCCN)C(O)=O,174.1977,174.100442300,LC-MS/MS,"Amino acids, peptides, and analogues",Internal Work,TRUE,TRUE,TRUE,TRUE,TRUE
adma,ADMA,HMDB0001539,N[C@@H](CCC\N=C(/N)N(C)C)C(O)=O,202.2541,202.142975800,LC-MS/MS,"Amino acids, peptides, and analogues",Internal Work,TRUE,TRUE,TRUE,TRUE,TRUE
alpha-aminoadipic acid,alpha-Aminoadipic acid,HMDB0302754,NC(CCCC(O)=O)C(O)=O,161.1558,161.068807800,LC-MS/MS,"Amino acids, peptides, and analogues",Internal Work,TRUE,TRUE,TRUE,TRUE,TRUE
kynurenine,Kynurenine,HMDB0000684,N[C@@H](CC(=O)C1=CC=CC=C1N)C(O)=O,208.2139,208.084792300,LC-MS/MS,Carbonyl compounds,Internal Work,TRUE,TRUE,TRUE,TRUE,TRUE
methionine-sulfoxide,Methionine-Sulfoxide,HMDB0002005,CS(=O)CC[C@H](N)C(O)=O,165.2100,165.045964400,LC-MS/MS,"Amino acids, peptides, and analogues",Internal Work,TRUE,TRUE,TRUE,TRUE,TRUE
putrescine,Putrescine,HMDB0001414,NCCCCN,88.1515,88.100048390,LC-MS/MS,Amines,Internal Work,TRUE,TRUE,TRUE,TRUE,TRUE
serotonin,Serotonin,HMDB0000259,NCCC1=CNC2=C1C=C(O)C=C2,176.2151,176.094963000,LC-MS/MS,Tryptamines and derivatives,Internal Work,TRUE,TRUE,TRUE,TRUE,TRUE
spermidprogesterobneine,Spermidprogesterobneine,HMDB0001257,NCCCCNCCCN,145.2459,145.157897600,LC-MS/MS,Amines,Internal Work,TRUE,TRUE,TRUE,TRUE,TRUE
spermine,Spermine,HMDB0001256,NCCCNCCCCNCCCN,202.3402,202.215746900,LC-MS/MS,Amines,Internal Work,TRUE,TRUE,TRUE,TRUE,TRUE
taurine,Taurine,HMDB0000251,NCCS(O)(=O)=O,125.1470,125.014663800,LC-MS/MS,Organosulfonic acids and derivatives,Internal Work,TRUE,TRUE,TRUE,TRUE,TRUE
trans-oh-proline,trans-OH-Proline,HMDB0059659,CCCNC(=O)C1OC1C(=O)NC(C(C)CC)C(=O)N1CCCC1C(O)=O,383.4450,383.205635700,LC-MS/MS,"Amino acids, peptides, and analogues",Internal Work,TRUE,TRUE,TRUE,TRUE,TRUE
sarcosine,Sarcosine,HMDB0000271,CNCC(O)=O,89.0932,89.047678470,LC-MS/MS,"Amino acids, peptides, and analogues",Internal Work,TRUE,TRUE,TRUE,TRUE,TRUE
beta-alanine,beta-Alanine,HMDB0000056,NCCC(O)=O,89.0932,89.047678470,LC-MS/MS,"Amino acids, peptides, and analogues",Internal Work,TRUE,TRUE,TRUE,TRUE,TRUE
cystine,Cystine,HMDB0000192,N[C@@H](CSSC[C@H](N)C(O)=O)C(O)=O,240.3000,240.023848300,LC-MS/MS,"Amino acids, peptides, and analogues",NIST Certified data,TRUE,TRUE,TRUE,TRUE,TRUE
cysteine,Cysteine,HMDB0000574,N[C@@H](CS)C(O)=O,121.1580,121.019749200,LC-MS/MS,"Amino acids, peptides, and analogues",NIST Certified data,TRUE,TRUE,TRUE,TRUE,TRUE
guanidinoacetate,Guanidinoacetate,HMDB0000128,NC(=N)NCC(O)=O,117.1066,117.053826500,LC-MS/MS,Carboxylic acids and derivatives,PMID: 32490663,TRUE,TRUE,TRUE,TRUE,TRUE
guanidinosuccinate,Guanidinosuccinate,HMDB0003157,NC(=N)N[C@@H](CC(O)=O)C(O)=O,175.1427,175.059305800,LC-MS/MS,"Amino acids, peptides, and analogues",PMID: 32490663,TRUE,TRUE,TRUE,TRUE,TRUE
guanidinobutanote,Guanidinobutanote,HMDB0003464,NC(=N)NCCCC(O)=O,145.1597,145.085126600,LC-MS/MS,"Amino acids, peptides, and analogues",PMID: 32490663,TRUE,TRUE,TRUE,TRUE,TRUE
hypotaurine,Hypotaurine,HMDB0000965,NCCS(O)=O,109.1470,109.019749200,LC-MS/MS,Sulfinic acids,PMID: 32490663,TRUE,TRUE,TRUE,TRUE,TRUE
pyrogluamate (oxoproline),Pyrogluamate (Oxoproline),HMDB0000267,OC(=O)[C@@H]1CCC(=O)N1,129.1140,129.042593100,LC-MS/MS,"Amino acids, peptides, and analogues",PMID: 32490663,TRUE,TRUE,TRUE,TRUE,TRUE
s-adenosylhomocysteine,S-adenosylhomocysteine,HMDB0000939,N[C@@H](CCSC[C@H]1O[C@H]([C@H](O)[C@@H]1O)N1C=NC2=C1N=CN=C2N)C(O)=O,384.4110,384.121588500,LC-MS/MS,Gamma butyrolactones,PMID: 32490663,TRUE,TRUE,TRUE,TRUE,TRUE
ophthalmic acid,Ophthalmic acid,HMDB0005765,CC[C@H](NC(=O)CC[C@H](N)C(O)=O)C(=O)NCC(O)=O,289.2851,289.127385400,LC-MS/MS,"Amino acids, peptides, and analogues",PMID: 32490663,TRUE,TRUE,TRUE,TRUE,TRUE
histamine,Histamine,HMDB0000870,NCCC1=CNC=N1,111.1451,111.079647300,LC-MS/MS,Amines,PMID: 32490663,TRUE,TRUE,TRUE,TRUE,TRUE
urocanate,Urocanate,HMDB0000301,OC(=O)\C=C\C1=CNC=N1,138.1240,138.042927400,LC-MS/MS,Imidazoles,PMID: 32490663,TRUE,TRUE,TRUE,TRUE,TRUE
thyroxine,Thyroxine,HMDB0000248,N[C@@H](CC1=CC(I)=C(OC2=CC(I)=C(O)C(I)=C2)C(I)=C1)C(O)=O,776.8700,776.686681500,LC-MS/MS,"Amino acids, peptides, and analogues",PMID: 32490663,TRUE,TRUE,TRUE,TRUE,TRUE
3-methoxytyrosine,3-Methoxytyrosine,HMDB0001434,COC1=C(O)C=CC(CC(N)C(O)=O)=C1,211.2145,211.084457900,LC-MS/MS,"Amino acids, peptides, and analogues",PMID: 32490663,TRUE,TRUE,TRUE,TRUE,TRUE
methoxytyramine (3 or 4),Methoxytyramine (3 or 4),HMDB0000022,COC1=C(O)C=CC(CCN)=C1,167.2050,167.094628700,LC-MS/MS,Methoxyphenols,PMID: 32490663,TRUE,TRUE,TRUE,TRUE,TRUE
octopamine,Octopamine,HMDB0004825,NC[C@H](O)C1=CC=C(O)C=C1,153.1784,153.078978600,LC-MS/MS,1-hydroxy-2-unsubstituted benzenoids,PMID: 32490663,TRUE,TRUE,TRUE,TRUE,TRUE
acetylphenylalanine,Acetylphenylalanine,HMDB0000512,CC(=O)N[C@@H](CC1=CC=CC=C1)C(O)=O,207.2258,207.089543300,LC-MS/MS,"Amino acids, peptides, and analogues",PMID: 32490663,TRUE,TRUE,TRUE,TRUE,TRUE
tryptamine,Tryptamine,HMDB0060064,NCCC1=CNC2=CC=CC=C12,160.2157,160.100048400,LC-MS/MS,Tryptamines and derivatives,PMID: 32490663,TRUE,TRUE,TRUE,TRUE,TRUE
n-acetylserotonin,N-Acetylserotonin,HMDB0001238,CC(=O)NCCC1=CNC2=C1C=C(O)C=C2,218.2518,218.105527700,LC-MS/MS,Hydroxyindoles,PMID: 32490663,TRUE,TRUE,TRUE,TRUE,TRUE
5-hydroxyindoleacetic acid,5-Hydroxyindoleacetic acid,HMDB0000763,OC(=O)CC1=CNC2=C1C=C(O)C=C2,191.1834,191.058243200,LC-MS/MS,Indoles and derivatives,PMID: 32490663,TRUE,TRUE,TRUE,TRUE,TRUE
indole-3-acetaldehyde,Indole-3-acetaldehyde,HMDB0001190,O=CCC1=CNC2=C1C=CC=C2,159.1846,159.068413900,LC-MS/MS,Indoles,PMID: 32490663,TRUE,TRUE,TRUE,TRUE,TRUE
melatonin,Melatonin,HMDB0001389,COC1=CC2=C(NC=C2CCNC(C)=O)C=C1,232.2783,232.121177800,LC-MS/MS,Indoles,PMID: 32490663,TRUE,TRUE,TRUE,TRUE,TRUE
methyloxindole/indolecarbinol,Methyloxindole/Indolecarbinol,HMDB0004186,CC1(O)C(=O)NC2=CC=CC=C12,163.1733,163.063328500,LC-MS/MS,Indolines,PMID: 32490663,TRUE,TRUE,TRUE,TRUE,TRUE
indole ethanol (tryptophanol),Indole ethanol (Tryptophanol),HMDB0003447,OCCC1=CNC2=C1C=CC=C2,161.2004,161.084064000,LC-MS/MS,Indoles,PMID: 32490663,TRUE,TRUE,TRUE,TRUE,TRUE
"n6,n6,n6-trimethyllysine","N6,N6,N6-Trimethyllysine",HMDB0001325,C[N+](C)(C)CCCC[C@H](N)C([O-])=O,188.2673,188.152477900,LC-MS/MS,"Amino acids, peptides, and analogues",PMID: 32490663,TRUE,TRUE,TRUE,TRUE,TRUE
acetyllysine,Acetyllysine,HMDB0000446,CC(=O)N[C@@H](CCCCN)C(O)=O,188.2270,188.116092400,LC-MS/MS,"Amino acids, peptides, and analogues",PMID: 32490663,TRUE,TRUE,TRUE,TRUE,TRUE
pipecolate,Pipecolate,HMDB0000070,OC(=O)C1CCCCN1,129.1570,129.078978600,LC-MS/MS,"Amino acids, peptides, and analogues",PMID: 32490663,TRUE,TRUE,TRUE,TRUE,TRUE
n-acetylleucine,N-Acetylleucine,HMDB0011756,CC(C)C[C@H](NC(C)=O)C(O)=O,173.2096,173.105193400,LC-MS/MS,"Amino acids, peptides, and analogues",PMID: 32490663,TRUE,TRUE,TRUE,TRUE,TRUE
1-aminocyclopropane-1-carboxylate,1-Aminocyclopropane-1-carboxylate,HMDB0036458,NC1(CC1)C(O)=O,101.1039,101.047678500,LC-MS/MS,"Amino acids, peptides, and analogues",PMID: 32490663,TRUE,TRUE,TRUE,TRUE,TRUE
benzylamine,Benzylamine,HMDB0033871,NCC1=CC=CC=C1,107.1531,107.073499300,LC-MS/MS,Phenylmethylamines,PMID: 32490663,TRUE,TRUE,TRUE,TRUE,TRUE
"aminophenol (2, 3, or 4)","Aminophenol (2, 3, or 4)",HMDB0001169,NC1=CC=C(O)C=C1,109.1259,109.052763900,LC-MS/MS,Aniline and substituted anilines,PMID: 32490663,TRUE,TRUE,TRUE,TRUE,TRUE
phenethylamine,Phenethylamine,HMDB0012275,NCCC1=CC=CC=C1,121.1796,121.089149400,LC-MS/MS,Benzene and substituted derivatives,PMID: 32490663,TRUE,TRUE,TRUE,TRUE,TRUE
quinoline,Quinoline,HMDB0033731,C1=CC=C2N=CC=CC2=C1,129.1586,129.057849200,LC-MS/MS,no subclass,PMID: 32490663,TRUE,TRUE,TRUE,TRUE,TRUE
2-quinolinecarboxylic acid,2-Quinolinecarboxylic acid,HMDB0000842,OC(=O)C1=NC2=C(C=CC=C2)C=C1,173.1681,173.047678500,LC-MS/MS,Quinoline carboxylic acids,PMID: 32490663,TRUE,TRUE,TRUE,TRUE,TRUE
salsolinol,Salsolinol,HMDB0005199,CC1NCCC2=C1C=C(O)C(O)=C2,179.2157,179.094628700,LC-MS/MS,no subclass,PMID: 32490663,TRUE,TRUE,TRUE,TRUE,TRUE
hydroxymethylglutarate,Hydroxymethylglutarate,HMDB0000355,CC(O)(CC(O)=O)CC(O)=O,162.1406,162.052823400,LC-MS/MS,Fatty acids and conjugates,PMID: 32490663,TRUE,TRUE,TRUE,TRUE,TRUE
mevalonic acid,Mevalonic acid,HMDB0000227,C[C@@](O)(CCO)CC(O)=O,148.1571,148.073558900,LC-MS/MS,Fatty acids and conjugates,PMID: 32490663,TRUE,TRUE,TRUE,TRUE,TRUE
sorbate,Sorbate,HMDB0029581,C\C=C\C=C\C(O)=O,112.1265,112.052429500,LC-MS/MS,Fatty acids and conjugates,PMID: 32490663,TRUE,TRUE,TRUE,TRUE,TRUE
2-methylmaleate,2-Methylmaleate,HMDB0000634,C\C(=C\C(O)=O)C(O)=O,130.0987,130.026608700,LC-MS/MS,Fatty acids and conjugates,PMID: 32490663,TRUE,TRUE,TRUE,TRUE,TRUE
azelaic acid,Azelaic acid,HMDB0000784,OC(=O)CCCCCCCC(O)=O,188.2209,188.104859000,LC-MS/MS,Fatty acids and conjugates,PMID: 32490663,TRUE,TRUE,TRUE,TRUE,TRUE
dihydroxybenzoate,Dihydroxybenzoate,HMDB0029666,OC(=O)C1=C(O)C=C(O)C=C1,154.1210,154.026608700,LC-MS/MS,Benzoic acids and derivatives,PMID: 32490663,TRUE,TRUE,TRUE,TRUE,TRUE
cinnamic acid,Cinnamic acid,HMDB0000567,OC(=O)\C=C/C1=CC=CC=C1,148.1586,148.052429500,LC-MS/MS,Cinnamic acids,PMID: 32490663,TRUE,TRUE,TRUE,TRUE,TRUE
hydroxyphenylpropionate,Hydroxyphenylpropionate,HMDB0000375,OC(=O)CCC1=CC(O)=CC=C1,166.1739,166.062994200,LC-MS/MS,no subclass,PMID: 32490663,TRUE,TRUE,TRUE,TRUE,TRUE
vanillylmandelate,Vanillylmandelate,HMDB0000291,COC1=C(O)C=CC(=C1)[C@H](O)C(O)=O,198.1727,198.052823400,LC-MS/MS,Methoxyphenols,PMID: 32490663,TRUE,TRUE,TRUE,TRUE,TRUE
quinic acid,Quinic acid,HMDB0003072,O[C@@H]1C[C@@](O)(C[C@@H](O)[C@H]1O)C(O)=O,192.1666,192.063388100,LC-MS/MS,Alcohols and polyols,PMID: 32490663,TRUE,TRUE,TRUE,TRUE,TRUE
ferulic acid,Ferulic acid,HMDB0000954,COC1=C(O)C=CC(\C=C\C(O)=O)=C1,194.1840,194.057908800,LC-MS/MS,Cinnamic acids and derivatives,PMID: 32490663,TRUE,TRUE,TRUE,TRUE,TRUE
hydroxypyridine,Hydroxypyridine,HMDB0013751,OC1=CC=CC=N1,95.0993,95.037113790,LC-MS/MS,Hydropyridines,PMID: 32490663,TRUE,TRUE,TRUE,TRUE,TRUE
ethanolamine phosphate,Ethanolamine Phosphate,HMDB0000224,NCCOP(O)(O)=O,141.0630,141.019094300,LC-MS/MS,Phosphate esters,PMID: 32490663,TRUE,TRUE,TRUE,TRUE,TRUE
glucuronic acid,Glucuronic acid,HMDB0000127,O[C@H]1O[C@@H]([C@@H](O)[C@H](O)[C@H]1O)C(O)=O,194.1394,194.042652700,LC-MS/MS,Carbohydrates and carbohydrate conjugates,PMID: 32490663,TRUE,TRUE,TRUE,TRUE,TRUE
tetrahydroxyhexanedioic acid,Tetrahydroxyhexanedioic acid,HMDB0000663,O[C@@H]([C@H](O)[C@@H](O)C(O)=O)[C@H](O)C(O)=O,210.1388,210.037567300,LC-MS/MS,Carbohydrates and carbohydrate conjugates,PMID: 32490663,TRUE,TRUE,TRUE,TRUE,TRUE
erythritol/threitol,Erythritol/Threitol,HMDB0002994,OCC(O)C(O)CO,122.1198,122.057908800,LC-MS/MS,Carbohydrates and carbohydrate conjugates,PMID: 32490663,TRUE,TRUE,TRUE,TRUE,TRUE
2-deoxyglucose,2-Deoxyglucose,HMDB0062477,OC[C@@H](O)[C@@H](O)[C@H](O)CC=O,164.1570,164.068473500,LC-MS/MS,Fatty alcohols,PMID: 32490663,TRUE,TRUE,TRUE,TRUE,TRUE
glucosamine,Glucosamine,HMDB0001514,N[C@H]1C(O)O[C@H](CO)[C@@H](O)[C@@H]1O,179.1711,179.079372500,LC-MS/MS,Carbohydrates and carbohydrate conjugates,PMID: 32490663,TRUE,TRUE,TRUE,TRUE,TRUE
hexane hexol (mannitol/sorbitol),Hexane hexol (Mannitol/Sorbitol),HMDB0000765,OC[C@@H](O)[C@@H](O)[C@H](O)[C@H](O)CO,182.1718,182.079038200,LC-MS/MS,Carbohydrates and carbohydrate conjugates,PMID: 32490663,TRUE,TRUE,TRUE,TRUE,TRUE
n-acetylglucosamine,N-Acetylglucosamine,HMDB0000215,CC(=O)N[C@H]1C(O)O[C@H](CO)[C@@H](O)[C@@H]1O,221.2078,221.089937200,LC-MS/MS,Carbohydrates and carbohydrate conjugates,PMID: 32490663,TRUE,TRUE,TRUE,TRUE,TRUE
n-acetylneuraminate,N-Acetylneuraminate,HMDB0000230,[H][C@]1(O[C@@](O)(C[C@H](O)[C@H]1NC(C)=O)C(O)=O)[C@H](O)[C@H](O)CO,309.2699,309.105981200,LC-MS/MS,Carbohydrates and carbohydrate conjugates,PMID: 32490663,TRUE,TRUE,TRUE,TRUE,TRUE
disaccharide (lactose),Disaccharide (Lactose),HMDB0000186,OC[C@H]1O[C@@H](O[C@H]2[C@H](O)[C@@H](O)[C@@H](O)O[C@@H]2CO)[C@H](O)[C@@H](O)[C@H]1O,342.2965,342.116211500,LC-MS/MS,Carbohydrates and carbohydrate conjugates,PMID: 32490663,TRUE,TRUE,TRUE,TRUE,TRUE
"tetrasaccharide (glycogen, stachyose)","Tetrasaccharide (Glycogen, Stachyose)",HMDB0000757,OC[C@H]1O[C@H](OC[C@H]2O[C@H](O[C@H]3[C@H](O)[C@@H](O)[C@@H](O)O[C@@H]3CO)[C@H](O)[C@@H](O)[C@@H]2O[C@H]2O[C@H](CO)[C@@H](O)[C@H](O)[C@H]2O)[C@H](O)[C@@H](O)[C@@H]1O,666.5777,666.221858400,LC-MS/MS,Carbohydrates and carbohydrate conjugates,PMID: 32490663,TRUE,TRUE,TRUE,TRUE,TRUE
acetylcholine,Acetylcholine,HMDB0000895,CC(=O)OCC[N+](C)(C)C,146.2074,146.118103800,LC-MS/MS,Quaternary ammonium salts,PMID: 32490663,TRUE,TRUE,TRUE,TRUE,TRUE
phosphocholine,Phosphocholine,HMDB0001565,C[N+](C)(C)CCOP(O)(O)=O,184.1507,184.073869500,LC-MS/MS,Quaternary ammonium salts,PMID: 32490663,TRUE,TRUE,TRUE,TRUE,TRUE
glycerophosphocholine,Glycerophosphocholine,HMDB0000086,C[N+](C)(C)CCOP([O-])(=O)OC[C@H](O)CO,257.2230,257.102824400,LC-MS/MS,Glycerophosphocholines,PMID: 32490663,TRUE,TRUE,TRUE,TRUE,TRUE
butyrobetaine,Butyrobetaine,HMDB0001161,C[N+](C)(C)CCCC([O-])=O,145.1995,145.110278700,LC-MS/MS,Fatty acids and conjugates,PMID: 32490663,TRUE,TRUE,TRUE,TRUE,TRUE
valerobetaine,Valerobetaine,HMDB0240732,C[N+](C)(C)CCCCC([O-])=O,159.2290,159.125928800,LC-MS/MS,Fatty acids and conjugates,PMID: 32490663,TRUE,TRUE,TRUE,TRUE,TRUE
retinoic acid,Retinoic acid,HMDB0001852,C\C(\C=C\C1=C(C)CCCC1(C)C)=C/C=C/C(/C)=C/C(O)=O,300.4420,300.208930100,LC-MS/MS,Retinoids,PMID: 32490663,TRUE,TRUE,TRUE,TRUE,TRUE
trigonelline,Trigonelline,HMDB0000875,C[N+]1=CC=CC(=C1)C([O-])=O,137.1360,137.047678500,LC-MS/MS,no subclass,PMID: 32490663,TRUE,TRUE,TRUE,TRUE,TRUE
fa 12:0 (lauric acid),FA 12:0 (Lauric acid),HMDB0000638,CCCCCCCCCCCC(O)=O,200.3178,200.177630000,"GC-FID, GC-MS",Fatty acids and conjugates,NIST Certified/Reference data,TRUE,TRUE,TRUE,TRUE,TRUE
fa 14:0 (myristic acid),FA 14:0 (Myristic acid),HMDB0000806,#N/A,0.0000,0.000000000,"GC-FID, GC-MS",Fatty acids and conjugates,NIST Certified/Reference data,TRUE,TRUE,TRUE,TRUE,TRUE
fa 14:1 (myristoleic acid),FA 14:1 (Myristoleic acid),HMDB0002000,#N/A,0.0000,0.000000000,"GC-FID, GC-MS",Fatty acids and conjugates,NIST Certified/Reference data,TRUE,TRUE,TRUE,TRUE,TRUE
fa 16:0 (palmitic acid),FA 16:0 (Palmitic acid),HMDB0000220,CCCCCCCCCCCCCCCC(O)=O,256.4241,256.240230300,"GC-FID, GC-MS",Fatty acids and conjugates,NIST Certified/Reference data,TRUE,TRUE,TRUE,TRUE,TRUE
fa 16:1 (palmitoleic acid),FA 16:1 (Palmitoleic acid),HMDB0003229,#N/A,0.0000,0.000000000,"GC-FID, GC-MS",Fatty acids and conjugates,NIST Certified/Reference data,TRUE,TRUE,TRUE,TRUE,TRUE
fa 17:0 (margaric acid),FA 17:0 (Margaric acid),HMDB0002259,#N/A,0.0000,0.000000000,"GC-FID, GC-MS",Fatty acids and conjugates,NIST Certified/Reference data,TRUE,TRUE,TRUE,TRUE,TRUE
fa 18:3 (alpha-linolenic acid),FA 18:3 (alpha-Linolenic acid),HMDB0001388,#N/A,0.0000,0.000000000,"GC-FID, GC-MS",Lineolic acids and derivatives,NIST Certified/Reference data,TRUE,TRUE,TRUE,TRUE,TRUE
fa 18:3 (gamma-linolenic acid),FA 18:3 (gamma-Linolenic acid),HMDB0003073,#N/A,0.0000,0.000000000,"GC-FID, GC-MS",Lineolic acids and derivatives,NIST Certified/Reference data,TRUE,TRUE,TRUE,TRUE,TRUE
fa 18:2 (linoleic acid),FA 18:2 (Linoleic acid),HMDB0000673,CCCCC\C=C/C\C=C/CCCCCCCC(O)=O,280.4455,280.240230300,"GC-FID, GC-MS",Lineolic acids and derivatives,NIST Certified/Reference data,TRUE,TRUE,TRUE,TRUE,TRUE
fa 18:1 (oleic acid),FA 18:1 (Oleic acid),HMDB0000207,CCCCCCCC\C=C/CCCCCCCC(O)=O,282.4614,282.255880300,"GC-FID, GC-MS",Fatty acids and conjugates,NIST Certified/Reference data,TRUE,TRUE,TRUE,TRUE,TRUE
fa 18:0 (stearic acid),FA 18:0 (Stearic acid),HMDB0000827,CCCCCCCCCCCCCCCCCC(O)=O,284.4772,284.271530400,"GC-FID, GC-MS",Fatty acids and conjugates,NIST Certified/Reference data,TRUE,TRUE,TRUE,TRUE,TRUE
fa 20:0 (arachidic acid),FA 20:0 (Arachidic acid),HMDB0002212,CCCCCCCCCCCCCCCCCCCC(O)=O,312.5304,312.302830500,"GC-FID, GC-MS",Fatty acids and conjugates,NIST Certified/Reference data,TRUE,TRUE,TRUE,TRUE,TRUE
fa 20:1 (gondoic acid),FA 20:1 (Gondoic acid),HMDB0002231,CCCCCCCC\C=C/CCCCCCCCCC(O)=O,310.5145,310.287180500,"GC-FID, GC-MS",Fatty acids and conjugates,NIST Certified/Reference data,TRUE,TRUE,TRUE,TRUE,TRUE
fa 20:2 (eicosadienoic acid),FA 20:2 (Eicosadienoic acid),HMDB0005060,CCCCC\C=C/C\C=C/CCCCCCCCCC(O)=O,308.4986,308.271530400,"GC-FID, GC-MS",Fatty acids and conjugates,NIST Certified/Reference data,TRUE,TRUE,TRUE,TRUE,TRUE
fa 20:3 (homolinoleic acid),FA 20:3 (Homolinoleic acid),HMDB0060039,CC\C=C/C\C=C/C\C=C/CCCCCCCCCC(O)=O,306.4828,306.255880300,"GC-FID, GC-MS",Fatty acids and conjugates,NIST Certified/Reference data,TRUE,TRUE,TRUE,TRUE,TRUE
fa 20:4 (arachidonic acid),FA 20:4 (Arachidonic acid),HMDB0001043,CCCCC\C=C/C\C=C/C\C=C/C\C=C/CCCC(O)=O,304.4669,304.240230300,"GC-FID, GC-MS",Fatty acids and conjugates,NIST Certified/Reference data,TRUE,TRUE,TRUE,TRUE,TRUE
fa 20:5 (eicosapentaenoic acid),FA 20:5 (Eicosapentaenoic acid),HMDB0001999,CC\C=C/C\C=C/C\C=C/C\C=C/C\C=C/CCCC(O)=O,302.4510,302.224580200,"GC-FID, GC-MS",Fatty acids and conjugates,NIST Certified/Reference data,TRUE,TRUE,TRUE,TRUE,TRUE
fa 22:0 (behenic acid),FA 22:0 (Behenic acid),HMDB0000944,#N/A,0.0000,0.000000000,"GC-FID, GC-MS",Fatty acids and conjugates,NIST Certified/Reference data,TRUE,TRUE,TRUE,TRUE,TRUE
fa 22:1 (erucic acid),FA 22:1 (Erucic acid),HMDB0002068,#N/A,0.0000,0.000000000,"GC-FID, GC-MS",Fatty acids and conjugates,NIST Certified/Reference data,TRUE,TRUE,TRUE,TRUE,TRUE
fa 22:4 (docosatetraenoic acid),FA 22:4 (Docosatetraenoic acid),HMDB0002226,CCCCC\C=C/C\C=C/C\C=C/C\C=C/CCCCCC(O)=O,332.5200,332.271530400,"GC-FID, GC-MS",Fatty acids and conjugates,NIST Certified/Reference data,TRUE,TRUE,TRUE,TRUE,TRUE
fa 22:5 ((docosapentaenoic acid),FA 22:5 ((Docosapentaenoic acid),HMDB0039133,CCC=CCCC=CCC=CCCC=CCCC=CCCC(O)=O,330.5042,330.255880300,"GC-FID, GC-MS",Fatty acids and conjugates,NIST Certified/Reference data,TRUE,TRUE,TRUE,TRUE,TRUE
fa 22:6 (docosahexaenoic acid),FA 22:6 (Docosahexaenoic acid),HMDB0002183,#N/A,0.0000,0.000000000,"GC-FID, GC-MS",Fatty Acyls,NIST Certified/Reference data,TRUE,TRUE,TRUE,TRUE,TRUE
fa 24:0 (tetracosanoic acid),FA 24:0 (Tetracosanoic acid),HMDB0002003,#N/A,0.0000,0.000000000,"GC-FID, GC-MS",Fatty acids and conjugates,NIST Certified/Reference data,TRUE,TRUE,TRUE,TRUE,TRUE
fa 24:1 (nervonic acid),FA 24:1 (Nervonic acid),HMDB0002368,#N/A,0.0000,0.000000000,"GC-FID, GC-MS",Fatty acids and conjugates,NIST Certified/Reference data,TRUE,TRUE,TRUE,TRUE,TRUE
sphinganine,Sphinganine,HMDB0000269,CCCCCCCCCCCCCCC[C@@H](O)[C@@H](N)CO,301.5078,301.298079500,LC-MS/MS,Amines,PMID: 32490663,TRUE,TRUE,TRUE,TRUE,TRUE
sphingosine,Sphingosine,HMDB0000252,CCCCCCCCCCCCC\C=C\[C@@H](O)[C@@H](N)CO,299.4919,299.282429400,LC-MS/MS,Amines,PMID: 32490663,TRUE,TRUE,TRUE,TRUE,TRUE
methyl jasmonate,Methyl jasmonate,HMDB0036583,CC\C=C/C[C@@H]1[C@@H](CC(=O)OC)CCC1=O,224.2961,224.141244500,LC-MS/MS,Lineolic acids and derivatives,PMID: 32490663,TRUE,TRUE,TRUE,TRUE,TRUE
inosine,Inosine,HMDB0000195,OC[C@H]1O[C@H]([C@H](O)[C@@H]1O)N1C=NC2=C(O)N=CN=C12,268.2261,268.080769500,LC-MS/MS,no subclass,PMID: 32490663,TRUE,TRUE,TRUE,TRUE,TRUE
cytosine,Cytosine,HMDB0000630,NC1=CC=NC(=O)N1,111.1020,111.043261800,LC-MS/MS,Pyrimidines and pyrimidine derivatives,PMID: 32490663,TRUE,TRUE,TRUE,TRUE,TRUE
5-methylcytosine,5-Methylcytosine,HMDB0002894,CC1=C(N)NC(=O)N=C1,125.1286,125.058911900,LC-MS/MS,Pyrimidines and pyrimidine derivatives,PMID: 32490663,TRUE,TRUE,TRUE,TRUE,TRUE
uracil,Uracil,HMDB0000300,O=C1NC=CC(=O)N1,112.0868,112.027277400,LC-MS/MS,Pyrimidines and pyrimidine derivatives,PMID: 32490663,TRUE,TRUE,TRUE,TRUE,TRUE
"dihydrouracil (5, 6)","Dihydrouracil (5, 6)",HMDB0000076,O=C1CCNC(=O)N1,114.1026,114.042927400,LC-MS/MS,Pyrimidines and pyrimidine derivatives,PMID: 32490663,TRUE,TRUE,TRUE,TRUE,TRUE
biliverdin,Biliverdin,HMDB0001008,CC1=C(C=C)\C(NC1=O)=C\C1=C(C)C(CCC(O)=O)=C(N1)\C=C1/N=C(/C=C2\NC(=O)C(C=C)=C2C)C(C)=C1CCC(O)=O,582.6570,582.247834800,LC-MS/MS,Bilirubins,PMID: 32490663,TRUE,TRUE,TRUE,TRUE,TRUE
bilirubin,Bilirubin,HMDB0000054,CC1=C(C=C)\C(NC1=O)=C\C1=C(C)C(CCC(O)=O)=C(CC2=C(CCC(O)=O)C(C)=C(N2)\C=C2/NC(=O)C(C=C)=C2C)N1,584.6621,584.263484900,LC-MS/MS,Bilirubins,PMID: 32490663,TRUE,TRUE,TRUE,TRUE,TRUE
caffeine,Caffeine,HMDB0001847,CN1C=NC2=C1C(=O)N(C)C(=O)N2C,194.1906,194.080375600,LC-MS/MS,Purines and purine derivatives,PMID: 32490663,TRUE,TRUE,TRUE,TRUE,TRUE
nicotine,Nicotine,HMDB0001934,CN1CCC[C@H]1C1=CN=CC=C1,162.2316,162.115698500,LC-MS/MS,Pyrrolidinylpyridines,PMID: 32490663,TRUE,TRUE,TRUE,TRUE,TRUE
cotinine,Cotinine,HMDB0001046,CN1C(CCC1=O)C1=CN=CC=C1,176.2151,176.094963000,LC-MS/MS,Pyridines and derivatives,PMID: 32490663,TRUE,TRUE,TRUE,TRUE,TRUE
pfos,PFOS,HMDB0256327,OC(=O)CNS(=O)(=O)C(F)(F)C(F)(F)C(F)(F)C(F)(F)C(F)(F)C(F)(F)C(F)(F)C(F)(F)F,557.1800,556.958957600,LC-MS/MS,Alkyl fluorides,PMID: 32490663,TRUE,TRUE,TRUE,TRUE,TRUE
pfoa,PFOA,HMDB0256329,FC(F)(F)C(F)(F)C(F)(F)C(F)(F)C(F)(F)C(F)(F)C(F)(F)C(Cl)=O,432.5100,431.939814800,LC-MS/MS,Acyl chlorides,PMID: 32490663,TRUE,TRUE,TRUE,TRUE,TRUE
pfhxs,PFHxS,HMDB0256323,FC(F)(F)C(F)(F)C(F)(F)C(F)(F)C(F)(F)C(F)(F)F,338.0440,337.977644300,LC-MS/MS,no subclass,PMID: 32490663,TRUE,TRUE,TRUE,TRUE,TRUE
pfna,PFNA,HMDB0247702,OC(=O)C(F)(F)C(F)(F)C(F)(F)C(F)(F)C(F)(F)C(F)(F)C(F)(F)C(F)F,446.0870,445.979929900,LC-MS/MS,Fatty acids and conjugates,PMID: 32490663,TRUE,TRUE,TRUE,TRUE,TRUE
pfda,PFDA,HMDB0256318,OC(=O)C(F)(F)C(F)(F)C(F)(F)C(F)(F)C(F)(F)C(F)(F)C(F)(F)C(F)(F)C(F)(F)C(F)(F)C(F)(F)F,614.1010,613.960927000,LC-MS/MS,Alkyl fluorides,PMID: 32490663,TRUE,TRUE,TRUE,TRUE,TRUE
lutein,Lutein,HMDB0003233,#N/A,0.0000,0.000000000,LC-MS/MS,Tetraterpenoids,NIST Certified data,TRUE,TRUE,TRUE,TRUE,TRUE
zeaxanthin,Zeaxanthin,HMDB0002789,#N/A,0.0000,0.000000000,LC-MS/MS,Tetraterpenoids,NIST Certified data,TRUE,TRUE,TRUE,TRUE,TRUE
beta-cryptoxanthin,beta-Cryptoxanthin,HMDB0240576,#N/A,0.0000,0.000000000,LC-MS/MS,Tetraterpenoids,NIST Certified data,TRUE,TRUE,TRUE,TRUE,TRUE
beta-carotene,beta-Carotene,HMDB0000561,#N/A,0.0000,0.000000000,LC-MS/MS,Tetraterpenoids,NIST Certified data,TRUE,TRUE,TRUE,TRUE,TRUE
alpha-carotene,alpha-Carotene,HMDB0240574,#N/A,0.0000,0.000000000,LC-MS/MS,Tetraterpenoids,NIST Certified data,TRUE,TRUE,TRUE,TRUE,TRUE
trans-lycopene,trans-Lycopene,HMDB0003000,#N/A,0.0000,0.000000000,LC-MS/MS,Tetraterpenoids,NIST Certified data,TRUE,TRUE,TRUE,TRUE,TRUE
total lycopene,Total Lycopene,HMDB0003000,#N/A,0.0000,0.000000000,LC-MS/MS,Prenol lipids,NIST Certified data,TRUE,TRUE,TRUE,TRUE,TRUE
dimethylphenylenediamine,Dimethylphenylenediamine,HMDB0247696,CN(C)C1=CC=C(N)C=C1,136.1943,136.100048400,LC-MS/MS,Amines,PMID: 32490663,TRUE,TRUE,TRUE,TRUE,TRUE
"1,3-diaminopropane","1,3-Diaminopropane",HMDB0000002,NCCCN,74.1249,74.084398330,LC-MS/MS,Amines,Internal Work,TRUE,TRUE,TRUE,TRUE,TRUE
1-methylnicotinamide,1-Methylnicotinamide,HMDB0000699,C[N+]1=CC=CC(=C1)C(N)=O,137.1592,137.071487900,LC-MS/MS,Pyridinecarboxylic acids and derivatives,Internal Work,TRUE,TRUE,TRUE,TRUE,TRUE
2-hydroxy-3-methylvaleric acid,2-Hydroxy-3-methylvaleric acid,HMDB0000317,CC[C@@H](C)[C@@H](O)C(O)=O,132.1577,132.078644300,LC-MS/MS,Fatty acids and conjugates,Internal Work,TRUE,TRUE,TRUE,TRUE,TRUE
2-hydroxyglutaric acid,2-hydroxyglutaric acid,HMDB0000606,O[C@H](CCC(O)=O)C(O)=O,148.1140,148.037173400,LC-MS/MS,Short-chain hydroxy acids and derivatives,Internal Work,TRUE,TRUE,TRUE,TRUE,TRUE
2-hydroxyisobutyric acid,2-Hydroxyisobutyric acid,HMDB0000729,CC(C)(O)C(O)=O,104.1045,104.047344100,LC-MS/MS,Alpha hydroxy acids and derivatives,Internal Work,TRUE,TRUE,TRUE,TRUE,TRUE
2-hydroxyphenylacetic acid,2-Hydroxyphenylacetic acid,HMDB0000669,OC(=O)CC1=C(O)C=CC=C1,152.1473,152.047344100,LC-MS/MS,Phenylacetic acids,Internal Work,TRUE,TRUE,TRUE,TRUE,TRUE
2-oxoadipic acid,2-oxoadipic acid,HMDB0000225,OC(=O)CCCC(=O)C(O)=O,160.1247,160.037173400,LC-MS/MS,Medium-chain keto acids and derivatives,Internal Work,TRUE,TRUE,TRUE,TRUE,TRUE
2-oxoisocaproic acid,2-oxoisocaproic acid,HMDB0000695,CC(C)CC(=O)C(O)=O,130.1418,130.062994200,LC-MS/MS,Keto acids and derivatives,Internal Work,TRUE,TRUE,TRUE,TRUE,TRUE
3-aminoisobutyric acid,3-Aminoisobutyric acid,HMDB0003911,CC(CN)C(O)=O,103.1198,103.063328500,LC-MS/MS,"Amino acids, peptides, and analogues",Internal Work,TRUE,TRUE,TRUE,TRUE,TRUE
3-deoxyglucosone,3-Deoxyglucosone,HMDB0245856,OCC(O)C(O)CC(=O)C=O,162.1410,162.052823400,LC-MS/MS,Fatty alcohols,Internal Work,TRUE,TRUE,TRUE,TRUE,TRUE
3-hydroxyisobutyric acid,3-Hydroxyisobutyric acid,HMDB0000023,C[C@@H](CO)C(O)=O,104.1045,104.047344100,LC-MS/MS,Beta hydroxy acids and derivatives,Internal Work,TRUE,TRUE,TRUE,TRUE,TRUE
3-methyladipic acid,3-Methyladipic acid,HMDB0000555,C[C@@H](CCC(O)=O)CC(O)=O,160.1678,160.073558900,LC-MS/MS,Fatty acids and conjugates,Internal Work,TRUE,TRUE,TRUE,TRUE,TRUE
4-ethylphenyl sulfate,4-Ethylphenyl sulfate,HMDB0062551,CCC1=CC=C(OS(O)(=O)=O)C=C1,202.2200,202.029980000,LC-MS/MS,Arylsulfates,Internal Work,TRUE,TRUE,TRUE,TRUE,TRUE
4-hydroxyphenylacetic acid,4-Hydroxyphenylacetic acid,HMDB0000020,OC(=O)CC1=CC=C(O)C=C1,152.1473,152.047344100,LC-MS/MS,1-hydroxy-2-unsubstituted benzenoids,Internal Work,TRUE,TRUE,TRUE,TRUE,TRUE
4-hydroxyphenylpyruvic acid,4-Hydroxyphenylpyruvic acid,HMDB0000707,OC(=O)C(=O)CC1=CC=C(O)C=C1,180.1574,180.042258700,LC-MS/MS,Phenylpyruvic acid derivatives,Internal Work,TRUE,TRUE,TRUE,TRUE,TRUE
5-hydroxylysine,5-Hydroxylysine,HMDB0000450,NC[C@H](O)CC[C@H](N)C(O)=O,162.1870,162.100442300,LC-MS/MS,"Amino acids, peptides, and analogues",Internal Work,TRUE,TRUE,TRUE,TRUE,TRUE
5-methyluridine,5-Methyluridine,HMDB0000884,CC1=CN([C@@H]2O[C@H](CO)[C@@H](O)[C@H]2O)C(=O)NC1=O,258.2280,258.085186200,LC-MS/MS,no subclass,Internal Work,TRUE,TRUE,TRUE,TRUE,TRUE
5-oxoproline,5-Oxoproline,HMDB0000267,OC(=O)[C@@H]1CCC(=O)N1,129.1140,129.042593100,LC-MS/MS,Carboxylic acids and derivatives,Internal Work,TRUE,TRUE,TRUE,TRUE,TRUE
7-methylguanine,7-Methylguanine,HMDB0000897,CN1C=NC2=C1C(=O)N=C(N)N2,165.1527,165.065059900,LC-MS/MS,Purines and purine derivatives,Internal Work,TRUE,TRUE,TRUE,TRUE,TRUE
adenine,Adenine,HMDB0000034,NC1=C2NC=NC2=NC=N1,135.1267,135.054495200,LC-MS/MS,Purines and purine derivatives,Internal Work,TRUE,TRUE,TRUE,TRUE,TRUE
adenosine,Adenosine,HMDB0000050,NC1=C2N=CN([C@@H]3O[C@H](CO)[C@@H](O)[C@H]3O)C2=NC=N1,267.2413,267.096753900,LC-MS/MS,no subclass,Internal Work,TRUE,TRUE,TRUE,TRUE,TRUE
alpha-ketoisovaleric acid,alpha-Ketoisovaleric acid,HMDB0000019,CC(C)C(=O)C(O)=O,116.1152,116.047344100,LC-MS/MS,Short-chain keto acids and derivatives,Internal Work,TRUE,TRUE,TRUE,TRUE,TRUE
benzoic acid,Benzoic acid,HMDB0001870,OC(=O)C1=CC=CC=C1,122.1230,122.036779400,LC-MS/MS,Benzoic acids and derivatives,Internal Work,TRUE,TRUE,TRUE,TRUE,TRUE
caproic acid,Caproic acid,HMDB0000535,CCCCCC(O)=O,116.1583,116.083729600,LC-MS/MS,Fatty acids and conjugates,Internal Work,TRUE,TRUE,TRUE,TRUE,TRUE
caprylic acid,Caprylic acid,HMDB0000482,CCCCCCCC(O)=O,144.2114,144.115029800,LC-MS/MS,Fatty acids and conjugates,Internal Work,TRUE,TRUE,TRUE,TRUE,TRUE
cis-aconitic acid,cis-Aconitic acid,HMDB0000072,OC(=O)C\C(=C\C(O)=O)C(O)=O,174.1082,174.016437900,LC-MS/MS,Tricarboxylic acids and derivatives,Internal Work,TRUE,TRUE,TRUE,TRUE,TRUE
cmpf,CMPF,HMDB0062776,CCCC1=C(C)C(C(O)=O)=C(CCC(O)=O)O1,240.2524,240.099773600,LC-MS/MS,Fatty acids and conjugates,Internal Work,TRUE,TRUE,TRUE,TRUE,TRUE
deoxyadenosine,Deoxyadenosine,HMDB0000101,NC1=C2N=CN([C@H]3C[C@H](O)[C@@H](CO)O3)C2=NC=N1,251.2419,251.101839300,LC-MS/MS,Purine 2'-deoxyribonucleosides,Internal Work,TRUE,TRUE,TRUE,TRUE,TRUE
dimethylamine,Dimethylamine,HMDB0000087,CNC,45.0837,45.057849230,LC-MS/MS,Amines,Internal Work,TRUE,TRUE,TRUE,TRUE,TRUE
ethanolamine,Ethanolamine,HMDB0000149,NCCO,61.0831,61.052763850,LC-MS/MS,Amines,Internal Work,TRUE,TRUE,TRUE,TRUE,TRUE
ethylmalonic acid,Ethylmalonic acid,HMDB0000622,CCC(C(O)=O)C(O)=O,132.1146,132.042258700,LC-MS/MS,Fatty acids and conjugates,Internal Work,TRUE,TRUE,TRUE,TRUE,TRUE
"2,5-furandicarboxylic acid","2,5-Furandicarboxylic acid",HMDB0004812,OC(=O)C1=CC=C(O1)C(O)=O,156.0930,156.005873200,LC-MS/MS,Furoic acid and derivatives,Internal Work,TRUE,TRUE,TRUE,TRUE,TRUE
gamma-aminobutyric acid,gamma-Aminobutyric acid,HMDB0000112,NCCCC(O)=O,103.1198,103.063328500,LC-MS/MS,"Amino acids, peptides, and analogues",Internal Work,TRUE,TRUE,TRUE,TRUE,TRUE
glutaric acid,Glutaric acid,HMDB0000661,OC(=O)CCCC(O)=O,132.1146,132.042258700,LC-MS/MS,Dicarboxylic acids and derivatives,Internal Work,TRUE,TRUE,TRUE,TRUE,TRUE
glyceric acid,Glyceric acid,HMDB0000139,OC[C@@H](O)C(O)=O,106.0773,106.026608700,LC-MS/MS,Carbohydrates and carbohydrate conjugates,Internal Work,TRUE,TRUE,TRUE,TRUE,TRUE
guanidinopropionic acid,Guanidinopropionic acid,HMDB0013222,NC(=N)NCCC(O)=O,131.1332,131.069476500,LC-MS/MS,Guanidines,Internal Work,TRUE,TRUE,TRUE,TRUE,TRUE
indole,Indole,HMDB0000738,N1C=CC2=C1C=CC=C2,117.1479,117.057849200,LC-MS/MS,Indoles,Internal Work,TRUE,TRUE,TRUE,TRUE,TRUE
indole-3-propionic acid,Indole-3-propionic acid,HMDB0002302,OC(=O)CCC1=CNC2=C1C=CC=C2,189.2105,189.078978600,LC-MS/MS,Indolyl carboxylic acids and derivatives,Internal Work,TRUE,TRUE,TRUE,TRUE,TRUE
indoxyl sulfate,Indoxyl sulfate,HMDB0000682,OS(=O)(=O)OC1=CNC2=CC=CC=C12,213.2100,213.009578400,LC-MS/MS,Arylsulfates,Internal Work,TRUE,TRUE,TRUE,TRUE,TRUE
isocitric acid,Isocitric acid,HMDB0000193,OC(C(CC(O)=O)C(O)=O)C(O)=O,192.1235,192.027002600,LC-MS/MS,Tricarboxylic acids and derivatives,Internal Work,TRUE,TRUE,TRUE,TRUE,TRUE
isovaleric acid,IsoValeric acid,HMDB0000718,CC(C)CC(O)=O,102.1317,102.068079600,LC-MS/MS,Fatty acids and conjugates,Internal Work,TRUE,TRUE,TRUE,TRUE,TRUE
kynurenic acid,Kynurenic acid,HMDB0000715,OC(=O)C1=CC(=O)C2=CC=CC=C2N1,189.1675,189.042593100,LC-MS/MS,Quinoline carboxylic acids,Internal Work,TRUE,TRUE,TRUE,TRUE,TRUE
malic acid,Malic acid,HMDB0000156,O[C@@H](CC(O)=O)C(O)=O,134.0874,134.021523300,LC-MS/MS,Beta hydroxy acids and derivatives,Internal Work,TRUE,TRUE,TRUE,TRUE,TRUE
n1-acetyl-lysine,N1-Acetyl-Lysine,HMDB0000446,CC(=O)N[C@@H](CCCCN)C(O)=O,188.2270,188.116092400,LC-MS/MS,Carboxylic acids and derivatives,Internal Work,TRUE,TRUE,TRUE,TRUE,TRUE
n1-acetylspermidine,N1-Acetylspermidine,HMDB0001276,CC(=O)NCCCNCCCCN,187.2825,187.168462300,LC-MS/MS,Carboximidic acids,Internal Work,TRUE,TRUE,TRUE,TRUE,TRUE
n2-acetyl-ornithine,N2-Acetyl-Ornithine,HMDB0003357,CC(=O)N[C@@H](CCCN)C(O)=O,174.1977,174.100442300,LC-MS/MS,Carboxylic acids and derivatives,Internal Work,TRUE,TRUE,TRUE,TRUE,TRUE
n-acetyl-alanine,N-Acetyl-Alanine,HMDB0000766,C[C@H](NC(C)=O)C(O)=O,131.1299,131.058243200,LC-MS/MS,"Amino acids, peptides, and analogues",Internal Work,TRUE,TRUE,TRUE,TRUE,TRUE
n-acetyl-asparagine,N-Acetyl-Asparagine,HMDB0006028,CC(=O)N[C@@H](CC(N)=O)C(O)=O,174.1546,174.064056800,LC-MS/MS,"Amino acids, peptides, and analogues",Internal Work,TRUE,TRUE,TRUE,TRUE,TRUE
n-acetyl-aspartic acid,N-Acetyl-Aspartic acid,HMDB0000812,CC(=O)N[C@@H](CC(O)=O)C(O)=O,175.1394,175.048072400,LC-MS/MS,"Amino acids, peptides, and analogues",Internal Work,TRUE,TRUE,TRUE,TRUE,TRUE
n-acetyl-glutamic acid,N-Acetyl-Glutamic acid,HMDB0001138,CC(=O)N[C@@H](CCC(O)=O)C(O)=O,189.1659,189.063722500,LC-MS/MS,"Amino acids, peptides, and analogues",Internal Work,TRUE,TRUE,TRUE,TRUE,TRUE
n-acetyl-glycine,N-Acetyl-Glycine,HMDB0000532,CC(=O)NCC(O)=O,117.1033,117.042593100,LC-MS/MS,"Amino acids, peptides, and analogues",Internal Work,TRUE,TRUE,TRUE,TRUE,TRUE
n-acetyl-histidine,N-Acetyl-Histidine,HMDB0032055,CC(=O)N[C@@H](CC1=CNC=N1)C(O)=O,197.1940,197.080041200,LC-MS/MS,"Amino acids, peptides, and analogues",Internal Work,TRUE,TRUE,TRUE,TRUE,TRUE
n-acetyl-isoleucine,N-Acetyl-Isoleucine,HMDB0061684,CC[C@H](C)[C@H](NC(C)=O)C(O)=O,173.2120,173.105193300,LC-MS/MS,"Amino acids, peptides, and analogues",Internal Work,TRUE,TRUE,TRUE,TRUE,TRUE
n-acetyl-methionine,N-Acetyl-Methionine,HMDB0011745,CSCC[C@H](NC(C)=O)C(O)=O,191.2480,191.061614000,LC-MS/MS,"Amino acids, peptides, and analogues",Internal Work,TRUE,TRUE,TRUE,TRUE,TRUE
n-acetyl-proline,N-Acetyl-Proline,HMDB0094701,[H][C@]1(CCCN1C(C)=O)C(O)=O,157.1671,157.073893200,LC-MS/MS,"Amino acids, peptides, and analogues",Internal Work,TRUE,TRUE,TRUE,TRUE,TRUE
n-acetylputrescine,N-Acetylputrescine,HMDB0002064,CC(=O)NCCCCN,130.1882,130.110613100,LC-MS/MS,Carboximidic acids,Internal Work,TRUE,TRUE,TRUE,TRUE,TRUE
n-acetyl-serine,N-Acetyl-Serine,HMDB0002931,CC(=O)N[C@@H](CO)C(O)=O,147.1293,147.053157800,LC-MS/MS,"Amino acids, peptides, and analogues",Internal Work,TRUE,TRUE,TRUE,TRUE,TRUE
n-acetyl-tryptophan,N-Acetyl-Tryptophan,HMDB0013713,CC(=O)N[C@@H](CC1=CNC2=C1C=CC=C2)C(O)=O,246.2619,246.100442300,LC-MS/MS,"Amino acids, peptides, and analogues",Internal Work,TRUE,TRUE,TRUE,TRUE,TRUE
n-acetyl-valine,N-Acetyl-Valine,HMDB0011757,CC(C)[C@H](NC(C)=O)C(O)=O,159.1850,159.089543300,LC-MS/MS,"Amino acids, peptides, and analogues",Internal Work,TRUE,TRUE,TRUE,TRUE,TRUE
nudifloramide,Nudifloramide,HMDB0004193,CN1C=C(C=CC1=O)C(N)=O,152.1506,152.058577500,LC-MS/MS,Pyridinecarboxylic acids and derivatives,Internal Work,TRUE,TRUE,TRUE,TRUE,TRUE
orotic acid,Orotic acid,HMDB0000226,OC(=O)C1=CC(=O)NC(=O)N1,156.0963,156.017106600,LC-MS/MS,Pyrimidines and pyrimidine derivatives,Internal Work,TRUE,TRUE,TRUE,TRUE,TRUE
p-cresol sulfate,p-Cresol sulfate,HMDB0011635,CC1=CC=C(OS(O)(=O)=O)C=C1,188.2010,188.014329400,LC-MS/MS,Arylsulfates,Internal Work,TRUE,TRUE,TRUE,TRUE,TRUE
phenylacetic acid,Phenylacetic acid,HMDB0000209,OC(=O)CC1=CC=CC=C1,136.1479,136.052429500,LC-MS/MS,no subclass,Internal Work,TRUE,TRUE,TRUE,TRUE,TRUE
phenylacetylglutamine,Phenylacetylglutamine,HMDB0006344,NC(=O)CC[C@H](NC(=O)CC1=CC=CC=C1)C(O)=O,264.2771,264.111007000,LC-MS/MS,"Amino acids, peptides, and analogues",Internal Work,TRUE,TRUE,TRUE,TRUE,TRUE
p-hydroxyhippuric acid,p-Hydroxyhippuric acid,HMDB0013678,OC(=O)CNC(=O)C1=CC=C(O)C=C1,195.1721,195.053157800,LC-MS/MS,Benzene and substituted derivatives,Internal Work,TRUE,TRUE,TRUE,TRUE,TRUE
picolinic acid,Picolinic acid,HMDB0002243,OC(=O)C1=CC=CC=N1,123.1094,123.032028400,LC-MS/MS,Pyridinecarboxylic acids and derivatives,Internal Work,TRUE,TRUE,TRUE,TRUE,TRUE
pipecolic acid,Pipecolic acid,HMDB0000070,OC(=O)C1CCCCN1,129.1570,129.078978600,LC-MS/MS,Carboxylic acids and derivatives,Internal Work,TRUE,TRUE,TRUE,TRUE,TRUE
quinoline-4-carboxylic acid,Quinoline-4-carboxylic acid,HMDB0257047,OC(=O)C1=CC=NC2=CC=CC=C12,173.1710,173.047678500,LC-MS/MS,Quinoline carboxylic acids,Internal Work,TRUE,TRUE,TRUE,TRUE,TRUE
quinolinic acid,Quinolinic acid,HMDB0000232,OC(=O)C1=CC=CN=C1C(O)=O,167.1189,167.021857700,LC-MS/MS,Pyridinecarboxylic acids and derivatives,Internal Work,TRUE,TRUE,TRUE,TRUE,TRUE
salicylic acid,Salicylic acid,HMDB0001895,OC(=O)C1=C(O)C=CC=C1,138.1220,138.031694100,LC-MS/MS,Benzoic acids and derivatives,Internal Work,TRUE,TRUE,TRUE,TRUE,TRUE
tartaric acid,Tartaric acid,HMDB0000956,O[C@H]([C@@H](O)C(O)=O)C(O)=O,150.0868,150.016437900,LC-MS/MS,Carbohydrates and carbohydrate conjugates,Internal Work,TRUE,TRUE,TRUE,TRUE,TRUE
threonic acid,Threonic acid,HMDB0000943,OC[C@H](O)[C@@H](O)C(O)=O,136.1033,136.037173400,LC-MS/MS,Carbohydrates and carbohydrate conjugates,Internal Work,TRUE,TRUE,TRUE,TRUE,TRUE
thymidine,Thymidine,HMDB0000273,CC1=CN([C@H]2C[C@H](O)[C@@H](CO)O2)C(=O)NC1=O,242.2286,242.090271600,LC-MS/MS,Pyrimidine 2'-deoxyribonucleosides,Internal Work,TRUE,TRUE,TRUE,TRUE,TRUE
urea,Urea,HMDB0000294,NC(N)=O,60.0553,60.032362760,LC-MS/MS,Ureas,Internal Work,TRUE,TRUE,TRUE,TRUE,TRUE
uridine,Uridine,HMDB0000296,OC[C@H]1O[C@H]([C@H](O)[C@@H]1O)N1C=CC(=O)NC1=O,244.2014,244.069536100,LC-MS/MS,no subclass,Internal Work,TRUE,TRUE,TRUE,TRUE,TRUE
tmao,TMAO,HMDB0000925,C[N+](C)(C)[O-],75.1097,75.068413920,LC-MS/MS,Aminoxides,Internal Work,TRUE,TRUE,TRUE,TRUE,TRUE
carnitine (c0),Carnitine (C0),HMDB0000062,C[N+](C)(C)C[C@H](O)CC([O-])=O,161.1989,161.105193400,DI-MS/MS,Quaternary ammonium salts,Internal Work,TRUE,TRUE,TRUE,TRUE,TRUE
decanoylcarnitine (c10),Decanoylcarnitine (C10),HMDB0000651,CCCCCCCCCC(=O)O[C@H](CC([O-])=O)C[N+](C)(C)C,315.4540,315.240958500,DI-MS/MS,Fatty acid esters,Internal Work,TRUE,TRUE,TRUE,TRUE,TRUE
decenoylcarnitine (c10:1),Decenoylcarnitine (C10:1),HMDB0250918,CCCCCCCC=CC(=O)C(O)(CC([O-])=O)C[N+](C)(C)C,313.4380,313.225308500,DI-MS/MS,Fatty acids and conjugates,Internal Work,TRUE,TRUE,TRUE,TRUE,TRUE
decadienoylcarnitine (c10:2),Decadienoylcarnitine (C10:2),HMDB0241095,CCCC=CCCC=CC(=O)OC(CC([O-])=O)C[N+](C)(C)C,311.4220,311.209658400,DI-MS/MS,Fatty acid esters,Internal Work,TRUE,TRUE,TRUE,TRUE,TRUE
dodecanoylcarnitine (c12),Dodecanoylcarnitine (C12),HMDB0002250,CCCCCCCCCCCC(=O)O[C@H](CC(O)=O)C[N+](C)(C)C,344.5150,344.279535100,DI-MS/MS,Fatty acid esters,Internal Work,TRUE,TRUE,TRUE,TRUE,TRUE
dodecanedioylcarnitine (c12-dc),Dodecanedioylcarnitine (C12-DC),HMDB0013327,C[N+](C)(C)[C@H](CCC([O-])=O)OC(=O)CCCCCCCCCCC(O)=O,373.4843,373.246437900,DI-MS/MS,Tricarboxylic acids and derivatives,Internal Work,TRUE,TRUE,TRUE,TRUE,TRUE
dodecenoylcarnitine (c12:1),Dodecenoylcarnitine (C12:1),HMDB0251567,CCCCCCCCCC=CC(=O)C(O)(CC([O-])=O)C[N+](C)(C)C,341.4920,341.256608600,DI-MS/MS,Fatty acids and conjugates,Internal Work,TRUE,TRUE,TRUE,TRUE,TRUE
tetradecanoylcarnitine (c14),Tetradecanoylcarnitine (C14),HMDB0005066,CCCCCCCCCCCCCC(=O)O[C@H](CC(O)=O)C[N+](C)(C)C,372.5690,372.310835300,DI-MS/MS,Fatty acid esters,Internal Work,TRUE,TRUE,TRUE,TRUE,TRUE
tetradecenoylcarnitine (c14:1),Tetradecenoylcarnitine (C14:1),HMDB0258884,CCCCCCCCCCCC=CC(=O)C(O)(CC([O-])=O)C[N+](C)(C)C,369.5460,369.287908700,DI-MS/MS,Fatty acids and conjugates,Internal Work,TRUE,TRUE,TRUE,TRUE,TRUE
hydroxytetradecenoylcarnitine (c14:1-oh),Hydroxytetradecenoylcarnitine (C14:1-OH),HMDB0253296,C[N+](C)(C)CC(O)(CC([O-])=O)C(=O)C=CCCCCCCCCCCCO,385.5450,385.282823400,DI-MS/MS,Fatty acids and conjugates,Internal Work,TRUE,TRUE,TRUE,TRUE,TRUE
tetradecadienoylcarnitine (c14:2),Tetradecadienoylcarnitine (C14:2),HMDB0258882,CCCCCCCCCC=CC=CC(=O)C(O)(CC([O-])=O)C[N+](C)(C)C,367.5300,367.272258700,DI-MS/MS,Fatty acids and conjugates,Internal Work,TRUE,TRUE,TRUE,TRUE,TRUE
hydroxytetradecadienoylcarnitine (c14:2-oh),Hydroxytetradecadienoylcarnitine (C14:2-OH),HMDB0240755,[H]\C(CCCCC)=C(/[H])CC([H])=C([H])CC(O)CC(=O)OC(CC([O-])=O)C[N+](C)(C)C,383.5290,383.267173300,DI-MS/MS,Fatty acid esters,Internal Work,TRUE,TRUE,TRUE,TRUE,TRUE
hexadecenoylcarnitine c16,Hexadecenoylcarnitine C16,HMDB0253127,CCCCCCCCCCCCCC=CC(=O)C(O)(CC([O-])=O)C[N+](C)(C)C,397.6000,397.319208900,DI-MS/MS,Fatty acids and conjugates,Internal Work,TRUE,TRUE,TRUE,TRUE,TRUE
hydroxyhexadecanoylcarnitine (c16-oh),Hydroxyhexadecanoylcarnitine (C16-OH),HMDB0241460,CCCCCCCCCCCC(O)CCCC(=O)OC(CC([O-])=O)C[N+](C)(C)C,415.6150,415.329773600,DI-MS/MS,Fatty acid esters,Internal Work,TRUE,TRUE,TRUE,TRUE,TRUE
hexadecenoylcarnitine (c16:1),Hexadecenoylcarnitine (C16:1),HMDB0253127,CCCCCCCCCCCCCC=CC(=O)C(O)(CC([O-])=O)C[N+](C)(C)C,397.6000,397.319208900,DI-MS/MS,Fatty Acyls,Internal Work,TRUE,TRUE,TRUE,TRUE,TRUE
hydroxyhexadecenoylcarnitine (c16:1-oh),Hydroxyhexadecenoylcarnitine (C16:1-OH),HMDB0253270,C[N+](C)(C)CC(O)(CC([O-])=O)C(=O)C=CCCCCCCCCCCCCCO,413.5990,413.314123500,DI-MS/MS,Fatty acids and conjugates,Internal Work,TRUE,TRUE,TRUE,TRUE,TRUE
hexadecadienoylcarnitine (c16:2),Hexadecadienoylcarnitine (C16:2),HMDB0253270,C[N+](C)(C)CC(O)(CC([O-])=O)C(=O)C=CCCCCCCCCCCCCCO,413.5990,413.314123500,DI-MS/MS,Prenol lipids,Internal Work,TRUE,TRUE,TRUE,TRUE,TRUE
hydroxyhexadecadienoylcarnitine (c16:2-oh),Hydroxyhexadecadienoylcarnitine (C16:2-OH),HMDB0241486,CCCC=CC(O)CCCC=CCCCCC(=O)OC(CC([O-])=O)C[N+](C)(C)C,411.5830,411.298473400,DI-MS/MS,Fatty acid esters,Internal Work,TRUE,TRUE,TRUE,TRUE,TRUE
octadecanoylcarnitine (c18),Octadecanoylcarnitine (C18),HMDB00008484,CCCCCCC(O)CCCCCCCCCCC(=O)OC(CC([O-])=O)C[N+](C)(C)C,443.6603,443.361073700,DI-MS/MS,Fatty Acyls,Internal Work,TRUE,TRUE,TRUE,TRUE,TRUE
octadecenoylcarnitine (c18:1),Octadecenoylcarnitine (C18:1),HMDB0094687,CCCCCCCCCCCCCCCC=CC(=O)OC(CC([O-])=O)C[N+](C)(C)C,425.6540,425.350509000,DI-MS/MS,Fatty acid esters,Internal Work,TRUE,TRUE,TRUE,TRUE,TRUE
hydroxyoctadecenoylcarnitine (c18:1-oh),Hydroxyoctadecenoylcarnitine (C18:1-OH),HMDB0253282,C[N+](C)(C)CC(O)(CC([O-])=O)C(=O)C=CCCCCCCCCCCCCCCCO,441.6530,441.345423600,DI-MS/MS,Fatty acids and conjugates,Internal Work,TRUE,TRUE,TRUE,TRUE,TRUE
octadecadienylcarnitine (c18:2),Octadecadienylcarnitine (C18:2),HMDB0255895,CCCCCCCCCCCCCCC=CC=CC(O)(CC([O-])=O)C[N+](C)(C)C,409.6550,409.355594400,DI-MS/MS,Eicosanoids,Internal Work,TRUE,TRUE,TRUE,TRUE,TRUE
acetylcarnitine (c2),Acetylcarnitine (C2),HMDB0000201,CC(=O)O[C@H](CC([O-])=O)C[N+](C)(C)C,203.2380,203.115758000,DI-MS/MS,Fatty acid esters,Internal Work,TRUE,TRUE,TRUE,TRUE,TRUE
propionylcarnitine (c3),Propionylcarnitine (C3),HMDB0000824,CCC(=O)O[C@H](CC([O-])=O)C[N+](C)(C)C,217.2650,217.131408100,DI-MS/MS,Fatty acid esters,Internal Work,TRUE,TRUE,TRUE,TRUE,TRUE
hydroxypropionylcarnitine (c3-oh),Hydroxypropionylcarnitine (C3-OH),HMDB0013125,C[N+](C)(C)C[C@H](CC([O-])=O)OC(=O)CCO,233.2616,233.126322700,DI-MS/MS,Fatty acid esters,Internal Work,TRUE,TRUE,TRUE,TRUE,TRUE
propenoylcarnitine (c3:1),Propenoylcarnitine (C3:1),HMDB0013124,C[N+](C)(C)C[C@H](CC([O-])=O)OC(=O)C=C,215.2463,215.115758000,DI-MS/MS,Fatty acid esters,Internal Work,TRUE,TRUE,TRUE,TRUE,TRUE
butyrylcarnitine (c4),Butyrylcarnitine (C4),HMDB0002013,CCCC(=O)O[C@H](CC([O-])=O)C[N+](C)(C)C,231.2920,231.147058200,DI-MS/MS,Fatty acid esters,Internal Work,TRUE,TRUE,TRUE,TRUE,TRUE
malonylcarnitine (hydroxybutyrylcarnitine),Malonylcarnitine (Hydroxybutyrylcarnitine),HMDB0002095,C[N+](C)(C)C[C@@H](CC([O-])=O)OC(=O)CC(O)=O,247.2470,247.105587300,DI-MS/MS,Fatty acid esters,Internal Work,TRUE,TRUE,TRUE,TRUE,TRUE
butenylcarnitine (c4:1),Butenylcarnitine (C4:1),HMDB0013126,C\C=C\C(=O)O[C@@H](CC([O-])=O)C[N+](C)(C)C,229.2729,229.131408100,DI-MS/MS,Fatty acid esters,Internal Work,TRUE,TRUE,TRUE,TRUE,TRUE
valerylcarnitine (c5),Valerylcarnitine (C5),HMDB0013128,CCCCC(=O)O[C@H](CC([O-])=O)C[N+](C)(C)C,245.3190,245.162708200,DI-MS/MS,Fatty acid esters,Internal Work,TRUE,TRUE,TRUE,TRUE,TRUE
methylglutarylcarnitine (c5-m-dc),Methylglutarylcarnitine (C5-M-DC),HMDB0254648,CC(CCC(=O)C(C(O)C[N+](C)(C)C)C([O-])=O)C(=O)C(C(O)C[N+](C)(C)C)C([O-])=O,432.5140,432.247166100,DI-MS/MS,Medium-chain keto acids and derivatives,Internal Work,TRUE,TRUE,TRUE,TRUE,TRUE
hydroxyvalerylcarnitine,Hydroxyvalerylcarnitine,HMDB0013132,[H]C(O)(CC)CC(=O)O[C@@]([H])(CC([O-])=O)C[N+](C)(C)C,261.3180,261.158000000,DI-MS/MS,Fatty acid esters,Internal Work,TRUE,TRUE,TRUE,TRUE,TRUE
tiglylcarnitine (c5:1),Tiglylcarnitine (C5:1),HMDB0002366,C\C=C(/C)C(=O)O[C@H](CC([O-])=O)C[N+](C)(C)C,243.3030,243.147058200,DI-MS/MS,Fatty acid esters,Internal Work,TRUE,TRUE,TRUE,TRUE,TRUE
glutaconylcarnitine (c5:1-dc),Glutaconylcarnitine (C5:1-DC),HMDB0013129,OC(=O)C\C=C\C(=O)O[C@@H](CC([O-])=O)C[N+](C)(C)C,273.2824,273.121237300,DI-MS/MS,Fatty acid esters,Internal Work,TRUE,TRUE,TRUE,TRUE,TRUE
hexanoylcarnitine (c6 (c4:1-dc)),Hexanoylcarnitine (C6 (C4:1-DC)),HMDB0000756,CCCCCC(=O)O[C@H](CC(O)=O)C[N+](C)(C)C,260.3498,260.186183300,DI-MS/MS,Fatty acid esters,Internal Work,TRUE,TRUE,TRUE,TRUE,TRUE
hexenoylcarnitine (c6:1),Hexenoylcarnitine (C6:1),HMDB0253155,CCCC=CC(=O)C(O)(CC([O-])=O)C[N+](C)(C)C,257.3300,257.162708200,DI-MS/MS,Medium-chain keto acids and derivatives,Internal Work,TRUE,TRUE,TRUE,TRUE,TRUE
pimeloylcarnitine (c7-dc),Pimeloylcarnitine (C7-DC),HMDB0242187,C[N+](C)(C)C(CCC([O-])=O)OC(=O)CCCCCC(O)=O,303.3550,303.168187500,DI-MS/MS,Tricarboxylic acids and derivatives,Internal Work,TRUE,TRUE,TRUE,TRUE,TRUE
octanoylcarnitine (c8),Octanoylcarnitine (C8),HMDB0000791,CCCCCCCC(=O)O[C@H](CC([O-])=O)C[N+](C)(C)C,287.3951,287.209658400,DI-MS/MS,Fatty acid esters,Internal Work,TRUE,TRUE,TRUE,TRUE,TRUE
nonaylcarnitine (c9),Nonaylcarnitine (C9),HMDB0013288,CCCCCCCCC(=O)OC(CC([O-])=O)C[N+](C)(C)C,301.4216,301.225308500,DI-MS/MS,Fatty acid esters,Internal Work,TRUE,TRUE,TRUE,TRUE,TRUE
lysopc a c14:0,LysoPC a C14:0,HMDB0010379,CCCCCCCCCCCCCC(=O)OC[C@@H](O)COP([O-])(=O)OCC[N+](C)(C)C,467.5769,467.301189300,DI-MS/MS,Glycerophosphocholines,Internal Work,TRUE,TRUE,TRUE,TRUE,TRUE
lysopc a c16:0,LysoPC a C16:0,HMDB0010382,CCCCCCCCCCCCCCCC(=O)OC[C@@H](O)COP([O-])(=O)OCC[N+](C)(C)C,495.6301,495.332489500,DI-MS/MS,Glycerophosphocholines,Internal Work,TRUE,TRUE,TRUE,TRUE,TRUE
lysopc a c16:1,LysoPC a C16:1,HMDB0010383,CCCCCC\C=C/CCCCCCCC(=O)OC[C@@H](O)COP([O-])(=O)OCC[N+](C)(C)C,493.6142,493.316839400,DI-MS/MS,Glycerophosphocholines,Internal Work,TRUE,TRUE,TRUE,TRUE,TRUE
lysopc a c17:0,LysoPC a C17:0,HMDB0012108,CCCCCCCCCCCCCCCCC(=O)OC[C@@H](O)COP([O-])(=O)OCC[N+](C)(C)C,509.6566,509.348139500,DI-MS/MS,Glycerophosphocholines,Internal Work,TRUE,TRUE,TRUE,TRUE,TRUE
lysopc a c18:0,LysoPC a C18:0,HMDB0010384,CCCCCCCCCCCCCCCCCC(=O)OC[C@@H](O)COP([O-])(=O)OCC[N+](C)(C)C,523.6832,523.363789600,DI-MS/MS,Glycerophosphocholines,Internal Work,TRUE,TRUE,TRUE,TRUE,TRUE
lysopc a c18:1,LysoPC a C18:1,HMDB0002815,[H][C@@](O)(COC(=O)CCCCCCC\C=C/CCCCCCCC)COP([O-])(=O)OCC[N+](C)(C)C,521.6673,521.348139500,DI-MS/MS,Glycerophosphocholines,Internal Work,TRUE,TRUE,TRUE,TRUE,TRUE
lysopc a c18:2,LysoPC a C18:2,HMDB0010386,[H][C@@](O)(COC(=O)CCCCCCC\C=C/C\C=C/CCCCC)COP([O-])(=O)OCC[N+](C)(C)C,519.6515,519.332489500,DI-MS/MS,Glycerophosphocholines,Internal Work,TRUE,TRUE,TRUE,TRUE,TRUE
lysopc a c20:3,LysoPC a C20:3,HMDB0010393,CCCCCCCC\C=C/C\C=C/C\C=C/CCCC(=O)OC[C@@H](O)COP([O-])(=O)OCC[N+](C)(C)C,545.6887,545.348139500,DI-MS/MS,Glycerophosphocholines,Internal Work,TRUE,TRUE,TRUE,TRUE,TRUE
lysopc a c20:4,LysoPC a C20:4,HMDB0010395,CCCCC\C=C/C\C=C/C\C=C/C\C=C/CCCC(=O)OC[C@@H](O)COP([O-])(=O)OCC[N+](C)(C)C,543.6729,543.332489500,DI-MS/MS,Glycerophosphocholines,Internal Work,TRUE,TRUE,TRUE,TRUE,TRUE
lysopc a c24:0,LysoPC a C24:0,HMDB0010405,[H][C@@](O)(COC(=O)CCCCCCCCCCCCCCCCCCCCCCC)COP([O-])(=O)OCC[N+](C)(C)C,607.8427,607.457690000,DI-MS/MS,Glycerophosphocholines,Internal Work,TRUE,TRUE,TRUE,TRUE,TRUE
lysopc a c26:0,LysoPC a C26:0,HMDB0029205,[H][C@@](O)(COC(=O)CCCCCCCCCCCCCCCCCCCCCCCCC)COP([O-])(=O)OCC[N+](C)(C)C,635.8959,635.488990100,DI-MS/MS,Glycerophosphocholines,Internal Work,TRUE,TRUE,TRUE,TRUE,TRUE
lysopc a c26:1,LysoPC a C26:1,HMDB0029220,CCCCCCCCCCCCCCCCCCCC\C=C\CCCC(=O)OC[C@@H](O)COP([O-])(=O)OCC[N+](C)(C)C,633.8800,633.473340000,DI-MS/MS,Glycerophosphocholines,Internal Work,TRUE,TRUE,TRUE,TRUE,TRUE
lysopc a c28:0,LysoPC a C28:0,HMDB0029206,[H][C@@](O)(COC(=O)CCCCCCCCCCCCCCCCCCCCCCCCCCC)COP([O-])(=O)OCC[N+](C)(C)C,663.9490,663.520290200,DI-MS/MS,Glycerophosphocholines,Internal Work,TRUE,TRUE,TRUE,TRUE,TRUE
lysopc a c28:1,LysoPC a C28:1,HMDB0029221,CCCCCCCCCCCCCCCCCCCCCC\C=C\CCCC(=O)OC[C@@H](O)COP([O-])(=O)OCC[N+](C)(C)C,661.9331,661.504640200,DI-MS/MS,Glycerophosphocholines,Internal Work,TRUE,TRUE,TRUE,TRUE,TRUE
pc aa c24:0,PC aa C24:0,HMDB0341514,NULL,0.0000,0.000000000,DI-MS/MS,Glycerophospholipids,Internal Work,TRUE,TRUE,TRUE,TRUE,TRUE
pc aa c26:0,PC aa C26:0,HMDB0341515,NULL,0.0000,0.000000000,DI-MS/MS,Glycerophospholipids,Internal Work,TRUE,TRUE,TRUE,TRUE,TRUE
pc aa c28:1,PC aa C28:1,HMDB0007867,CCCCCCCCCCCCCC(=O)OC[C@]([H])(COP([O-])(=O)OCC[N+](C)(C)C)OC(=O)CCCCCCC\C=C/CCCC,675.9167,675.483904700,DI-MS/MS,Glycerophosphocholines,Internal Work,TRUE,TRUE,TRUE,TRUE,TRUE
pc aa c30:0,PC aa C30:0,HMDB0007869,[H][C@@](COC(=O)CCCCCCCCCCCCC)(COP([O-])(=O)OCC[N+](C)(C)C)OC(=O)CCCCCCCCCCCCCCC,705.9857,705.530854900,DI-MS/MS,Glycerophosphocholines,Internal Work,TRUE,TRUE,TRUE,TRUE,TRUE
pc aa c30:2,PC aa C30:2,HMDB0007903,[H][C@@](COC(=O)CCCCCCCCCCCCCCC)(COP([O-])(=O)OCC[N+](C)(C)C)OC(=O)CCCCCCCCCCCCCCC,734.0389,733.562155100,DI-MS/MS,Glycerophosphocholines,Internal Work,TRUE,TRUE,TRUE,TRUE,TRUE
pc aa c32:0,PC aa C32:0,HMDB0000564,CCCCCCCCCCCCCC(=O)OC[C@]([H])(COP([O-])(=O)OCC[N+](C)(C)C)OC(=O)CCCCCCCCC\C=C/CCCCCC,732.0230,731.546505000,DI-MS/MS,Glycerophosphocholines,Internal Work,TRUE,TRUE,TRUE,TRUE,TRUE
pc aa c32:1,PC aa C32:1,HMDB0007872,[H][C@@](COC(=O)CCCCCCCCCCCCC)(COP([O-])(=O)OCC[N+](C)(C)C)OC(=O)CCCCCCC\C=C/C\C=C/CCCCC,730.0071,729.530854900,DI-MS/MS,Glycerophosphocholines,Internal Work,TRUE,TRUE,TRUE,TRUE,TRUE
pc aa c32:2,PC aa C32:2,HMDB0007874,CCCCCCCCCCCCCC(=O)OC[C@]([H])(COP([O-])(=O)OCC[N+](C)(C)C)OC(=O)CCCC\C=C/C\C=C/C\C=C/CCCCC,727.9912,727.515204900,DI-MS/MS,Glycerophosphocholines,Internal Work,TRUE,TRUE,TRUE,TRUE,TRUE
pc aa c32:3,PC aa C32:3,HMDB0007875,CCCCCCCCCCCCCC(=O)OC[C@]([H])(COP([O-])(=O)OCC[N+](C)(C)C)OC(=O)CCCCCCCCC\C=C/CCCCCCCC,760.0761,759.577805100,DI-MS/MS,Glycerophosphocholines,Internal Work,TRUE,TRUE,TRUE,TRUE,TRUE
pc aa c34:1,PC aa C34:1,HMDB0007879,CCCCCCCCCCCCCC(=O)OC[C@]([H])(COP([O-])(=O)OCC[N+](C)(C)C)OC(=O)CCCCCCCCC\C=C/C\C=C/CCCCC,758.0603,757.562155100,DI-MS/MS,Glycerophosphocholines,Internal Work,TRUE,TRUE,TRUE,TRUE,TRUE
pc aa c34:2,PC aa C34:2,HMDB0007880,CCCCCCCCCCCCCC(=O)OC[C@]([H])(COP([O-])(=O)OCC[N+](C)(C)C)OC(=O)CCC\C=C/C\C=C/C\C=C/CCCCCCCC,756.0444,755.546505000,DI-MS/MS,Glycerophosphocholines,Internal Work,TRUE,TRUE,TRUE,TRUE,TRUE
pc aa c34:3,PC aa C34:3,HMDB0007881,CCCCCCCCCCCCCC(=O)OC[C@]([H])(COP([O-])(=O)OCC[N+](C)(C)C)OC(=O)CCC\C=C/C\C=C/C\C=C/C\C=C/CCCCC,754.0285,753.530854900,DI-MS/MS,Glycerophosphocholines,Internal Work,TRUE,TRUE,TRUE,TRUE,TRUE
pc aa c34:4,PC aa C34:4,HMDB0007883,[H][C@@](COC(=O)CCCCCCCCCCCCC)(COP([O-])(=O)OCC[N+](C)(C)C)OC(=O)CCCCCCCCCCCCCCCCCCCCC,790.1452,789.624755300,DI-MS/MS,Glycerophosphocholines,Internal Work,TRUE,TRUE,TRUE,TRUE,TRUE
pc aa c36:0,PC aa C36:0,HMDB0007886,CCCCCCCCCCCCCC(=O)OC[C@]([H])(COP([O-])(=O)OCC[N+](C)(C)C)OC(=O)CCCCCCCCCCC\C=C/CCCCCCCC,788.1293,787.609105200,DI-MS/MS,Glycerophosphocholines,Internal Work,TRUE,TRUE,TRUE,TRUE,TRUE
pc aa c36:1,PC aa C36:1,HMDB0007887,CCCCCCCC\C=C/CCCCCCCC(=O)OC[C@H](COP([O-])(=O)OCC[N+](C)(C)C)OC(=O)CCCCCCC\C=C/CCCCCCCC,786.1134,785.593455200,DI-MS/MS,Glycerophosphocholines,Internal Work,TRUE,TRUE,TRUE,TRUE,TRUE
pc aa c36:2,PC aa C36:2,HMDB0000593,CCCCC\C=C/C\C=C/CCCCCCCCCCCC(=O)O[C@]([H])(COC(=O)CCCCCCC\C=C/CCCC)COP([O-])(=O)OCC[N+](C)(C)C,784.0975,783.577805100,DI-MS/MS,Glycerophosphocholines,Internal Work,TRUE,TRUE,TRUE,TRUE,TRUE
pc aa c36:3,PC aa C36:3,HMDB0007921,CCCCCCCCCCCCCC(=O)OC[C@]([H])(COP([O-])(=O)OCC[N+](C)(C)C)OC(=O)CCCCC\C=C/C\C=C/C\C=C/C\C=C/CCCCC,782.0817,781.562155100,DI-MS/MS,Glycerophosphocholines,Internal Work,TRUE,TRUE,TRUE,TRUE,TRUE
pc aa c36:4,PC aa C36:4,HMDB0007889,CCCCCCCCCCCCCC(=O)OC[C@]([H])(COP([O-])(=O)OCC[N+](C)(C)C)OC(=O)CC\C=C/C\C=C/C\C=C/C\C=C/C\C=C/CCCCC,780.0658,779.546505000,DI-MS/MS,Glycerophosphocholines,Internal Work,TRUE,TRUE,TRUE,TRUE,TRUE
pc aa c36:5,PC aa C36:5,HMDB0007890,CCCC\C=C/CCCCCCCC(=O)O[C@]([H])(COC(=O)CCCCC\C=C/C\C=C/C\C=C/C\C=C/C\C=C/CC)COP([O-])(=O)OCC[N+](C)(C)C,778.0499,777.530854900,DI-MS/MS,Glycerophosphocholines,Internal Work,TRUE,TRUE,TRUE,TRUE,TRUE
pc aa c36:6,PC aa C36:6,HMDB0008690,[H][C@@](COC(=O)CCCCCCCCCCCCC)(COP([O-])(=O)OCC[N+](C)(C)C)OC(=O)CCCCCCCCCCCCCCCCCCCCCCC,818.1983,817.656055400,DI-MS/MS,Glycerophosphocholines,Internal Work,TRUE,TRUE,TRUE,TRUE,TRUE
pc aa c38:0,PC aa C38:0,HMDB0007893,CCCCCCCCCCCCCC(=O)OC[C@]([H])(COP([O-])(=O)OCC[N+](C)(C)C)OC(=O)CCCCCCCCCCCCC\C=C/CCCCCCCC,816.1825,815.640405400,DI-MS/MS,Glycerophosphocholines,Internal Work,TRUE,TRUE,TRUE,TRUE,TRUE
pc aa c38:1,PC aa C38:1,HMDB0007894,CCCCCC\C=C/CCCCCCCC(=O)OC[C@]([H])(COP([O-])(=O)OCC[N+](C)(C)C)OC(=O)CCCCCCCCCCC\C=C/C\C=C/CCCCC,812.1507,811.609105200,DI-MS/MS,Glycerophosphocholines,Internal Work,TRUE,TRUE,TRUE,TRUE,TRUE
pc aa c38:3,PC aa C38:3,HMDB0008020,CCCCCCCCCCCCCCCC(=O)OC[C@]([H])(COP([O-])(=O)OCC[N+](C)(C)C)OC(=O)CCCCC\C=C/C\C=C/C\C=C/C\C=C/CCCCC,810.1348,809.593455200,DI-MS/MS,Glycerophosphocholines,Internal Work,TRUE,TRUE,TRUE,TRUE,TRUE
pc aa c38:4,PC aa C38:4,HMDB0007988,CCCCCCCCCCCCCCCC(=O)OC[C@]([H])(COP([O-])(=O)OCC[N+](C)(C)C)OC(=O)CC\C=C/C\C=C/C\C=C/C\C=C/C\C=C/CCCCC,808.1189,807.577805100,DI-MS/MS,Glycerophosphocholines,Internal Work,TRUE,TRUE,TRUE,TRUE,TRUE
pc aa c38:5,PC aa C38:5,HMDB0007989,CCCCCCCCCCCCCCCC(=O)OC[C@]([H])(COP([O-])(=O)OCC[N+](C)(C)C)OC(=O)CC\C=C/C\C=C/C\C=C/C\C=C/C\C=C/C\C=C/CC,806.1031,805.562155100,DI-MS/MS,Glycerophosphocholines,Internal Work,TRUE,TRUE,TRUE,TRUE,TRUE
pc aa c38:6,PC aa C38:6,HMDB0007991,CCCCCCCCCCCCCCCC(=O)OC[C@]([H])(COP([O-])(=O)OCC[N+](C)(C)C)OC(=O)CCCCCCCCCCCCC\C=C/CCCCCCCC,844.2356,843.671705500,DI-MS/MS,Glycerophosphocholines,Internal Work,TRUE,TRUE,TRUE,TRUE,TRUE
pc aa c40:2,PC aa C40:2,HMDB0008688,CCCCCCCC\C=C/CCCCCC\C=C/OC(COC(=O)CC\C=C/C\C=C/C\C=C/C\C=C/C\C=C/CCCCC)COP([O-])(=O)OCC[N+](C)(C)C,818.1568,817.598540600,DI-MS/MS,Glycerophosphocholines,Internal Work,TRUE,TRUE,TRUE,TRUE,TRUE
pc aa c40:3,PC aa C40:3,HMDB0008086,CCCCCC\C=C/CCCCCCCCCC(=O)OC[C@]([H])(COP([O-])(=O)OCC[N+](C)(C)C)OC(=O)CCCCCCCCCCC\C=C/C\C=C/CCCCC,840.2039,839.640405400,DI-MS/MS,Glycerophosphocholines,Internal Work,TRUE,TRUE,TRUE,TRUE,TRUE
pc aa c40:4,PC aa C40:4,HMDB0008054,CCCCCCCCCCCCCCCCCC(=O)OC[C@]([H])(COP([O-])(=O)OCC[N+](C)(C)C)OC(=O)CCCCC\C=C/C\C=C/C\C=C/C\C=C/CCCCC,838.1880,837.624755300,DI-MS/MS,Glycerophosphocholines,Internal Work,TRUE,TRUE,TRUE,TRUE,TRUE
pc aa c40:5,PC aa C40:5,HMDB0008055,CCCCCCCCCCCCCCCCCC(=O)OC[C@]([H])(COP([O-])(=O)OCC[N+](C)(C)C)OC(=O)CC\C=C/C\C=C/C\C=C/C\C=C/C\C=C/CCCCC,836.1721,835.609105200,DI-MS/MS,Glycerophosphocholines,Internal Work,TRUE,TRUE,TRUE,TRUE,TRUE
pc aa c40:6,PC aa C40:6,HMDB0008057,CCCCCCCCCCCCCCCCCC(=O)OC[C@]([H])(COP([O-])(=O)OCC[N+](C)(C)C)OC(=O)CC\C=C/C\C=C/C\C=C/C\C=C/C\C=C/C\C=C/CC,834.1562,833.593455200,DI-MS/MS,Glycerophosphocholines,Internal Work,TRUE,TRUE,TRUE,TRUE,TRUE
pc aa c42:1,PC aa C42:1,HMDB0008059,[H][C@@](COC(=O)CCCCCCCCCCCCCCCCC)(COP([O-])(=O)OCC[N+](C)(C)C)OC(=O)CCCCCCCCCCCCCCCCCCCCCCC,874.3047,873.718655700,DI-MS/MS,Glycerophosphocholines,Internal Work,TRUE,TRUE,TRUE,TRUE,TRUE
pc aa c42:2,PC aa C42:2,HMDB0008092,CCCCCCCCCCCCCCCCCC(=O)OC[C@]([H])(COP([O-])(=O)OCC[N+](C)(C)C)OC(=O)CCCCCCCCCCCCC\C=C/CCCCCCCC,872.2888,871.703005600,DI-MS/MS,Glycerophosphocholines,Internal Work,TRUE,TRUE,TRUE,TRUE,TRUE
pc aa c42:4,PC aa C42:4,HMDB0008191,CCCCCCCC\C=C/CCCCCCCCCCCCCC(=O)O[C@]([H])(COC(=O)CCCCCCCCC\C=C/CCCCCC)COP([O-])(=O)OCC[N+](C)(C)C,870.2729,869.687355600,DI-MS/MS,Glycerophosphocholines,Internal Work,TRUE,TRUE,TRUE,TRUE,TRUE
pc aa c42:5,PC aa C42:5,HMDB0008257,CCCCCCCC\C=C/CCCCCCCCCCCCCC(=O)O[C@]([H])(COC(=O)CCCC\C=C/C\C=C/C\C=C/CCCCC)COP([O-])(=O)OCC[N+](C)(C)C,866.2411,865.656055400,DI-MS/MS,Glycerophosphocholines,Internal Work,TRUE,TRUE,TRUE,TRUE,TRUE
pc ae c30:0,PC ae C30:0,HMDB0013341,CCCCCCCC\C=C/CCCCCCCCCCCCCC(=O)O[C@]([H])(COC(=O)CCCC\C=C/C\C=C/C\C=C/C\C=C/CC)COP([O-])(=O)OCC[N+](C)(C)C,864.2253,863.640405400,DI-MS/MS,Glycerophosphocholines,Internal Work,TRUE,TRUE,TRUE,TRUE,TRUE
pc ae c30:1,PC ae C30:1,HMDB0013402,CCCCCCCCCCCCCCCCCCCC(=O)OC[C@]([H])(COP([O-])(=O)OCC[N+](C)(C)C)OC(=O)CC\C=C/C\C=C/C\C=C/C\C=C/C\C=C/C\C=C/CC,862.2094,861.624755300,DI-MS/MS,Glycerophosphocholines,Internal Work,TRUE,TRUE,TRUE,TRUE,TRUE
pc ae c30:2,PC ae C30:2,HMDB0013410,[H][C@@](COCCCCCCCCCCCCCC)(COP([O-])(=O)OCC[N+](C)(C)C)OC(=O)CCCCCCCCCCCCCCC,692.0022,691.551590400,DI-MS/MS,Glycerophosphocholines,Internal Work,TRUE,TRUE,TRUE,TRUE,TRUE
pc ae c32:1,PC ae C32:1,HMDB0013404,CCCCCCCCCCCCCCOC[C@]([H])(COP([O-])(=O)OCC[N+](C)(C)C)OC(=O)CCCCCCC\C=C/CCCCCC,689.9863,689.535940300,DI-MS/MS,Glycerophosphocholines,Internal Work,TRUE,TRUE,TRUE,TRUE,TRUE
pc ae c32:2,PC ae C32:2,HMDB0013411,CCCCCC\C=C/CCCCCCCCOC[C@]([H])(COP([O-])(=O)OCC[N+](C)(C)C)OC(=O)CCCCCCC\C=C/CCCC,687.9704,687.520290200,DI-MS/MS,Glycerophosphocholines,Internal Work,TRUE,TRUE,TRUE,TRUE,TRUE
pc ae c34:0,PC ae C34:0,HMDB0013405,CCCCCCCCCCCCCCCCOC[C@]([H])(COP([O-])(=O)OCC[N+](C)(C)C)OC(=O)CCCCCCC\C=C/CCCCCC,718.0395,717.567240400,DI-MS/MS,Glycerophosphocholines,Internal Work,TRUE,TRUE,TRUE,TRUE,TRUE
pc ae c34:1,PC ae C34:1,HMDB0013412,CCCCCC\C=C/CCCCCCCCOC[C@]([H])(COP([O-])(=O)OCC[N+](C)(C)C)OC(=O)CCCCCCC\C=C/CCCCCC,716.0236,715.551590400,DI-MS/MS,Glycerophosphocholines,Internal Work,TRUE,TRUE,TRUE,TRUE,TRUE
pc ae c34:2,PC ae C34:2,HMDB0011151,[H][C@@](COCCCCCCCCCCCCCCCC)(COP([O-])(=O)OCC[N+](C)(C)C)OC(=O)CCCCCCCCCCCCCCCCC,748.1085,747.614190600,DI-MS/MS,Glycerophosphocholines,Internal Work,TRUE,TRUE,TRUE,TRUE,TRUE
pc ae c34:3,PC ae C34:3,HMDB0013413,CCCCCCCCCCCCCCCCCC(=O)O[C@]([H])(COCCCCCCCC\C=C/CCCCCC)COP([O-])(=O)OCC[N+](C)(C)C,746.0926,745.598540600,DI-MS/MS,Glycerophosphocholines,Internal Work,TRUE,TRUE,TRUE,TRUE,TRUE
pc ae c36:0,PC ae C36:0,HMDB0013406,CCCCCCCCCCCCCCCCOC[C@]([H])(COP([O-])(=O)OCC[N+](C)(C)C)OC(=O)CCCCCCC\C=C/C\C=C/CCCCC,744.0767,743.582890500,DI-MS/MS,Glycerophosphocholines,Internal Work,TRUE,TRUE,TRUE,TRUE,TRUE
pc ae c36:1,PC ae C36:1,HMDB0013414,CCCCCC\C=C/CCCCCCCCOC[C@]([H])(COP([O-])(=O)OCC[N+](C)(C)C)OC(=O)CCCCCCC\C=C/C\C=C/CCCCC,742.0609,741.567240400,DI-MS/MS,Glycerophosphocholines,Internal Work,TRUE,TRUE,TRUE,TRUE,TRUE
pc ae c36:2,PC ae C36:2,HMDB0013418,[H][C@@](COCCCCCCCCCCCCCCCC)(COP([O-])(=O)OCC[N+](C)(C)C)OC(=O)CCCCCCCCCCCCCCCCCCC,776.1617,775.645490800,DI-MS/MS,Glycerophosphocholines,Internal Work,TRUE,TRUE,TRUE,TRUE,TRUE
pc ae c36:3,PC ae C36:3,HMDB0013425,CCCCCCCCCCCCCCCCCCCC(=O)O[C@]([H])(COCCCCCCCC\C=C/CCCCCC)COP([O-])(=O)OCC[N+](C)(C)C,774.1458,773.629840700,DI-MS/MS,Glycerophosphocholines,Internal Work,TRUE,TRUE,TRUE,TRUE,TRUE
pc ae c36:4,PC ae C36:4,HMDB0013407,CCCCCCCCCCCCCCCCCCOC[C@]([H])(COP([O-])(=O)OCC[N+](C)(C)C)OC(=O)CCCCCCC\C=C/C\C=C/CCCCC,772.1299,771.614190600,DI-MS/MS,Glycerophosphocholines,Internal Work,TRUE,TRUE,TRUE,TRUE,TRUE
pc ae c36:5,PC ae C36:5,HMDB0013415,CCCCCC\C=C/CCCCCCCCCCOC[C@]([H])(COP([O-])(=O)OCC[N+](C)(C)C)OC(=O)CCCCCCC\C=C/C\C=C/CCCCC,770.1140,769.598540600,DI-MS/MS,Glycerophosphocholines,Internal Work,TRUE,TRUE,TRUE,TRUE,TRUE
pc ae c38:0,PC ae C38:0,HMDB0013408,[H][C@@](COCCCCCCCCCCCCCCCC)(COP([O-])(=O)OCC[N+](C)(C)C)OC(=O)CCCCCC\C=C/C\C=C/C\C=C/C\C=C/CC,768.0981,767.582890500,DI-MS/MS,Glycerophosphocholines,Internal Work,TRUE,TRUE,TRUE,TRUE,TRUE
pc ae c38:1,PC ae C38:1,HMDB0013416,CCCCCC\C=C/CCCCCCCCOC[C@]([H])(COP([O-])(=O)OCC[N+](C)(C)C)OC(=O)CCC\C=C/C\C=C/C\C=C/C\C=C/CCCCC,766.0823,765.567240400,DI-MS/MS,Glycerophosphocholines,Internal Work,TRUE,TRUE,TRUE,TRUE,TRUE
pc ae c38:2,PC ae C38:2,HMDB0013431,[H][C@@](COCCCCCCCCCCCCCCCC)(COP([O-])(=O)OCC[N+](C)(C)C)OC(=O)CCCCCCCCCCCCCCCCCCCCC,804.2148,803.676790900,DI-MS/MS,Glycerophosphocholines,Internal Work,TRUE,TRUE,TRUE,TRUE,TRUE
pc ae c38:3,PC ae C38:3,HMDB0013439,CCCCCCCCCCCCCCCCCCCCCC(=O)O[C@]([H])(COCCCCCCCC\C=C/CCCCCC)COP([O-])(=O)OCC[N+](C)(C)C,802.1989,801.661140800,DI-MS/MS,Glycerophosphocholines,Internal Work,TRUE,TRUE,TRUE,TRUE,TRUE
pc ae c38:4,PC ae C38:4,HMDB0013420,CCCCCCCC\C=C/CCCCCCCCCC(=O)O[C@]([H])(COCCCCCCCC\C=C/CCCCCCCC)COP([O-])(=O)OCC[N+](C)(C)C,800.1831,799.645490800,DI-MS/MS,Glycerophosphocholines,Internal Work,TRUE,TRUE,TRUE,TRUE,TRUE
pc ae c38:5,PC ae C38:5,HMDB0013432,CCCCCCCCCCCCCCCCCCCCOC[C@]([H])(COP([O-])(=O)OCC[N+](C)(C)C)OC(=O)CCCC\C=C/C\C=C/C\C=C/CCCCC,798.1672,797.629840700,DI-MS/MS,Glycerophosphocholines,Internal Work,TRUE,TRUE,TRUE,TRUE,TRUE
pc ae c38:6,PC ae C38:6,HMDB0013409,[H][C@@](COCCCCCCCCCCCCCCCCCC)(COP([O-])(=O)OCC[N+](C)(C)C)OC(=O)CCC\C=C/C\C=C/C\C=C/C\C=C/CCCCC,796.1513,795.614190600,DI-MS/MS,Glycerophosphocholines,Internal Work,TRUE,TRUE,TRUE,TRUE,TRUE
pc ae c40:1,PC ae C40:1,HMDB0013433,[H][C@@](COCCCCCCCC\C=C/CCCCCCCC)(COP([O-])(=O)OCC[N+](C)(C)C)OC(=O)CCC\C=C/C\C=C/C\C=C/C\C=C/CCCCC,794.1354,793.598540600,DI-MS/MS,Glycerophosphocholines,Internal Work,TRUE,TRUE,TRUE,TRUE,TRUE
pc ae c40:2,PC ae C40:2,HMDB0013437,CCCCCCCCCCCCCCCCOC[C@H](COP([O-])(=O)OCC[N+](C)(C)C)OC(=O)CC\C=C/C\C=C/C\C=C/C\C=C/C\C=C/C\C=C/CC,792.1195,791.582890500,DI-MS/MS,Glycerophosphocholines,Internal Work,TRUE,TRUE,TRUE,TRUE,TRUE
pc ae c40:3,PC ae C40:3,HMDB0013445,CCCCCCCCCCCCCCCCCCCCCC(=O)O[C@]([H])(COCCCCCCCC\C=C/CCCCCCCC)COP([O-])(=O)OCC[N+](C)(C)C,830.2521,829.692440900,DI-MS/MS,Glycerophosphocholines,Internal Work,TRUE,TRUE,TRUE,TRUE,TRUE
pc ae c40:4,PC ae C40:4,HMDB0013442,CCCCCCCCCCCCCCCCCCCCCC(=O)O[C@]([H])(COCCCCCCCC\C=C/C\C=C/CCCCC)COP([O-])(=O)OCC[N+](C)(C)C,828.2362,827.676790900,DI-MS/MS,Glycerophosphocholines,Internal Work,TRUE,TRUE,TRUE,TRUE,TRUE
pc ae c40:5,PC ae C40:5,HMDB0013444,CCCCCCCCCCCCCCCCCCCCCCOC[C@]([H])(COP([O-])(=O)OCC[N+](C)(C)C)OC(=O)CCCC\C=C/C\C=C/C\C=C/CCCCC,826.2203,825.661140800,DI-MS/MS,Glycerophosphocholines,Internal Work,TRUE,TRUE,TRUE,TRUE,TRUE
pc ae c40:6,PC ae C40:6,HMDB0013422,CCCCCCCCCCCCCCCCCCCCOC[C@]([H])(COP([O-])(=O)OCC[N+](C)(C)C)OC(=O)CCC\C=C/C\C=C/C\C=C/C\C=C/CCCCC,824.2045,823.645490800,DI-MS/MS,Glycerophosphocholines,Internal Work,TRUE,TRUE,TRUE,TRUE,TRUE
pc ae c42:1,PC ae C42:1,HMDB0013434,CCCCCCCC\C=C/CCCCCCCCCCOC[C@]([H])(COP([O-])(=O)OCC[N+](C)(C)C)OC(=O)CCC\C=C/C\C=C/C\C=C/C\C=C/CCCCC,822.1886,821.629840700,DI-MS/MS,Glycerophosphocholines,Internal Work,TRUE,TRUE,TRUE,TRUE,TRUE
pc ae c42:2,PC ae C42:2,HMDB0013438,CCCCCCCCCCCCCCCCCCOC[C@]([H])(COP([O-])(=O)OCC[N+](C)(C)C)OC(=O)CC\C=C/C\C=C/C\C=C/C\C=C/C\C=C/C\C=C/CC,820.1727,819.614190600,DI-MS/MS,Glycerophosphocholines,Internal Work,TRUE,TRUE,TRUE,TRUE,TRUE
pc ae c42:3,PC ae C42:3,HMDB0013458,[H][C@@](COCCCCCCCCCCCCCCCCCC)(COP([O-])(=O)OCC[N+](C)(C)C)OC(=O)CCCCCCCCCCCCCCCCCCCCCCC,860.3211,859.739391100,DI-MS/MS,Glycerophosphocholines,Internal Work,TRUE,TRUE,TRUE,TRUE,TRUE
pc ae c42:4,PC ae C42:4,HMDB0013448,CCCCCCCCCCCCCCCCCCCCCCCC(=O)O[C@]([H])(COCCCCCCCC\C=C/CCCCCCCC)COP([O-])(=O)OCC[N+](C)(C)C,858.3053,857.723741100,DI-MS/MS,Glycerophosphocholines,Internal Work,TRUE,TRUE,TRUE,TRUE,TRUE
pc ae c42:5,PC ae C42:5,HMDB0013451,CCCCCCCCCCCCCCCCCCCCCCCC(=O)O[C@]([H])(COCCCCCCCC\C=C/C\C=C/CCCCC)COP([O-])(=O)OCC[N+](C)(C)C,856.2894,855.708091000,DI-MS/MS,Glycerophosphocholines,Internal Work,TRUE,TRUE,TRUE,TRUE,TRUE
pc ae c44:3,PC ae C44:3,HMDB0013449,CCCCCCCCCCCCCCCCCCCCCCCCOC[C@]([H])(COP([O-])(=O)OCC[N+](C)(C)C)OC(=O)CCCC\C=C/C\C=C/C\C=C/CCCCC,854.2735,853.692440900,DI-MS/MS,Glycerophosphocholines,Internal Work,TRUE,TRUE,TRUE,TRUE,TRUE
pc ae c44:4,PC ae C44:4,HMDB0013453,CCCCCCCCCCCCCCCCCCCCCCOC[C@]([H])(COP([O-])(=O)OCC[N+](C)(C)C)OC(=O)CCC\C=C/C\C=C/C\C=C/C\C=C/CCCCC,852.2576,851.676790900,DI-MS/MS,Glycerophosphocholines,Internal Work,TRUE,TRUE,TRUE,TRUE,TRUE
pc ae c44:5,PC ae C44:5,HMDB0013456,CCCCCCCC\C=C/CCCCCCCCCCCCOC[C@]([H])(COP([O-])(=O)OCC[N+](C)(C)C)OC(=O)CCC\C=C/C\C=C/C\C=C/C\C=C/CCCCC,850.2417,849.661140800,DI-MS/MS,Glycerophosphocholines,Internal Work,TRUE,TRUE,TRUE,TRUE,TRUE
pc ae c44:6,PC ae C44:6,HMDB0013450,CCCCCCCCCCCCCCCCCCCCCCOC[C@]([H])(COP([O-])(=O)OCC[N+](C)(C)C)OC(=O)CCCCCCCC\C=C/C\C=C/C\C=C/CCCCC,882.3267,881.723741100,DI-MS/MS,Glycerophosphocholines,Internal Work,TRUE,TRUE,TRUE,TRUE,TRUE
lpe(18:0),LPE(18:0),HMDB0011130,[H][C@@](O)(COC(=O)CCCCCCCCCCCCCCCCC)COP(O)(=O)OCCN,481.6035,481.316839400,LC-MS/MS,Glycerophosphoethanolamines,PMID: 20671299,TRUE,TRUE,TRUE,TRUE,TRUE
lpe(18:1),LPE(18:1),HMDB0011505,[H][C@@](O)(COC(=O)CCCCCCCCC\C=C/CCCCCC)COP(O)(=O)OCCN,479.5876,479.301189300,LC-MS/MS,Glycerophosphoethanolamines,PMID: 20671299,TRUE,TRUE,TRUE,TRUE,TRUE
lpe(20:3),LPE(20:3),HMDB0011514,[H][C@@](O)(COC(=O)CCCCCCCCC\C=C/C\C=C/C\C=C/CC)COP(O)(=O)OCCN,503.6090,503.301189300,LC-MS/MS,Glycerophosphoethanolamines,PMID: 20671299,TRUE,TRUE,TRUE,TRUE,TRUE
pe(16:0/18:1),PE(16:0/18:1),HMDB0008926,[H][C@@](COC(=O)CCCCCCCCCCCCCCC)(COP(O)(=O)OCCN)OC(=O)CCCCCCCCC\C=C/CCCCCC,718.0100,717.530855400,LC-MS/MS,Glycerophosphoethanolamines,PMID: 20671299,TRUE,TRUE,TRUE,TRUE,TRUE
pe(16:0/18:2),PE(16:0/18:2),HMDB0008928,[H][C@@](COC(=O)CCCCCCCCCCCCCCC)(COP(O)(=O)OCCN)OC(=O)CCCCCCC\C=C/C\C=C/CCCCC,715.9805,715.515204900,LC-MS/MS,Glycerophosphoethanolamines,PMID: 20671299,TRUE,TRUE,TRUE,TRUE,TRUE
pe(16:0/20:3),PE(16:0/20:3),HMDB0008935,[H][C@@](COC(=O)CCCCCCCCCCCCCCC)(COP(O)(=O)OCCN)OC(=O)CCC\C=C/C\C=C/C\C=C/CCCCCCCC,742.0178,741.530854900,LC-MS/MS,Glycerophosphoethanolamines,PMID: 20671299,TRUE,TRUE,TRUE,TRUE,TRUE
pe(16:0/20:4),PE(16:0/20:4),HMDB0008937,[H][C@@](COC(=O)CCCCCCCCCCCCCCC)(COP(O)(=O)OCCN)OC(=O)CCC\C=C/C\C=C/C\C=C/C\C=C/CCCCC,740.0019,739.515204900,LC-MS/MS,Glycerophosphoethanolamines,PMID: 20671299,TRUE,TRUE,TRUE,TRUE,TRUE
pe(16:0/22:4),PE(16:0/22:4),HMDB0008943,[H][C@@](COC(=O)CCCCCCCCCCCCCCC)(COP(O)(=O)OCCN)OC(=O)CCCCC\C=C/C\C=C/C\C=C/C\C=C/CCCCC,768.0551,767.546505000,LC-MS/MS,Glycerophosphoethanolamines,PMID: 20671299,TRUE,TRUE,TRUE,TRUE,TRUE
pe(16:0/22:5),PE(16:0/22:5),HMDB0008944,[H][C@@](COC(=O)CCCCCCCCCCCCCCC)(COP(O)(=O)OCCN)OC(=O)CC\C=C/C\C=C/C\C=C/C\C=C/C\C=C/CCCCC,766.0392,765.530854900,LC-MS/MS,Glycerophosphoethanolamines,PMID: 20671299,TRUE,TRUE,TRUE,TRUE,TRUE
pe(16:0/22:6),PE(16:0/22:6),HMDB0008946,[H][C@@](COC(=O)CCCCCCCCCCCCCCC)(COP(O)(=O)OCCN)OC(=O)CC\C=C/C\C=C/C\C=C/C\C=C/C\C=C/C\C=C/CC,764.0233,763.515204900,LC-MS/MS,Glycerophosphoethanolamines,PMID: 20671299,TRUE,TRUE,TRUE,TRUE,TRUE
pe(18:0/18:0),PE(18:0/18:0),HMDB0008991,[H][C@@](COC(=O)CCCCCCCCCCCCCCCCC)(COP(O)(=O)OCCN)OC(=O)CCCCCCCCCCCCCCCCC,748.0800,747.577805600,LC-MS/MS,Glycerophosphoethanolamines,PMID: 20671299,TRUE,TRUE,TRUE,TRUE,TRUE
pe(18:0/18:2),PE(18:0/18:2),HMDB0008994,[H][C@@](COC(=O)CCCCCCCCCCCCCCCCC)(COP(O)(=O)OCCN)OC(=O)CCCCCCC\C=C/C\C=C/CCCCC,744.0337,743.546505000,LC-MS/MS,Glycerophosphoethanolamines,PMID: 20671299,TRUE,TRUE,TRUE,TRUE,TRUE
pe(18:0/18:3),PE(18:0/18:3),HMDB0008995,[H][C@@](COC(=O)CCCCCCCCCCCCCCCCC)(COP(O)(=O)OCCN)OC(=O)CCCC\C=C/C\C=C/C\C=C/CCCCC,742.0178,741.530854900,LC-MS/MS,Glycerophosphoethanolamines,PMID: 20671299,TRUE,TRUE,TRUE,TRUE,TRUE
pe(18:0/20:2),PE(18:0/20:2),HMDB0009000,[H][C@@](COC(=O)CCCCCCCCCCCCCCCCC)(COP(O)(=O)OCCN)OC(=O)CCCCCCCCC\C=C/C\C=C/CCCCC,772.0868,771.577805100,LC-MS/MS,Glycerophosphoethanolamines,PMID: 20671299,TRUE,TRUE,TRUE,TRUE,TRUE
pe(18:0/20:3),PE(18:0/20:3),HMDB0009001,[H][C@@](COC(=O)CCCCCCCCCCCCCCCCC)(COP(O)(=O)OCCN)OC(=O)CCC\C=C/C\C=C/C\C=C/CCCCCCCC,770.0710,769.562155100,LC-MS/MS,Glycerophosphoethanolamines,PMID: 20671299,TRUE,TRUE,TRUE,TRUE,TRUE
pe(18:0/20:4),PE(18:0/20:4),HMDB0009003,[H][C@@](COC(=O)CCCCCCCCCCCCCCCCC)(COP(O)(=O)OCCN)OC(=O)CCC\C=C/C\C=C/C\C=C/C\C=C/CCCCC,768.0551,767.546505000,LC-MS/MS,Glycerophosphoethanolamines,PMID: 20671299,TRUE,TRUE,TRUE,TRUE,TRUE
pe(18:0/22:4),PE(18:0/22:4),HMDB0009009,[H][C@@](COC(=O)CCCCCCCCCCCCCCCCC)(COP(O)(=O)OCCN)OC(=O)CCCCC\C=C/C\C=C/C\C=C/C\C=C/CCCCC,796.1082,795.577805100,LC-MS/MS,Glycerophosphoethanolamines,PMID: 20671299,TRUE,TRUE,TRUE,TRUE,TRUE
pe(18:0/22:5),PE(18:0/22:5),HMDB0009010,[H][C@@](COC(=O)CCCCCCCCCCCCCCCCC)(COP(O)(=O)OCCN)OC(=O)CC\C=C/C\C=C/C\C=C/C\C=C/C\C=C/CCCCC,794.0924,793.562155100,LC-MS/MS,Glycerophosphoethanolamines,PMID: 20671299,TRUE,TRUE,TRUE,TRUE,TRUE
pe(18:0/22:6),PE(18:0/22:6),HMDB0009012,[H][C@@](COC(=O)CCCCCCCCCCCCCCCCC)(COP(O)(=O)OCCN)OC(=O)CC\C=C/C\C=C/C\C=C/C\C=C/C\C=C/C\C=C/CC,792.0765,791.546505000,LC-MS/MS,Glycerophosphoethanolamines,PMID: 20671299,TRUE,TRUE,TRUE,TRUE,TRUE
pe(18:1/18:1),PE(18:1/18:1),HMDB0009025,[H][C@@](COC(=O)CCCCCCCCC\C=C/CCCCCC)(COP(O)(=O)OCCN)OC(=O)CCCCCCCCC\C=C/CCCCCC,744.0480,743.546505500,LC-MS/MS,Glycerophosphoethanolamines,PMID: 20671299,TRUE,TRUE,TRUE,TRUE,TRUE
pe(18:1/18:2),PE(18:1/18:2),HMDB0009027,[H][C@@](COC(=O)CCCCCCCCC\C=C/CCCCCC)(COP(O)(=O)OCCN)OC(=O)CCCCCCC\C=C/C\C=C/CCCCC,742.0178,741.530854900,LC-MS/MS,Glycerophosphoethanolamines,PMID: 20671299,TRUE,TRUE,TRUE,TRUE,TRUE
pe(18:1/20:3),PE(18:1/20:3),HMDB0009034,[H][C@@](COC(=O)CCCCCCCCC\C=C/CCCCCC)(COP(O)(=O)OCCN)OC(=O)CCC\C=C/C\C=C/C\C=C/CCCCCCCC,768.0551,767.546505000,LC-MS/MS,Glycerophosphoethanolamines,PMID: 20671299,TRUE,TRUE,TRUE,TRUE,TRUE
pe(18:1/20:4),PE(18:1/20:4),HMDB0009036,[H][C@@](COC(=O)CCCCCCCCC\C=C/CCCCCC)(COP(O)(=O)OCCN)OC(=O)CCC\C=C/C\C=C/C\C=C/C\C=C/CCCCC,766.0392,765.530854900,LC-MS/MS,Glycerophosphoethanolamines,PMID: 20671299,TRUE,TRUE,TRUE,TRUE,TRUE
pe(18:2/16:1),PE(18:2/16:1),HMDB0009089,[H][C@@](COC(=O)CCCCCCC\C=C/C\C=C/CCCCC)(COP(O)(=O)OCCN)OC(=O)CCCCCCC\C=C/CCCCCC,713.9646,713.499554800,LC-MS/MS,Glycerophosphoethanolamines,PMID: 20671299,TRUE,TRUE,TRUE,TRUE,TRUE
pe(18:2/18:2),PE(18:2/18:2),HMDB0009093,[H][C@@](COC(=O)CCCCCCC\C=C/C\C=C/CCCCC)(COP(O)(=O)OCCN)OC(=O)CCCCCCC\C=C/C\C=C/CCCCC,740.0019,739.515204900,LC-MS/MS,Glycerophosphoethanolamines,PMID: 20671299,TRUE,TRUE,TRUE,TRUE,TRUE
pe(o-16:0/18:2),PE(O-16:0/18:2),,[H][C@@](COC(=O)CCCCCCCCCCCCCCC)(COP(O)(=O)OCCN)OC(=O)CCCCCCC\C=C/C\C=C/CCCCC,715.9805,715.515204900,LC-MS/MS,Glycerophospholipids,PMID: 20671299,TRUE,TRUE,TRUE,TRUE,TRUE
pe(o-16:0/20:4),PE(O-16:0/20:4),HMDB0341538,[H][C@@](COC(=O)CCCCCCCCCCCCCCC)(COP(O)(=O)OCCN)OC(=O)CCC\C=C/C\C=C/C\C=C/C\C=C/CCCCC,740.0019,739.515204900,LC-MS/MS,Glycerophosphoethanolamines,PMID: 20671299,TRUE,TRUE,TRUE,TRUE,TRUE
pe(o-16:0/22:6),PE(O-16:0/22:6),,CCCCCCCCCCCCCCCCOC[C@H](COP([O-])(=O)OCC[N+](C)(C)C)OC(=O)CC\C=C/C\C=C/C\C=C/C\C=C/C\C=C/C\C=C/CC,792.1195,791.582890500,LC-MS/MS,Glycerophospholipids,PMID: 20671299,TRUE,TRUE,TRUE,TRUE,TRUE
pe(o-18:0/18:1),PE(O-18:0/18:1),HMDB0341536,NULL,732.0810,731.582891000,LC-MS/MS,Glycerophospholipids,PMID: 20671299,TRUE,TRUE,TRUE,TRUE,TRUE
pe(o-18:0/18:2),PE(O-18:0/18:2),HMDB0341537,NULL,730.0650,729.567240900,LC-MS/MS,Glycerophospholipids,PMID: 20671299,TRUE,TRUE,TRUE,TRUE,TRUE
pe(o-18:0/20:4),PE(O-18:0/20:4),HMDB0341538,CCCCCCCCCCCCCCCCCCOC[C@H](COP(O)(=O)OCCN)OC(=O)CCC\C=C\C\C=C\C\C=C\C\C=C\CCCCC,754.0716,753.567240400,LC-MS/MS,Glycerophospholipids,PMID: 20671299,TRUE,TRUE,TRUE,TRUE,TRUE
pe(p-16:0/18:1),PE(P-16:0/18:1),HMDB0011342,[H][C@@](CO\C=C/CCCCCCCCCCCCCC)(COP(O)(=O)OCCN)OC(=O)CCCCCCC\C=C/CCCCCCCC,701.9970,701.535940300,LC-MS/MS,Glycerophosphoethanolamines,PMID: 20671299,TRUE,TRUE,TRUE,TRUE,TRUE
pe(p-16:0/18:2),PE(P-16:0/18:2),HMDB0011343,[H][C@@](CO\C=C/CCCCCCCCCCCCCC)(COP(O)(=O)OCCN)OC(=O)CCCCCCC\C=C/C\C=C/CCCCC,699.9811,699.520290200,LC-MS/MS,Glycerophosphoethanolamines,PMID: 20671299,TRUE,TRUE,TRUE,TRUE,TRUE
pe(p-16:0/20:3),PE(P-16:0/20:3),HMDB0011350,[H][C@@](CO\C=C/CCCCCCCCCCCCCC)(COP(O)(=O)OCCN)OC(=O)CCC\C=C/C\C=C/C\C=C/CCCCCCCC,726.0184,725.535940300,LC-MS/MS,Glycerophosphoethanolamines,PMID: 20671299,TRUE,TRUE,TRUE,TRUE,TRUE
pe(p-16:0/20:4),PE(P-16:0/20:4),HMDB0011352,[H][C@@](CO\C=C/CCCCCCCCCCCCCC)(COP(O)(=O)OCCN)OC(=O)CCC\C=C/C\C=C/C\C=C/C\C=C/CCCCC,724.0025,723.520290200,LC-MS/MS,Glycerophosphoethanolamines,PMID: 20671299,TRUE,TRUE,TRUE,TRUE,TRUE
pe(p-16:0/22:4),PE(P-16:0/22:4),HMDB0011358,[H][C@@](CO\C=C/CCCCCCCCCCCCCC)(COP(O)(=O)OCCN)OC(=O)CCCCC\C=C/C\C=C/C\C=C/C\C=C/CCCCC,752.0557,751.551590400,LC-MS/MS,Glycerophosphoethanolamines,PMID: 20671299,TRUE,TRUE,TRUE,TRUE,TRUE
pe(p-16:0/22:6),PE(P-16:0/22:6),HMDB0005780,[H][C@@](CO\C=C/CCCCCCCCCCCCCC)(COP(O)(=O)OCCN)OC(=O)CC\C=C/C\C=C/C\C=C/C\C=C/C\C=C/C\C=C/CC,748.0239,747.520290200,LC-MS/MS,Glycerophosphoethanolamines,PMID: 20671299,TRUE,TRUE,TRUE,TRUE,TRUE
pe(p-18:0/16:0),PE(P-18:0/16:0),HMDB0011371,[H][C@@](CO\C=C/CCCCCCCCCCCCCCCC)(COP(O)(=O)OCCN)OC(=O)CCCCCCCCCCCCCCC,704.0129,703.551590400,LC-MS/MS,Glycerophosphoethanolamines,PMID: 20671299,TRUE,TRUE,TRUE,TRUE,TRUE
pe(p-18:0/18:1),PE(P-18:0/18:1),HMDB0011374,[H][C@@](CO\C=C/CCCCCCCCCCCCCCCC)(COP(O)(=O)OCCN)OC(=O)CCCCCCCCC\C=C/CCCCCC,730.0502,729.567240400,LC-MS/MS,Glycerophosphoethanolamines,PMID: 20671299,TRUE,TRUE,TRUE,TRUE,TRUE
pe(p-18:0/18:2),PE(P-18:0/18:2),HMDB0011376,[H][C@@](CO\C=C/CCCCCCCCCCCCCCCC)(COP(O)(=O)OCCN)OC(=O)CCCCCCC\C=C/C\C=C/CCCCC,728.0343,727.551590400,LC-MS/MS,Glycerophosphoethanolamines,PMID: 20671299,TRUE,TRUE,TRUE,TRUE,TRUE
pe(p-18:0/20:3),PE(P-18:0/20:3),HMDB0011383,[H][C@@](CO\C=C/CCCCCCCCCCCCCCCC)(COP(O)(=O)OCCN)OC(=O)CCC\C=C/C\C=C/C\C=C/CCCCCCCC,754.0716,753.567240400,LC-MS/MS,Glycerophosphoethanolamines,PMID: 20671299,TRUE,TRUE,TRUE,TRUE,TRUE
pe(p-18:0/20:4),PE(P-18:0/20:4),HMDB0011386,[H][C@@](CO\C=C/CCCCCCCCCCCCCCCC)(COP(O)(=O)OCCN)OC(=O)CCCCCC\C=C/C\C=C/C\C=C/C\C=C/CC,752.0557,751.551590400,LC-MS/MS,Glycerophosphoethanolamines,PMID: 20671299,TRUE,TRUE,TRUE,TRUE,TRUE
pe(p-18:0/22:4),PE(P-18:0/22:4),HMDB0011391,[H][C@@](CO\C=C/CCCCCCCCCCCCCCCC)(COP(O)(=O)OCCN)OC(=O)CCCCC\C=C/C\C=C/C\C=C/C\C=C/CCCCC,780.1088,779.582890500,LC-MS/MS,Glycerophosphoethanolamines,PMID: 20671299,TRUE,TRUE,TRUE,TRUE,TRUE
pe(p-18:0/22:5),PE(P-18:0/22:5),HMDB0011392,[H][C@@](CO\C=C/CCCCCCCCCCCCCCCC)(COP(O)(=O)OCCN)OC(=O)CC\C=C/C\C=C/C\C=C/C\C=C/C\C=C/CCCCC,778.0930,777.567240400,LC-MS/MS,Glycerophosphoethanolamines,PMID: 20671299,TRUE,TRUE,TRUE,TRUE,TRUE
pe(p-18:0/22:6),PE(P-18:0/22:6),HMDB0011394,[H][C@@](CO\C=C/CCCCCCCCCCCCCCCC)(COP(O)(=O)OCCN)OC(=O)CC\C=C/C\C=C/C\C=C/C\C=C/C\C=C/C\C=C/CC,776.0771,775.551590400,LC-MS/MS,Glycerophosphoethanolamines,PMID: 20671299,TRUE,TRUE,TRUE,TRUE,TRUE
pe(p-18:1/16:0),PE(P-18:1/16:0),HMDB0011404,[H][C@@](CO\C=C/CCCCCCCC\C=C/CCCCCC)(COP(O)(=O)OCCN)OC(=O)CCCCCCCCCCCCCCC,701.9970,701.535940300,LC-MS/MS,Glycerophosphoethanolamines,PMID: 20671299,TRUE,TRUE,TRUE,TRUE,TRUE
pe(p-18:1/18:1),PE(P-18:1/18:1),HMDB0011407,[H][C@@](CO\C=C/CCCCCCCC\C=C/CCCCCC)(COP(O)(=O)OCCN)OC(=O)CCCCCCCCC\C=C/CCCCCC,728.0343,727.551590400,LC-MS/MS,Glycerophosphoethanolamines,PMID: 20671299,TRUE,TRUE,TRUE,TRUE,TRUE
pe(p-18:1/18:2),PE(P-18:1/18:2),HMDB0011409,[H][C@@](CO\C=C/CCCCCCCC\C=C/CCCCCC)(COP(O)(=O)OCCN)OC(=O)CCCCCCC\C=C/C\C=C/CCCCC,726.0184,725.535940300,LC-MS/MS,Glycerophosphoethanolamines,PMID: 20671299,TRUE,TRUE,TRUE,TRUE,TRUE
pe(p-18:1/20:3),PE(P-18:1/20:3),HMDB0011416,[H][C@@](CO\C=C/CCCCCCCC\C=C/CCCCCC)(COP(O)(=O)OCCN)OC(=O)CCC\C=C/C\C=C/C\C=C/CCCCCCCC,752.0557,751.551590400,LC-MS/MS,Glycerophosphoethanolamines,PMID: 20671299,TRUE,TRUE,TRUE,TRUE,TRUE
pe(p-18:1/20:4),PE(P-18:1/20:4),HMDB0011418,[H][C@@](CO\C=C/CCCCCCCC\C=C/CCCCCC)(COP(O)(=O)OCCN)OC(=O)CCC\C=C/C\C=C/C\C=C/C\C=C/CCCCC,750.0398,749.535940300,LC-MS/MS,Glycerophosphoethanolamines,PMID: 20671299,TRUE,TRUE,TRUE,TRUE,TRUE
pe(p-18:1/22:5),PE(P-18:1/22:5),HMDB0011425,[H][C@@](CO\C=C/CCCCCCCC\C=C/CCCCCC)(COP(O)(=O)OCCN)OC(=O)CC\C=C/C\C=C/C\C=C/C\C=C/C\C=C/CCCCC,776.0771,775.551590400,LC-MS/MS,Glycerophosphoethanolamines,PMID: 20671299,TRUE,TRUE,TRUE,TRUE,TRUE
pe(p-18:1/22:6),PE(P-18:1/22:6),HMDB0011427,[H][C@@](CO\C=C/CCCCCCCC\C=C/CCCCCC)(COP(O)(=O)OCCN)OC(=O)CC\C=C/C\C=C/C\C=C/C\C=C/C\C=C/C\C=C/CC,774.0612,773.535940300,LC-MS/MS,Glycerophosphoethanolamines,PMID: 20671299,TRUE,TRUE,TRUE,TRUE,TRUE
pe(p-18:2/20:4),PE(P-18:2/20:4),HMDB0341539,[H]\C(CCCCC)=C(\[H])C\C([H])=C(/[H])CCCCCCCC(=O)OC[C@]([H])(COP(O)(=O)OCCN)OC(=O)CCC\C([H])=C(/[H])C\C([H])=C(/[H])C\C([H])=C(/[H])C\C([H])=C(/[H])CCCCC,764.0380,763.515205300,LC-MS/MS,Glycerophosphoethanolamines,PMID: 20671299,TRUE,TRUE,TRUE,TRUE,TRUE
ps(32:1),PS(32:1),HMDB0012355,[H][C@](N)(COP(O)(=O)OC[C@@]([H])(COC(=O)CCCCCCCCCCCCCCC)OC(=O)CCCCCCC\C=C/CCCCCC)C(O)=O,733.9650,733.489384500,LC-MS/MS,Glycerophosphoserines,PMID: 20671299,TRUE,TRUE,TRUE,TRUE,TRUE
ps(34:0),PS(34:0),HMDB0112295,[H][C@](N)(COP(O)(=O)OC[C@@]([H])(COC(=O)CCCCCCC\C=C/CCCCCCCC)OC(=O)CCCCCCCCCCCCC)C(O)=O,733.9650,733.489384500,LC-MS/MS,Glycerophosphoserines,PMID: 20671299,TRUE,TRUE,TRUE,TRUE,TRUE
ps(34:1),PS(34:1),HMDB0012387,[H][C@](N)(COP(O)(=O)OC[C@@]([H])(COC(=O)CCCCCCC\C=C/CCCCCCCC)OC(=O)CCCCCCCCCCCCCCC)C(O)=O,762.0190,761.520684600,LC-MS/MS,Glycerophosphoserines,PMID: 20671299,TRUE,TRUE,TRUE,TRUE,TRUE
ps(34:2),PS(34:2),HMDB0012388,[H][C@](N)(COP(O)(=O)OC[C@@]([H])(COC(=O)CCCCCCC\C=C/CCCCCCCC)OC(=O)CCCCCCC\C=C/CCCCCC)C(O)=O,760.0030,759.505034600,LC-MS/MS,Glycerophosphoserines,PMID: 20671299,TRUE,TRUE,TRUE,TRUE,TRUE
ps(36:0),PS(36:0),HMDB0012378,[H][C@](N)(COP(O)(=O)OC[C@@]([H])(COC(=O)CCCCCCCCCCCCCCCCC)OC(=O)CCCCCCCCCCCCCCCCC)C(O)=O,792.0890,791.567634800,LC-MS/MS,Glycerophosphoserines,PMID: 20671299,TRUE,TRUE,TRUE,TRUE,TRUE
ps(36:1),PS(36:1),HMDB0010163,CCCCCCCCCCCCCCCCCC(=O)OC[C@H](COP(O)(=O)OC[C@H](N)C(O)=O)OC(=O)CCCCCCC\C=C/CCCCCCCC,790.0730,789.551984800,LC-MS/MS,Glycerophosphoserines,PMID: 20671299,TRUE,TRUE,TRUE,TRUE,TRUE
ps(36:2),PS(36:2),HMDB0012390,[H][C@](N)(COP(O)(=O)OC[C@@]([H])(COC(=O)CCCCCCC\C=C/CCCCCCCC)OC(=O)CCCCCCC\C=C/CCCCCCCC)C(O)=O,788.0570,787.536334700,LC-MS/MS,Glycerophosphoserines,PMID: 20671299,TRUE,TRUE,TRUE,TRUE,TRUE
ps(36:3),PS(36:3),HMDB0012381,[H][C@](N)(COP(O)(=O)OC[C@@]([H])(COC(=O)CCCCCCCCCCCCCCCCC)OC(=O)CCCCCCC\C=C/C\C=C/C\C=C/CC)C(O)=O,786.0273,785.520684200,LC-MS/MS,Glycerophosphoserines,PMID: 20671299,TRUE,TRUE,TRUE,TRUE,TRUE
ps(36:4),PS(36:4),HMDB0012402,[H][C@](N)(COP(O)(=O)OC[C@@]([H])(COC(=O)CCCCCCC\C=C/C\C=C/CCCCC)OC(=O)CCCCCCC\C=C/C\C=C/CCCCC)C(O)=O,784.0114,783.505034100,LC-MS/MS,Glycerophosphoserines,PMID: 20671299,TRUE,TRUE,TRUE,TRUE,TRUE
ps(38:1),PS(38:1),HMDB0112364,[H][C@](N)(COP(O)(=O)OC[C@@]([H])(COC(=O)CCCCCCC\C=C/CCCCCC)OC(=O)CCCCCCCCCCCCCCCCCCCCC)C(O)=O,818.1270,817.583284900,LC-MS/MS,Glycerophosphoserines,PMID: 20671299,TRUE,TRUE,TRUE,TRUE,TRUE
ps(38:2),PS(38:2),HMDB0112351,[H][C@](N)(COP(O)(=O)OC[C@@]([H])(COC(=O)CCCCCCCCCCCCCCC)OC(=O)CCCCCCCCCCC\C=C/C\C=C/CCCCC)C(O)=O,816.1110,815.567634800,LC-MS/MS,Glycerophosphoserines,PMID: 20671299,TRUE,TRUE,TRUE,TRUE,TRUE
ps(38:3),PS(38:3),HMDB0012382,[H][C@](N)(COP(O)(=O)OC[C@@]([H])(COC(=O)CCCCCCCCCCCCCCCCC)OC(=O)CCCCCC\C=C/C\C=C/C\C=C/CCCCC)C(O)=O,814.0805,813.551984300,LC-MS/MS,Glycerophosphoserines,PMID: 20671299,TRUE,TRUE,TRUE,TRUE,TRUE
ps(38:4),PS(38:4),HMDB0012383,CCCCCCCCCCCCCCCCCC(=O)OC[C@H](COP(O)(=O)OC[C@H](N)C(O)=O)OC(=O)CCC\C=C/C\C=C/C\C=C/C\C=C/CCCCC,812.0646,811.536334200,LC-MS/MS,Glycerophosphoserines,PMID: 20671299,TRUE,TRUE,TRUE,TRUE,TRUE
ps(38:5),PS(38:5),HMDB0012404,[H][C@](N)(COP(O)(=O)OC[C@@]([H])(COC(=O)CCCCCCC\C=C/C\C=C/CCCCC)OC(=O)CCCCCC\C=C/C\C=C/C\C=C/CCCCC)C(O)=O,810.0487,809.520684200,LC-MS/MS,Glycerophosphoserines,PMID: 20671299,TRUE,TRUE,TRUE,TRUE,TRUE
ps(38:6),PS(38:6),HMDB0012362,[H][C@](N)(COP(O)(=O)OC[C@@]([H])(COC(=O)CCCCCCCCCCCCCCC)OC(=O)CC\C=C/C\C=C/C\C=C/C\C=C/C\C=C/C\C=C/CC)C(O)=O,808.0328,807.505034100,LC-MS/MS,Glycerophosphoserines,PMID: 20671299,TRUE,TRUE,TRUE,TRUE,TRUE
ps(40:3),PS(40:3),HMDB0112460,[H][C@](N)(COP(O)(=O)OC[C@@]([H])(COC(=O)CCCC\C=C/C\C=C/C\C=C/CCCCC)OC(=O)CCCCCCCCCCCCCCCCCCCCC)C(O)=O,842.1490,841.583284900,LC-MS/MS,Glycerophosphoserines,PMID: 20671299,TRUE,TRUE,TRUE,TRUE,TRUE
ps(40:4),PS(40:4),HMDB0112382,[H][C@](N)(COP(O)(=O)OC[C@@]([H])(COC(=O)CCCCCCCCCCCCCCCCC)OC(=O)CCCCC\C=C/C\C=C/C\C=C/C\C=C/CCCCC)C(O)=O,840.1330,839.567634800,LC-MS/MS,Glycerophosphoserines,PMID: 20671299,TRUE,TRUE,TRUE,TRUE,TRUE
ps(40:5),PS(40:5),HMDB0010166,[H][C@](N)(COP(O)(=O)OC[C@@]([H])(COC(=O)CCCCCCCCCCCCCCCCC)OC(=O)CCCCC\C=C/C\C=C/C\C=C/C\C=C/C\C=C/CC)C(O)=O,838.1019,837.551984300,LC-MS/MS,Glycerophosphoserines,PMID: 20671299,TRUE,TRUE,TRUE,TRUE,TRUE
ps(40:6),PS(40:6),HMDB0012444,[H][C@](N)(COP(O)(=O)OC[C@@]([H])(COC(=O)CC\C=C/C\C=C/C\C=C/C\C=C/C\C=C/C\C=C/CC)OC(=O)CCCCCCCCCCCCCCCCC)C(O)=O,836.0860,835.536334200,LC-MS/MS,Glycerophosphoserines,PMID: 20671299,TRUE,TRUE,TRUE,TRUE,TRUE
ps(40:7),PS(40:7),HMDB0012445,[H][C@](N)(COP(O)(=O)OC[C@@]([H])(COC(=O)CC\C=C/C\C=C/C\C=C/C\C=C/C\C=C/C\C=C/CC)OC(=O)CCCCCCC\C=C/CCCCCCCC)C(O)=O,834.0701,833.520684200,LC-MS/MS,Glycerophosphoserines,PMID: 20671299,TRUE,TRUE,TRUE,TRUE,TRUE
pg(34:1),PG(34:1),HMDB0010630,[H][C@](O)(CO)COP(O)(=O)OC[C@@]([H])(COC(=O)CCCCCCC\C=C/CCCCCCCC)OC(=O)CCCCCCCCCCCCCCC,749.0071,748.525435200,LC-MS/MS,Glycerophosphoglycerols,PMID: 20671299,TRUE,TRUE,TRUE,TRUE,TRUE
pg(34:2),PG(34:2),HMDB0010575,[H][C@](O)(CO)COP(O)(=O)OC[C@@]([H])(COC(=O)CCCCCCCCCCCCCCC)OC(=O)CCCCCCC\C=C/C\C=C/CCCCC,746.9913,746.509785100,LC-MS/MS,Glycerophosphoglycerols,PMID: 20671299,TRUE,TRUE,TRUE,TRUE,TRUE
pg(36:1),PG(36:1),HMDB0010632,[H][C@](O)(CO)COP(O)(=O)OC[C@@]([H])(COC(=O)CCCCCCC\C=C/CCCCCCCC)OC(=O)CCCCCCCCCCCCCCCCC,777.0603,776.556735300,LC-MS/MS,Glycerophosphoglycerols,PMID: 20671299,TRUE,TRUE,TRUE,TRUE,TRUE
pg(36:2),PG(36:2),HMDB0010647,[H][C@](O)(CO)COP(O)(=O)OC[C@@]([H])(COC(=O)CCCCCCC\C=C/C\C=C/CCCCC)OC(=O)CCCCCCCCCCCCCCCCC,775.0444,774.541085300,LC-MS/MS,Glycerophosphoglycerols,PMID: 20671299,TRUE,TRUE,TRUE,TRUE,TRUE
pg(36:3),PG(36:3),HMDB0010648,[H][C@](O)(CO)COP(O)(=O)OC[C@@]([H])(COC(=O)CCCCCCC\C=C/C\C=C/CCCCC)OC(=O)CCCCCCCCC\C=C/CCCCCC,773.0285,772.525435200,LC-MS/MS,Glycerophosphoglycerols,PMID: 20671299,TRUE,TRUE,TRUE,TRUE,TRUE
pg(36:4),PG(36:4),HMDB0010593,[H][C@](O)(CO)COP(O)(=O)OC[C@@]([H])(COC(=O)CCCCCCC\C=C/CCCCCC)OC(=O)CCC\C=C/C\C=C/C\C=C/CCCCCCCC,771.0127,770.509785100,LC-MS/MS,Glycerophosphoglycerols,PMID: 20671299,TRUE,TRUE,TRUE,TRUE,TRUE
pg(36:5),PG(36:5),HMDB0010665,[H][C@](O)(CO)COP(O)(=O)OC[C@@]([H])(COC(=O)CCCC\C=C/C\C=C/C\C=C/CCCCC)OC(=O)CCCCCCC\C=C/C\C=C/CCCCC,768.9968,768.494135100,LC-MS/MS,Glycerophosphoglycerols,PMID: 20671299,TRUE,TRUE,TRUE,TRUE,TRUE
pg(38:4),PG(38:4),HMDB0010581,[H][C@](O)(CO)COP(O)(=O)OC[C@@]([H])(COC(=O)CCCCCCCCCCCCCCC)OC(=O)CCCCC\C=C/C\C=C/C\C=C/C\C=C/CCCCC,799.0658,798.541085300,LC-MS/MS,Glycerophosphoglycerols,PMID: 20671299,TRUE,TRUE,TRUE,TRUE,TRUE
pg(38:5),PG(38:5),HMDB0010596,[H][C@](O)(CO)COP(O)(=O)OC[C@@]([H])(COC(=O)CCCCCCC\C=C/CCCCCC)OC(=O)CCCCC\C=C/C\C=C/C\C=C/C\C=C/CCCCC,797.0499,796.525435200,LC-MS/MS,Glycerophosphoglycerols,PMID: 20671299,TRUE,TRUE,TRUE,TRUE,TRUE
pg(38:6),PG(38:6),HMDB0010683,[H][C@](O)(CO)COP(O)(=O)OC[C@@]([H])(COC(=O)CCCCCCC\C=C/C\C=C/C\C=C/CC)OC(=O)CCC\C=C/C\C=C/C\C=C/CCCCCCCC,795.0341,794.509785100,LC-MS/MS,Glycerophosphoglycerols,PMID: 20671299,TRUE,TRUE,TRUE,TRUE,TRUE
pg(40:4),PG(40:4),HMDB0010611,[H][C@](O)(CO)COP(O)(=O)OC[C@@]([H])(COC(=O)CCCCCCCCCCCCCCCCC)OC(=O)CCCCC\C=C/C\C=C/C\C=C/C\C=C/CCCCC,827.1190,826.572385400,LC-MS/MS,Glycerophosphoglycerols,PMID: 20671299,TRUE,TRUE,TRUE,TRUE,TRUE
pg(40:5),PG(40:5),HMDB0010612,[H][C@](O)(CO)COP(O)(=O)OC[C@@]([H])(COC(=O)CCCCCCCCCCCCCCCCC)OC(=O)CC\C=C/C\C=C/C\C=C/C\C=C/C\C=C/CCCCC,825.1031,824.556735300,LC-MS/MS,Glycerophosphoglycerols,PMID: 20671299,TRUE,TRUE,TRUE,TRUE,TRUE
pg(40:6),PG(40:6),HMDB0010614,[H][C@](O)(CO)COP(O)(=O)OC[C@@]([H])(COC(=O)CCCCCCCCCCCCCCCCC)OC(=O)CC\C=C/C\C=C/C\C=C/C\C=C/C\C=C/C\C=C/CC,823.0872,822.541085300,LC-MS/MS,Glycerophosphoglycerols,PMID: 20671299,TRUE,TRUE,TRUE,TRUE,TRUE
pg(40:7),PG(40:7),HMDB0010629,[H][C@](O)(CO)COP(O)(=O)OC[C@@]([H])(COC(=O)CCCCCCCCC\C=C/CCCCCC)OC(=O)CC\C=C/C\C=C/C\C=C/C\C=C/C\C=C/C\C=C/CC,821.0713,820.525435200,LC-MS/MS,Glycerophosphoglycerols,PMID: 20671299,TRUE,TRUE,TRUE,TRUE,TRUE
pg(40:8),PG(40:8),HMDB0010687,[H][C@](O)(CO)COP(O)(=O)OC[C@@]([H])(COC(=O)CCCCCCC\C=C/C\C=C/C\C=C/CC)OC(=O)CC\C=C/C\C=C/C\C=C/C\C=C/C\C=C/CCCCC,819.0555,818.509785100,LC-MS/MS,Glycerophosphoglycerols,PMID: 20671299,TRUE,TRUE,TRUE,TRUE,TRUE
pg(40:9),PG(40:9),HMDB0010689,[H][C@](O)(CO)COP(O)(=O)OC[C@@]([H])(COC(=O)CCCCCCC\C=C/C\C=C/C\C=C/CC)OC(=O)CC\C=C/C\C=C/C\C=C/C\C=C/C\C=C/C\C=C/CC,817.0396,816.494135100,LC-MS/MS,Glycerophosphoglycerols,PMID: 20671299,TRUE,TRUE,TRUE,TRUE,TRUE
pa(32:0),PA(32:0),HMDB0000674,[H][C@@](COC(=O)CCCCCCCCCCCCCCC)(COP(O)(O)=O)OC(=O)CCCCCCCCCCCCCCC,648.9030,648.473006200,LC-MS/MS,Glycerophosphates,PMID: 20671299,TRUE,TRUE,TRUE,TRUE,TRUE
pa(32:1),PA(32:1),HMDB0114874,[H][C@@](COC(=O)CCCCCCCCCCCCCCCCC)(COP(O)(O)=O)OC(=O)CCCCCCC\C=C/CCCC,646.8870,646.457356100,LC-MS/MS,Glycerophosphates,PMID: 20671299,TRUE,TRUE,TRUE,TRUE,TRUE
pa(34:0),PA(34:0),HMDB0114876,[H][C@@](COC(=O)CCCCCCCCCCCCCCCCC)(COP(O)(O)=O)OC(=O)CCCCCCCCCCCCCCC,676.9570,676.504306300,LC-MS/MS,Glycerophosphates,PMID: 20671299,TRUE,TRUE,TRUE,TRUE,TRUE
pa(34:1),PA(34:1),HMDB0007858,[H][C@@](COC(=O)CCCCCCCCCCCCCCC)(COP(O)(O)=O)OC(=O)CCCCCCCCC\C=C/CCCCCC,674.9410,674.488656200,LC-MS/MS,Glycerophosphates,PMID: 20671299,TRUE,TRUE,TRUE,TRUE,TRUE
pa(34:2),PA(34:2),HMDB0007860,CCCCCCCCCCCCCCCC(=O)OC[C@]([H])(COP(O)(=O)O)OC(=O)CCCCCCC\C=C/C\C=C/CCCCC,672.9127,672.473005700,LC-MS/MS,Glycerophosphates,PMID: 20671299,TRUE,TRUE,TRUE,TRUE,TRUE
pa(36:0),PA(36:0),HMDB0115240,[H][C@@](COC(=O)CCCCCCCCCCCCCCCCCCCCC)(COP(O)(O)=O)OC(=O)CCCCCCCCCCCCC,705.0110,704.535606400,LC-MS/MS,Glycerophosphates,PMID: 20671299,TRUE,TRUE,TRUE,TRUE,TRUE
pa(36:1),PA(36:1),HMDB0115094,[H][C@@](COC(=O)CCCCCCCCC\C=C/CCCCCCCC)(COP(O)(O)=O)OC(=O)CCCCCCCCCCCCCCC,702.9950,702.519956400,LC-MS/MS,Glycerophosphates,PMID: 20671299,TRUE,TRUE,TRUE,TRUE,TRUE
pa(36:2),PA(36:2),HMDB0007862,[H][C@@](COC(=O)CCCCCCCCC\C=C/CCCCCC)(COP(O)(O)=O)OC(=O)CCCCCCCCC\C=C/CCCCCC,700.9790,700.504306300,LC-MS/MS,Glycerophosphates,PMID: 20671299,TRUE,TRUE,TRUE,TRUE,TRUE
pa(36:3),PA(36:3),HMDB0114878,[H][C@@](COC(=O)CCCCCCCCCCCCCCCCC)(COP(O)(O)=O)OC(=O)CCCC\C=C/C\C=C/C\C=C/CCCCC,698.9630,698.488656200,LC-MS/MS,Glycerophosphates,PMID: 20671299,TRUE,TRUE,TRUE,TRUE,TRUE
pa(36:4),PA(36:4),HMDB0115006,[H][C@@](COC(=O)CCCCCCC\C=C/C\C=C/C\C=C/CC)(COP(O)(O)=O)OC(=O)CCCCCCCCC\C=C/CCCCCC,696.9470,696.473006200,LC-MS/MS,Glycerophosphates,PMID: 20671299,TRUE,TRUE,TRUE,TRUE,TRUE
pa(38:2),PA(38:2),HMDB0115299,[H][C@@](COC(=O)CCCCCCCCCCC\C=C/C\C=C/CCCCC)(COP(O)(O)=O)OC(=O)CCCCCCCCCCCCCCC,729.0330,728.535606400,LC-MS/MS,Glycerophosphates,PMID: 20671299,TRUE,TRUE,TRUE,TRUE,TRUE
pa(38:3),PA(38:3),HMDB0114985,[H][C@@](COC(=O)CCCC\C=C/C\C=C/C\C=C/CCCCC)(COP(O)(O)=O)OC(=O)CCCCCCCCCCCCCCCCCCC,727.0170,726.519956400,LC-MS/MS,Glycerophosphates,PMID: 20671299,TRUE,TRUE,TRUE,TRUE,TRUE
pa(38:4),PA(38:4),HMDB0114884,[H][C@@](COC(=O)CCCCCCCCCCCCCCCCC)(COP(O)(O)=O)OC(=O)CCC\C=C/C\C=C/C\C=C/C\C=C/CCCCC,725.0010,724.504306300,LC-MS/MS,Glycerophosphates,PMID: 20671299,TRUE,TRUE,TRUE,TRUE,TRUE
pa(38:5),PA(38:5),HMDB0114910,[H][C@@](COC(=O)CCCCCCCCC\C=C/CCCCCC)(COP(O)(O)=O)OC(=O)CCCCCC\C=C/C\C=C/C\C=C/C\C=C/CC,722.9850,722.488656200,LC-MS/MS,Glycerophosphates,PMID: 20671299,TRUE,TRUE,TRUE,TRUE,TRUE
pa(38:6),PA(38:6),HMDB0114849,[H][C@@](COC(=O)CCCCCCCCCCCCCCC)(COP(O)(O)=O)OC(=O)CC\C=C/C\C=C/C\C=C/C\C=C/C\C=C/C\C=C/CC,720.9690,720.473006200,LC-MS/MS,Glycerophosphates,PMID: 20671299,TRUE,TRUE,TRUE,TRUE,TRUE
pi(32:1),PI(32:1),HMDB0009779,[H][C@@](COC(=O)CCCCCCCCCCCCCCC)(COP(O)(=O)O[C@H]1C(O)C(O)C(O)[C@@H](O)C1O)OC(=O)CCCCCCC\C=C/CCCCCC,809.0160,808.510179100,LC-MS/MS,Glycerophosphoinositols,PMID: 20671299,TRUE,TRUE,TRUE,TRUE,TRUE
pi(34:0),PI(34:0),HMDB0009781,CCCCCCCCCCCCCCCCCC(=O)O[C@H](COC(=O)CCCCCCCCCCCCCCC)COP(O)(=O)O[C@H]1[C@H](O)[C@@H](O)[C@H](O)[C@@H](O)[C@H]1O,839.0980,838.557129700,LC-MS/MS,Glycerophosphoinositols,PMID: 20671299,TRUE,TRUE,TRUE,TRUE,TRUE
pi(34:1),PI(34:1),HMDB0009834,[H][C@@](COC(=O)CCCCCCC\C=C/CCCCCCCC)(COP(O)(=O)O[C@H]1C(O)C(O)C(O)[C@@H](O)C1O)OC(=O)CCCCCCCCCCCCCCC,837.0692,836.541479200,LC-MS/MS,Glycerophosphoinositols,PMID: 20671299,TRUE,TRUE,TRUE,TRUE,TRUE
pi(34:2),PI(34:2),HMDB0009835,[H][C@@](COC(=O)CCCCCCC\C=C/CCCCCCCC)(COP(O)(=O)O[C@H]1C(O)C(O)C(O)[C@@H](O)C1O)OC(=O)CCCCCCC\C=C/CCCCCC,835.0533,834.525829100,LC-MS/MS,Glycerophosphoinositols,PMID: 20671299,TRUE,TRUE,TRUE,TRUE,TRUE
pi(36:0),PI(36:0),HMDB0009808,[H][C@@](COC(=O)CCCCCCCCCCCCCCCCC)(COP(O)(=O)O[C@H]1C(O)C(O)C(O)[C@@H](O)C1O)OC(=O)CCCCCCCCCCCCCCCCC,867.1382,866.588429400,LC-MS/MS,Glycerophosphoinositols,PMID: 20671299,TRUE,TRUE,TRUE,TRUE,TRUE
pi(36:1),PI(36:1),HMDB0240667,[H][C@@](COC(=O)CCCCCCCCCCCCCCCCC)(COP(O)(=O)O[C@H]1[C@H](O)[C@@H](O)[C@H](O)[C@@H](O)[C@H]1O)OC(=O)CCCCCCC\C=C/CCCCCCCC,865.1224,864.572779300,LC-MS/MS,Glycerophosphoinositols,PMID: 20671299,TRUE,TRUE,TRUE,TRUE,TRUE
pi(36:2),PI(36:2),HMDB0009836,[H][C@@](COC(=O)CCCCCCC\C=C/CCCCCCCC)(COP(O)(=O)O[C@H]1C(O)C(O)C(O)[C@@H](O)C1O)OC(=O)CCCCCCCCC\C=C/CCCCCC,863.1065,862.557129300,LC-MS/MS,Glycerophosphoinositols,PMID: 20671299,TRUE,TRUE,TRUE,TRUE,TRUE
pi(36:3),PI(36:3),HMDB0009838,[H][C@@](COC(=O)CCCCCCC\C=C/CCCCCCCC)(COP(O)(=O)O[C@H]1C(O)C(O)C(O)[C@@H](O)C1O)OC(=O)CCCCCCC\C=C/C\C=C/CCCCC,861.0906,860.541479200,LC-MS/MS,Glycerophosphoinositols,PMID: 20671299,TRUE,TRUE,TRUE,TRUE,TRUE
pi(36:4),PI(36:4),HMDB0009839,[H][C@@](COC(=O)CCCCCCC\C=C/CCCCCCCC)(COP(O)(=O)O[C@H]1C(O)C(O)C(O)[C@@H](O)C1O)OC(=O)CCCC\C=C/C\C=C/C\C=C/CCCCC,859.0747,858.525829100,LC-MS/MS,Glycerophosphoinositols,PMID: 20671299,TRUE,TRUE,TRUE,TRUE,TRUE
pi(36:5),PI(36:5),HMDB0341540,NULL,857.0720,856.510179500,LC-MS/MS,0,PMID: 20671299,TRUE,TRUE,TRUE,TRUE,TRUE
pi(38:2),PI(38:2),HMDB0009870,[H][C@@](COC(=O)CCCCCCCCC\C=C/CCCCCCCC)(COP(O)(=O)O[C@H]1C(O)C(O)C(O)[C@@H](O)C1O)OC(=O)CCCCCCCCC\C=C/CCCCCC,891.1596,890.588429400,LC-MS/MS,Glycerophosphoinositols,PMID: 20671299,TRUE,TRUE,TRUE,TRUE,TRUE
pi(38:3),PI(38:3),HMDB0009887,[H][C@@](COC(=O)CCCCCC\C=C/C\C=C/C\C=C/CCCCC)(COP(O)(=O)O[C@H]1C(O)C(O)C(O)[C@@H](O)C1O)OC(=O)CCCCCCCCCCCCCCCCC,889.1438,888.572779300,LC-MS/MS,Glycerophosphoinositols,PMID: 20671299,TRUE,TRUE,TRUE,TRUE,TRUE
pi(38:4),PI(38:4),HMDB0009816,[H][C@@](COC(=O)CCCCCCCCCCCCCCCCC)(COP(O)(=O)O[C@H]1C(O)C(O)C(O)[C@@H](O)C1O)OC(=O)CCCCCC\C=C/C\C=C/C\C=C/C\C=C/CC,887.1279,886.557129300,LC-MS/MS,Glycerophosphoinositols,PMID: 20671299,TRUE,TRUE,TRUE,TRUE,TRUE
pi(38:5),PI(38:5),HMDB0009854,[H][C@@](COC(=O)CCCCCCC\C=C/C\C=C/CCCCC)(COP(O)(=O)O[C@H]1C(O)C(O)C(O)[C@@H](O)C1O)OC(=O)CCC\C=C/C\C=C/C\C=C/CCCCCCCC,885.1120,884.541479200,LC-MS/MS,Glycerophosphoinositols,PMID: 20671299,TRUE,TRUE,TRUE,TRUE,TRUE
pi(38:6),PI(38:6),HMDB0009883,[H][C@@](COC(=O)CCCCCC\C=C/C\C=C/C\C=C/C\C=C/CC)(COP(O)(=O)O[C@H]1C(O)C(O)C(O)[C@@H](O)C1O)OC(=O)CCCCCCC\C=C/CCCCCCCC,885.1120,884.541479200,LC-MS/MS,Glycerophosphoinositols,PMID: 20671299,TRUE,TRUE,TRUE,TRUE,TRUE
pi(40:3),PI(40:3),HMDB0009868,[H][C@@](COC(=O)CCCCCCCCCCCCCCCCCCC)(COP(O)(=O)O[C@H]1C(O)C(O)C(O)[C@@H](O)C1O)OC(=O)CCCCCC\C=C/C\C=C/C\C=C/C\C=C/CC,915.1810,914.588429400,LC-MS/MS,Glycerophosphoinositols,PMID: 20671299,TRUE,TRUE,TRUE,TRUE,TRUE
pi(40:4),PI(40:4),HMDB0009817,[H][C@@](COC(=O)CCCCCCCCCCCCCCCCC)(COP(O)(=O)O[C@H]1C(O)C(O)C(O)[C@@H](O)C1O)OC(=O)CCCCCCCC\C=C/C\C=C/C\C=C/C\C=C/CC,915.1810,914.588429400,LC-MS/MS,Glycerophosphoinositols,PMID: 20671299,TRUE,TRUE,TRUE,TRUE,TRUE
pi(40:5),PI(40:5),HMDB0009819,[H][C@@](COC(=O)CCCCCCCCCCCCCCCCC)(COP(O)(=O)O[C@H]1C(O)C(O)C(O)[C@@H](O)C1O)OC(=O)CC\C=C/C\C=C/C\C=C/C\C=C/C\C=C/CCCCC,913.1652,912.572779300,LC-MS/MS,Glycerophosphoinositols,PMID: 20671299,TRUE,TRUE,TRUE,TRUE,TRUE
pi(40:6),PI(40:6),HMDB0009891,[H][C@@](COC(=O)CCCCCC\C=C/C\C=C/C\C=C/CCCCC)(COP(O)(=O)O[C@H]1C(O)C(O)C(O)[C@@H](O)C1O)OC(=O)CCC\C=C/C\C=C/C\C=C/CCCCCCCC,911.1493,910.557129300,LC-MS/MS,Glycerophosphoinositols,PMID: 20671299,TRUE,TRUE,TRUE,TRUE,TRUE
pgd1,PGD1,HMDB0005102,CCCCC[C@H](O)\C=C\[C@@H]1[C@@H](CCCCCCC(O)=O)[C@@H](O)CC1=O,354.4810,354.240624200,LC-MS/MS,Eicosanoids,PMID: 20671299,TRUE,TRUE,TRUE,TRUE,TRUE
15-keto-pgf1a,15-keto-PGF1a,HMDB0060045,CCCCCC(=O)\C=C\[C@H]1[C@H](O)C[C@H](O)[C@@H]1CCCCCCC(O)=O,354.4810,354.240624200,LC-MS/MS,Eicosanoids,PMID: 20671299,TRUE,TRUE,TRUE,TRUE,TRUE
pgd2,PGD2,HMDB0001403,[H][C@](O)(CCCCC)\C=C\[C@@]1([H])C(=O)C[C@]([H])(O)[C@]1([H])C\C=C/CCCC(O)=O,352.4651,352.224974100,LC-MS/MS,Eicosanoids,PMID: 20671299,TRUE,TRUE,TRUE,TRUE,TRUE
pge2,PGE2,HMDB0001220,CCCCC[C@H](O)\C=C\[C@H]1[C@H](O)CC(=O)[C@@H]1C\C=C/CCCC(O)=O,352.4651,352.224974100,LC-MS/MS,Eicosanoids,PMID: 20671299,TRUE,TRUE,TRUE,TRUE,TRUE
pgf2a,PGF2a,HMDB0001139,CCCCC[C@H](O)\C=C\[C@H]1[C@H](O)C[C@H](O)[C@@H]1C\C=C\CCCC(O)=O,354.4810,354.240624200,LC-MS/MS,Eicosanoids,PMID: 20671299,TRUE,TRUE,TRUE,TRUE,TRUE
pgj2,PGJ2,HMDB0002710,CCCCC[C@H](O)\C=C\[C@@H]1[C@@H](C\C=C/CCCC(O)=O)C=CC1=O,334.4498,334.214409400,LC-MS/MS,Eicosanoids,PMID: 20671299,TRUE,TRUE,TRUE,TRUE,TRUE
txb2,TXB2,HMDB0003252,CCCCC[C@H](O)\C=C\[C@H]1OC(O)C[C@H](O)[C@@H]1C\C=C/CCCC(O)=O,370.4804,370.235538800,LC-MS/MS,Eicosanoids,PMID: 20671299,TRUE,TRUE,TRUE,TRUE,TRUE
15-keto-pgf2a,15-keto-PGF2a,HMDB0004240,CCCCCC(=O)\C=C\[C@H]1[C@H](O)C[C@H](O)[C@@H]1C\C=C/CCCC(O)=O,352.4651,352.224974100,LC-MS/MS,Eicosanoids,PMID: 20671299,TRUE,TRUE,TRUE,TRUE,TRUE
"13,14-dihydro-15-keto-pgd2","13,14-dihydro-15-keto-PGD2",HMDB0060042,CCCCCC(=O)CC[C@@H]1[C@@H](C\C=C/CCCC(O)=O)[C@@H](O)CC1=O,352.4651,352.224974100,LC-MS/MS,Eicosanoids,PMID: 20671299,TRUE,TRUE,TRUE,TRUE,TRUE
"13,14-dihydro-15-keto-pge2","13,14-dihydro-15-keto-PGE2",HMDB0002776,CCCCCC(=O)CC[C@H]1[C@H](O)CC(=O)[C@@H]1C\C=C/CCCC(O)=O,352.4651,352.224974100,LC-MS/MS,Eicosanoids,PMID: 20671299,TRUE,TRUE,TRUE,TRUE,TRUE
"13,14-dihydro-15-keto-pgf2a","13,14-dihydro-15-keto-PGF2a",HMDB0004685,CCCCCC(=O)CC[C@H]1[C@H](O)C[C@H](O)[C@@H]1C\C=C/CCCC(O)=O,354.4810,354.240624200,LC-MS/MS,Eicosanoids,PMID: 20671299,TRUE,TRUE,TRUE,TRUE,TRUE
"2,3-dinor-11ß-pgf2a","2,3-dinor-11ß-PGF2a",HMDB0002277,CCCCC[C@H](O)\C=C\[C@H]1[C@@H](O)C[C@H](O)[C@@H]1CC(=O)CCC(O)=O,342.4272,342.204238700,LC-MS/MS,Eicosanoids,PMID: 20671299,TRUE,TRUE,TRUE,TRUE,TRUE
15d pgd2,15d PGD2,HMDB0062298,[H]\C(CCCC(O)=O)=C(/[H])C[C@]1([H])\C(=C(\[H])/C(/[H])=C(\[H])CCCCC)C(=O)C[C@]1([H])O,334.4560,334.214409400,LC-MS/MS,Eicosanoids,PMID: 20671299,TRUE,TRUE,TRUE,TRUE,TRUE
15d pgj2,15d PGJ2,HMDB0005079,CCCCC\C=C\C=C1/[C@@H](C\C=C/CCCC(O)=O)C=CC1=O,316.4345,316.203844800,LC-MS/MS,Eicosanoids,PMID: 20671299,TRUE,TRUE,TRUE,TRUE,TRUE
11b-pge2,11b-PGE2,HMDB0060041,CCCCC[C@H](O)\C=C\[C@H]1[C@@H](O)CC(=O)[C@@H]1C\C=C/CCCC(O)=O,352.4651,352.224974100,LC-MS/MS,Eicosanoids,PMID: 20671299,TRUE,TRUE,TRUE,TRUE,TRUE
11b-pgf2a,11b-PGF2a,HMDB0010199,CCCCC[C@H](O)\C=C\[C@H]1[C@@H](O)C[C@H](O)[C@@H]1C\C=C/CCCC(O)=O,354.4810,354.240624200,LC-MS/MS,Eicosanoids,PMID: 20671299,TRUE,TRUE,TRUE,TRUE,TRUE
bicyclo-pge2,bicyclo-PGE2,HMDB0060054,CCCCC1[C@H]2CC(=O)[C@H](C\C=C/CCCC(O)=O)[C@H]2CCC1=O,334.4498,334.214409400,LC-MS/MS,Eicosanoids,PMID: 20671299,TRUE,TRUE,TRUE,TRUE,TRUE
11-hete,11-HETE,HMDB0004682,CCCCC\C=C/C=C\[C@H](O)C\C=C/C\C=C\CCCC(O)=O,320.4663,320.235144900,LC-MS/MS,Eicosanoids,PMID: 20671299,TRUE,TRUE,TRUE,TRUE,TRUE
12-hhtre,12-HHTrE,HMDB0012535,CCCCC[C@H](O)\C=C\C=C\C\C=C/CCCC(O)=O,280.4024,280.203844800,LC-MS/MS,Fatty acids and conjugates,PMID: 20671299,TRUE,TRUE,TRUE,TRUE,TRUE
pgd3,PGD3,HMDB0003034,CC\C=C/C[C@H](O)\C=C\[C@@H]1[C@@H](C\C=C/CCCC(O)=O)[C@@H](O)CC1=O,350.4492,350.209324100,LC-MS/MS,Eicosanoids,PMID: 20671299,TRUE,TRUE,TRUE,TRUE,TRUE
18-hepe,18-HEPE,HMDB0012611,CC[C@H](O)\C=C\C=C/C\C=C\C\C=C/C\C=C/CCCC(O)=O,318.4504,318.219494800,LC-MS/MS,Eicosanoids,PMID: 20671299,TRUE,TRUE,TRUE,TRUE,TRUE
txb3,TXB3,HMDB0005099,CC\C=C\CC(O)\C=C\C1OC(O)CC(O)C1C\C=C\CCCC(O)=O,368.4645,368.219888800,LC-MS/MS,Eicosanoids,PMID: 20671299,TRUE,TRUE,TRUE,TRUE,TRUE
9-hode,9-HODE,HMDB0062652,CCCCC\C=C/C=C/[C@@H](O)CCCCCCCC(O)=O,296.4449,296.235144900,LC-MS/MS,Lineolic acids and derivatives,PMID: 20671299,TRUE,TRUE,TRUE,TRUE,TRUE
13-hode,13-HODE,HMDB0004667,CCCCC[C@H](O)\C=C\C=C/CCCCCCCC(O)=O,296.4449,296.235144900,LC-MS/MS,Lineolic acids and derivatives,PMID: 20671299,TRUE,TRUE,TRUE,TRUE,TRUE
13-oxoode,13-OxoODE,HMDB0004668,CCCCCC(=O)\C=C\C=C/CCCCCCCC(O)=O,294.4290,294.219494800,LC-MS/MS,Lineolic acids and derivatives,PMID: 20671299,TRUE,TRUE,TRUE,TRUE,TRUE
9-hotre,9-HOTrE,HMDB0247705,CCC=CCC=CC=CC(O)CCCCCCCC(O)=O,294.4350,294.219494800,LC-MS/MS,Lineolic acids and derivatives,PMID: 20671299,TRUE,TRUE,TRUE,TRUE,TRUE
13-hotre,13-HOTrE,HMDB0010203,CC\C=C/CC(O)\C=C\C=C/CCCCCCCC(O)=O,294.4290,294.219494800,LC-MS/MS,Lineolic acids and derivatives,PMID: 20671299,TRUE,TRUE,TRUE,TRUE,TRUE
13-hotre(y),13-HOTrE(y),HMDB0341541,NULL,294.4350,294.219494800,LC-MS/MS,0,PMID: 20671299,TRUE,TRUE,TRUE,TRUE,TRUE
5-hetre,5-HETrE,HMDB0341542,NULL,322.4890,322.250795000,LC-MS/MS,0,PMID: 20671299,TRUE,TRUE,TRUE,TRUE,TRUE
8-hetre,8-HETrE,HMDB0060052,CCCCC\C=C/C\C=C\C=C/[C@@H](O)CCCCCCC(O)=O,322.4822,322.250795000,LC-MS/MS,Eicosanoids,PMID: 20671299,TRUE,TRUE,TRUE,TRUE,TRUE
15-hetre,15-HETrE,HMDB0005045,CCCCC[C@H](O)\C=C\C=C/C\C=C/CCCCCCC(O)=O,322.4822,322.250795000,LC-MS/MS,Eicosanoids,PMID: 20671299,TRUE,TRUE,TRUE,TRUE,TRUE
5-hete,5-HETE,HMDB0011134,CCCCC\C=C/C\C=C/C\C=C/C=C/[C@@H](O)CCCC(O)=O,320.4663,320.235144900,LC-MS/MS,Eicosanoids,PMID: 20671299,TRUE,TRUE,TRUE,TRUE,TRUE
6-trans-ltb4,6-trans-LTB4,HMDB0005087,CCCCC\C=C/C[C@@H](O)\C=C\C=C\C=C\[C@@H](O)CCCC(O)=O,336.4657,336.230059500,LC-MS/MS,Eicosanoids,PMID: 20671299,TRUE,TRUE,TRUE,TRUE,TRUE
12-epi-ltb4,12-epi-LTB4,HMDB0005089,CCCCC\C=C/C[C@H](O)\C=C\C=C\C=C/[C@@H](O)CCCC(O)=O,336.4657,336.230059500,LC-MS/MS,Eicosanoids,PMID: 20671299,TRUE,TRUE,TRUE,TRUE,TRUE
6-trans-12-epi-ltb4,6-trans-12-epi-LTB4,HMDB0005088,CCCCC\C=C/C[C@H](O)\C=C\C=C\C=C\[C@@H](O)CCCC(O)=O,336.4657,336.230059500,LC-MS/MS,Eicosanoids,PMID: 20671299,TRUE,TRUE,TRUE,TRUE,TRUE
ltb4,LTB4,HMDB0001085,CCCCC\C=C/C[C@@H](O)\C=C\C=C\C=C/[C@@H](O)CCCC(O)=O,336.4657,336.230059500,LC-MS/MS,Eicosanoids,PMID: 20671299,TRUE,TRUE,TRUE,TRUE,TRUE
ltc4,LTC4,HMDB0001198,CCCCC\C=C/C\C=C/C=C/C=C/[C@@H](SC[C@H](NC(=O)CC[C@H](N)C(O)=O)C(=O)NCC(O)=O)[C@@H](O)CCCC(O)=O,625.7740,625.303300800,LC-MS/MS,"Amino acids, peptides, and analogues",PMID: 20671299,TRUE,TRUE,TRUE,TRUE,TRUE
11-trans-ltc4,11-trans-LTC4,HMDB0005095,CCCCC\C=C/C\C=C\C=C\C=C\[C@@H](SC[C@H](NC(=O)CC[C@H](N)C(O)=O)C(=O)NCC(O)=O)[C@@H](O)CCCC(O)=O,625.7740,625.303300800,LC-MS/MS,"Amino acids, peptides, and analogues",PMID: 20671299,TRUE,TRUE,TRUE,TRUE,TRUE
lte4,LTE4,HMDB0002200,CCCCC\C=C/C\C=C/C=C/C=C/[C@@H](SC[C@H](N)C(O)=O)[C@@H](O)CCCC(O)=O,439.6100,439.239244500,LC-MS/MS,Eicosanoids,PMID: 20671299,TRUE,TRUE,TRUE,TRUE,TRUE
8-hete,8-HETE,HMDB0004679,CCCCC\C=C/C\C=C/C=C/[C@@H](O)C\C=C/CCCC(O)=O,320.4663,320.235144900,LC-MS/MS,Eicosanoids,PMID: 20671299,TRUE,TRUE,TRUE,TRUE,TRUE
12-hete,12-HETE,HMDB0006111,CCCCC\C=C/C[C@H](O)\C=C\C=C/C\C=C/CCCC(O)=O,320.4663,320.235144900,LC-MS/MS,Eicosanoids,PMID: 20671299,TRUE,TRUE,TRUE,TRUE,TRUE
tetranor 12-hete,Tetranor 12-HETE,HMDB0060055,CCCCC\C=C/C[C@H](O)\C=C\C=C/CCC(O)=O,266.3758,266.188194700,LC-MS/MS,Fatty acids and conjugates,PMID: 20671299,TRUE,TRUE,TRUE,TRUE,TRUE
15-hete,15-HETE,HMDB0003876,CCCCC[C@H](O)\C=C\C=C/C\C=C/C\C=C/CCCC(O)=O,320.4663,320.235144900,LC-MS/MS,Eicosanoids,PMID: 20671299,TRUE,TRUE,TRUE,TRUE,TRUE
15-oxoete,15-oxoETE,HMDB0010210,CCCCCC(=O)\C=C\C=C/C\C=C/C\C=C/CCCC(O)=O,318.4504,318.219494800,LC-MS/MS,Fatty acids and conjugates,PMID: 20671299,TRUE,TRUE,TRUE,TRUE,TRUE
"5,15-dihete","5,15-DiHETE",HMDB0010216,CCCCC[C@H](O)\C=C\C=C/C\C=C/C=C/[C@@H](O)CCCC(O)=O,336.4657,336.230059500,LC-MS/MS,Eicosanoids,PMID: 20671299,TRUE,TRUE,TRUE,TRUE,TRUE
"5s,6s-lipoxin a4","5S,6S-Lipoxin A4",HMDB0004385,CCCCC[C@H](O)\C=C\C=C/C=C/C=C/[C@@H](O)[C@@H](O)CCCC(O)=O,352.4651,352.224974100,LC-MS/MS,Eicosanoids,PMID: 20671299,TRUE,TRUE,TRUE,TRUE,TRUE
5-hepe,5-HEPE,HMDB0005081,CC\C=C/C\C=C/C\C=C/C\C=C/C=C/C(O)CCCC(O)=O,318.4504,318.219494800,LC-MS/MS,Eicosanoids,PMID: 20671299,TRUE,TRUE,TRUE,TRUE,TRUE
12-hepe,12-HEPE,HMDB0010202,CC\C=C/C\C=C/CC(O)\C=C\C=C/C\C=C/CCCC(O)=O,318.4504,318.219494800,LC-MS/MS,Eicosanoids,PMID: 20671299,TRUE,TRUE,TRUE,TRUE,TRUE
15-hepe,15-HEPE,HMDB0010209,CC\C=C/C(O)C\C=C\C=C/C\C=C/C\C=C/CCCC(O)=O,318.4504,318.219494800,LC-MS/MS,Eicosanoids,PMID: 20671299,TRUE,TRUE,TRUE,TRUE,TRUE
"12,13-dihome","12,13-DiHOME",HMDB0004705,CCCCC[C@H](O)[C@@H](O)C\C=C/CCCCCCCC(O)=O,314.4660,314.245709600,LC-MS/MS,Fatty acids and conjugates,PMID: 20671299,TRUE,TRUE,TRUE,TRUE,TRUE
"5,6-epetre","5,6-EpETrE",HMDB0002190,CCCCC\C=C/C\C=C/C\C=C/CC1OC1CCCC(O)=O,320.4663,320.235144900,LC-MS/MS,Fatty acids and conjugates,PMID: 20671299,TRUE,TRUE,TRUE,TRUE,TRUE
"14,15-epetre","14,15-EpETrE",HMDB0002283,CCCCC[C@@H]1O[C@@H]1C\C=C/C\C=C/C\C=C/CCCC(O)=O,320.4663,320.235144900,LC-MS/MS,Fatty acids and conjugates,PMID: 20671299,TRUE,TRUE,TRUE,TRUE,TRUE
"5,6-dihetre","5,6-DiHETrE",HMDB0002343,CCCCC\C=C/C\C=C/C\C=C/CC(O)C(O)CCCC(O)=O,338.4816,338.245709600,LC-MS/MS,Eicosanoids,PMID: 20671299,TRUE,TRUE,TRUE,TRUE,TRUE
"8,9-dihetre","8,9-DiHETrE",HMDB0002311,CCCCC\C=C/C\C=C/CC(O)C(O)C\C=C/CCCC(O)=O,338.4816,338.245709600,LC-MS/MS,Eicosanoids,PMID: 20671299,TRUE,TRUE,TRUE,TRUE,TRUE
"11,12-dihetre","11,12-DiHETrE",HMDB0002314,CCCCC\C=C/CC(O)C(O)C\C=C/C\C=C/CCCC(O)=O,338.4816,338.245709600,LC-MS/MS,Eicosanoids,PMID: 20671299,TRUE,TRUE,TRUE,TRUE,TRUE
"14,15-dihetre","14,15-DiHETrE",HMDB0002265,CCCCCC(O)C(O)C\C=C/C\C=C/C\C=C/CCCC(O)=O,338.4816,338.245709600,LC-MS/MS,Eicosanoids,PMID: 20671299,TRUE,TRUE,TRUE,TRUE,TRUE
16-hete,16-HETE,HMDB0004680,CCCC[C@@H](O)\C=C/C\C=C/C\C=C/C\C=C/CCCC(O)=O,320.4663,320.235144900,LC-MS/MS,Eicosanoids,PMID: 20671299,TRUE,TRUE,TRUE,TRUE,TRUE
17-hete,17-HETE,HMDB0012598,CCCC(O)C\C=C/C\C=C/C\C=C/C\C=C/CCCC(O)=O,320.4663,320.235144900,LC-MS/MS,Eicosanoids,PMID: 20671299,TRUE,TRUE,TRUE,TRUE,TRUE
18-hete,18-HETE,HMDB0006245,CC[C@@H](O)CC\C=C/C\C=C/C\C=C/C\C=C/CCCC(O)=O,320.4663,320.235144900,LC-MS/MS,Eicosanoids,PMID: 20671299,TRUE,TRUE,TRUE,TRUE,TRUE
20-hete,20-HETE,HMDB0005998,OCCCCC\C=C/C\C=C/C\C=C/C\C=C/CCCC(O)=O,320.4663,320.235144900,LC-MS/MS,Fatty acids and conjugates,PMID: 20671299,TRUE,TRUE,TRUE,TRUE,TRUE
16(17)-epdpe,16(17)-EpDPE,HMDB0013621,CC\C=C/CC1OC1C\C=C/C\C=C/C\C=C/C\C=C/CCC(O)=O,344.4877,344.235144900,LC-MS/MS,Fatty acids and conjugates,PMID: 20671299,TRUE,TRUE,TRUE,TRUE,TRUE
"19,20-dihdpa","19,20-DiHDPA",HMDB0010214,CCC(O)C(O)C\C=C/C\C=C/C\C=C/C\C=C/C\C=C/CCC(O)=O,362.5030,362.245709600,LC-MS/MS,Fatty acids and conjugates,PMID: 20671299,TRUE,TRUE,TRUE,TRUE,TRUE
5-ipf2a-vi,5-iPF2a-VI,HMDB0341543,NULL,354.4870,354.240624200,LC-MS/MS,0,PMID: 20671299,TRUE,TRUE,TRUE,TRUE,TRUE
8-iso-pgf2a,8-iso-PGF2a,HMDB0005077,CCCCCC(=O)\C=C\[C@H]1[C@H](O)C[C@H](O)[C@H]1C\C=C/CCCC(O)=O,352.4651,352.224974100,LC-MS/MS,Eicosanoids,PMID: 20671299,TRUE,TRUE,TRUE,TRUE,TRUE
9-hete,9-HETE,HMDB0010222,CCCCC\C=C/C\C=C/CC(O)\C=C/C=C/CCCC(O)=O,320.4663,320.235144900,LC-MS/MS,Eicosanoids,PMID: 20671299,TRUE,TRUE,TRUE,TRUE,TRUE
9-hepe,9-HEPE,HMDB0060053,CC\C=C\C\C=C\C\C=C\CC(O)\C=C\C=C\CCCC(O)=O,318.4504,318.219494800,LC-MS/MS,Eicosanoids,PMID: 20671299,TRUE,TRUE,TRUE,TRUE,TRUE
4-hdohe,4-HDoHE,HMDB0060049,CC\C=C/C\C=C/C\C=C/C\C=C/C\C=C/C=C\C(O)CCC(O)=O,344.4877,344.235144900,LC-MS/MS,Fatty acids and conjugates,PMID: 20671299,TRUE,TRUE,TRUE,TRUE,TRUE
7-hdohe,7-HDoHE,HMDB0060050,CC\C=C/C\C=C/C\C=C/C\C=C/C=C\C(O)C\C=C/CCC(O)=O,344.4877,344.235144900,LC-MS/MS,Fatty acids and conjugates,PMID: 20671299,TRUE,TRUE,TRUE,TRUE,TRUE
8-hdohe,8-HDoHE,HMDB0060051,CC\C=C/C\C=C/C\C=C/C\C=C/CC(O)\C=C\C=C\CCC(O)=O,344.4877,344.235144900,LC-MS/MS,Fatty acids and conjugates,PMID: 20671299,TRUE,TRUE,TRUE,TRUE,TRUE
10-hdohe,10-HDoHE,HMDB0060037,CC\C=C/C\C=C/C\C=C/C=C\C(O)C\C=C/C\C=C/CCC(O)=O,344.4877,344.235144900,LC-MS/MS,Fatty acids and conjugates,PMID: 20671299,TRUE,TRUE,TRUE,TRUE,TRUE
11-hdohe,11-HDoHE,HMDB0060040,CC\C=C/C\C=C/C\C=C/CC(O)\C=C\C=C\C\C=C/CCC(O)=O,344.4877,344.235144900,LC-MS/MS,Fatty acids and conjugates,PMID: 20671299,TRUE,TRUE,TRUE,TRUE,TRUE
13-hdohe,13-HDoHE,HMDB0060043,CCC\C=C/C\C=C/C\C=C/CC(O)\C=C\C=C\C\C=C/CC,314.5048,314.260965700,LC-MS/MS,Fatty alcohols,PMID: 20671299,TRUE,TRUE,TRUE,TRUE,TRUE
14-hdohe,14-HDoHE,HMDB0060044,CCC1C=C1C\C=C/CC(O)\C=C\C=C\C\C=C/C\C=C/CCC(O)=O,356.4984,356.235144900,LC-MS/MS,Lineolic acids and derivatives,PMID: 20671299,TRUE,TRUE,TRUE,TRUE,TRUE
16-hdohe,16-HDoHE,HMDB0060047,CC\C=C/C=C\C(O)C\C=C/C\C=C/C\C=C/C\C=C/CCC(O)=O,344.4877,344.235144900,LC-MS/MS,Fatty acids and conjugates,PMID: 20671299,TRUE,TRUE,TRUE,TRUE,TRUE
17-hdohe,17-HDoHE,HMDB0010213,CC\C=C/CC(O)\C=C\C=C/C\C=C/C\C=C/C\C=C/CCC(O)=O,344.4877,344.235144900,LC-MS/MS,Fatty acids and conjugates,PMID: 20671299,TRUE,TRUE,TRUE,TRUE,TRUE
20-hdohe,20-HDoHE,HMDB0060048,CCC(O)\C=C\C=C\C\C=C/C\C=C/C\C=C/C\C=C/CCC(O)=O,344.4877,344.235144900,LC-MS/MS,Fatty acids and conjugates,PMID: 20671299,TRUE,TRUE,TRUE,TRUE,TRUE
laccer(d18:1/14:0),LacCer(d18:1/14:0),,NULL,0.0000,0.000000000,DI-MS/MS,0,Internal Work,TRUE,TRUE,TRUE,TRUE,TRUE
laccer(d18:1/16:0),LacCer(d18:1/16:0),HMDB0006750,[H][C@@](CO[C@@H]1O[C@H](CO)[C@@H](O[C@]2([H])O[C@H](CO)[C@H](O)[C@H](O)[C@H]2O)[C@H](O)[C@H]1O)(NC(=O)CCCCCCCCCCCCCCC)[C@H](O)\C=C\CCCCCCCCCCCCC,862.1819,861.617741900,DI-MS/MS,Glycosphingolipids,Internal Work,TRUE,TRUE,TRUE,TRUE,TRUE
laccer(d18:1/18:0),LacCer(d18:1/18:0),HMDB0011591,[H][C@@](CO[C@@H]1O[C@H](CO)[C@@H](O[C@]2([H])O[C@H](CO)[C@H](O)[C@H](O)[C@H]2O)[C@H](O)[C@H]1O)(NC(=O)CCCCCCCCCCCCCCCCC)[C@H](O)\C=C\CCCCCCCCCCCCC,890.2350,889.649042000,DI-MS/MS,Glycosphingolipids,Internal Work,TRUE,TRUE,TRUE,TRUE,TRUE
laccer(d18:1/20:0),LacCer(d18:1/20:0),HMDB0011593,[H][C@@](CO[C@@H]1O[C@H](CO)[C@@H](O[C@]2([H])O[C@H](CO)[C@H](O)[C@H](O)[C@H]2O)[C@H](O)[C@H]1O)(NC(=O)CCCCCCCCCCCCCCCCCCC)[C@H](O)\C=C\CCCCCCCCCCCCC,918.2882,917.680342100,DI-MS/MS,Purines and purine derivatives,Internal Work,TRUE,TRUE,TRUE,TRUE,TRUE
laccer(d18:1/22:0),LacCer(d18:1/22:0),HMDB0011594,[H][C@@](CO[C@@H]1O[C@H](CO)[C@@H](O[C@]2([H])O[C@H](CO)[C@H](O)[C@H](O)[C@H]2O)[C@H](O)[C@H]1O)(NC(=O)CCCCCCCCCCCCCCCCCCCCC)[C@H](O)\C=C\CCCCCCCCCCCCC,946.3414,945.711642300,DI-MS/MS,Glycosphingolipids,Internal Work,TRUE,TRUE,TRUE,TRUE,TRUE
laccer(d18:1/24:0),LacCer(d18:1/24:0),HMDB0011595,[H][C@@](CO[C@@H]1O[C@H](CO)[C@@H](O[C@]2([H])O[C@H](CO)[C@H](O)[C@H](O)[C@H]2O)[C@H](O)[C@H]1O)(NC(=O)CCCCCCCCCCCCCCCCCCCCCCC)[C@H](O)\C=C\CCCCCCCCCCCCC,974.3945,973.742942400,DI-MS/MS,Glycosphingolipids,Internal Work,TRUE,TRUE,TRUE,TRUE,TRUE
laccer(d18:1/24:1),LacCer(d18:1/24:1),HMDB0004872,[H][C@@](CO[C@@H]1O[C@H](CO)[C@@H](O[C@]2([H])O[C@H](CO)[C@H](O)[C@H](O)[C@H]2O)[C@H](O)[C@H]1O)(NC(=O)CCCCCCCCCCCCC\C=C/CCCCCCCC)[C@H](O)\C=C\CCCCCCCCCCCCC,972.3960,971.727292300,DI-MS/MS,Glycosphingolipids,Internal Work,TRUE,TRUE,TRUE,TRUE,TRUE
trihexosylceramide(d18:1/16:0),Trihexosylceramide(d18:1/16:0),HMDB0004879,CCCCCCCCCCCCCCCC(=O)NC(COC1OC(CO)C(OC2OC(CO)C(OC3OC(CO)C(O)C(O)C3O)C(O)C2O)C(O)C1O)C(O)\C=C\CCCCCCCCCCCCC,1024.3225,1023.670565000,DI-MS/MS,Glycosphingolipids,Internal Work,TRUE,TRUE,TRUE,TRUE,TRUE
trihexosylceramide(d18:1/18:0),Trihexosylceramide(d18:1/18:0),HMDB0004880,CCCCCCCCCCCCCCCCCC(=O)NC(COC1OC(CO)C(OC2OC(CO)C(OC3OC(CO)C(O)C(O)C3O)C(O)C2O)C(O)C1O)C(O)\C=C\CCCCCCCCCCCCC,1052.3756,1051.701865000,DI-MS/MS,Glycosphingolipids,Internal Work,TRUE,TRUE,TRUE,TRUE,TRUE
trihexosylceramide(d18:1/24:1),Trihexosylceramide(d18:1/24:1),HMDB0004883,CCCCCCCCCCCCC\C=C\C(O)C(COC1OC(CO)C(OC2OC(CO)C(OC3OC(CO)C(O)C(O)C3O)C(O)C2O)C(O)C1O)NC(=O)CCCCCCCCCCCCC\C=C\CCCCCCCC,1134.5192,1133.780116000,DI-MS/MS,Glycosphingolipids,Internal Work,TRUE,TRUE,TRUE,TRUE,TRUE
trihexosylceramide(d18:1/22:0),Trihexosylceramide(d18:1/22:0),HMDB0004882,CCCCCCCCCCCCCCCCCCCCCC(=O)NC(COC1OC(CO)C(OC2OC(CO)C(OC3OC(CO)C(O)C(O)C3O)C(O)C2O)C(O)C1O)C(O)\C=C\CCCCCCCCCCCCC,1108.4820,1107.764466000,DI-MS/MS,Glycosphingolipids,Internal Work,TRUE,TRUE,TRUE,TRUE,TRUE
trihexosylceramide(d18:1/26:1),Trihexosylceramide(d18:1/26:1),HMDB0004884,CCCCCCCCCCCCCCCCCCCCCCCCCC(=O)NC(COC1OC(CO)C(OC2OC(CO)C(OC3OC(CO)C(O)C(O)C3O)C(O)C2O)C(O)C1O)C(O)\C=C\CCCCCCCCCCCCC,1164.5883,1163.827066000,DI-MS/MS,Glycosphingolipids,Internal Work,TRUE,TRUE,TRUE,TRUE,TRUE
glccer(d16:1/22:0),GlcCer(d16:1/22:0),,NULL,0.0000,0.000000000,DI-MS/MS,Sphingolipids,Internal Work,TRUE,TRUE,TRUE,TRUE,TRUE
glccer(d16:1/24:0),GlcCer(d16:1/24:0),HMDB0341544,NULL,784.2170,783.658818800,DI-MS/MS,Sphingolipids,Internal Work,TRUE,TRUE,TRUE,TRUE,TRUE
glccer(d18:1/14:0),GlcCer(d18:1/14:0),HMDB0341545,NULL,672.0010,671.533618300,DI-MS/MS,Sphingolipids,Internal Work,TRUE,TRUE,TRUE,TRUE,TRUE
glccer(d18:1/16:0),GlcCer(d18:1/16:0),HMDB0004971,CCCCCCCCCCCCCCCC(=O)N[C@@H](CO[C@@H]1O[C@H](CO)[C@@H](O)[C@H](O)[C@H]1O)[C@H](O)\C=C\CCCCCCCCCCCCC,700.0413,699.564918400,DI-MS/MS,Glycosphingolipids,Internal Work,TRUE,TRUE,TRUE,TRUE,TRUE
glccer(d18:1/18:0),GlcCer(d18:1/18:0),HMDB0004972,CCCCCCCCCCCCCCCCCC(=O)N[C@@H](CO[C@@H]1O[C@H](CO)[C@@H](O)[C@H](O)[C@H]1O)[C@H](O)\C=C\CCCCCCCCCCCCC,728.0944,727.596218600,DI-MS/MS,Glycosphingolipids,Internal Work,TRUE,TRUE,TRUE,TRUE,TRUE
glccer(d18:1/18:1),GlcCer(d18:1/18:1),HMDB0004970,#N/A,0.0000,0.000000000,DI-MS/MS,Glycosphingolipids,Internal Work,TRUE,TRUE,TRUE,TRUE,TRUE
glccer(d18:1/20:0),GlcCer(d18:1/20:0),HMDB0004973,CCCCCCCCCCCCCCCCCCCC(=O)N[C@@H](CO[C@@H]1O[C@H](CO)[C@@H](O)[C@H](O)[C@H]1O)[C@H](O)\C=C\CCCCCCCCCCCCC,756.1476,755.627518700,DI-MS/MS,Glycosphingolipids,Internal Work,TRUE,TRUE,TRUE,TRUE,TRUE
glccer(d18:1/22:0),GlcCer(d18:1/22:0),HMDB0004974,CCCCCCCCCCCCCCCCCCCCCC(=O)N[C@@H](CO[C@@H]1O[C@H](CO)[C@@H](O)[C@H](O)[C@H]1O)[C@H](O)\C=C\CCCCCCCCCCCCC,784.2008,783.658818800,DI-MS/MS,Glycosphingolipids,Internal Work,TRUE,TRUE,TRUE,TRUE,TRUE
glccer(d18:1/23:0),GlcCer(d18:1/23:0),,NULL,0.0000,0.000000000,DI-MS/MS,Sphingolipids,Internal Work,TRUE,TRUE,TRUE,TRUE,TRUE
glccer(d18:1/24:0),GlcCer(d18:1/24:0),HMDB0004978,CCCCCCCCCCCCCCCCCCCCCCCC(=O)N[C@@H](CO[C@@H]1O[C@H](CO)[C@@H](O)C(O)C1O)[C@H](O)\C=C\CCCCCCCCCCCCC,812.2539,811.690119000,DI-MS/MS,Glycosphingolipids,Internal Work,TRUE,TRUE,TRUE,TRUE,TRUE
glccer(d18:1/24:1),GlcCer(d18:1/24:1),HMDB0004975,CCCCCCCCCCCCC\C=C\[C@@H](O)[C@H](CO[C@@H]1O[C@H](CO)[C@@H](O)[C@H](O)[C@H]1O)NC(=O)CCCCCCCCCCCCC\C=C/CCCCCCCC,810.2380,809.674468900,DI-MS/MS,Glycosphingolipids,Internal Work,TRUE,TRUE,TRUE,TRUE,TRUE
glccer(d18:1/26:0),GlcCer(d18:1/26:0),HMDB0004977,CCCCCCCCCCCCCCCCCCCCCCCCCC(=O)N[C@@H](CO[C@@H]1O[C@H](CO)[C@@H](O)[C@H](O)[C@H]1O)[C@H](O)\C=C\CCCCCCCCCCCCC,840.3071,839.721419100,DI-MS/MS,Glycosphingolipids,Internal Work,TRUE,TRUE,TRUE,TRUE,TRUE
glccer(d18:1/26:1),GlcCer(d18:1/26:1),HMDB0004976,CCCCCCCCCCCCC\C=C\[C@@H](O)[C@H](CO[C@@H]1O[C@H](CO)[C@@H](O)[C@H](O)[C@H]1O)NC(=O)CCCCCCCCCCCCCCC\C=C/CCCCCCCC,838.2912,837.705769000,DI-MS/MS,Glycosphingolipids,Internal Work,TRUE,TRUE,TRUE,TRUE,TRUE
glccer(d18:2/16:0),GlcCer(d18:2/16:0),,NULL,0.0000,0.000000000,DI-MS/MS,Sphingolipids,Internal Work,TRUE,TRUE,TRUE,TRUE,TRUE
glccer(d18:2/18:0),GlcCer(d18:2/18:0),,NULL,0.0000,0.000000000,DI-MS/MS,Sphingolipids,Internal Work,TRUE,TRUE,TRUE,TRUE,TRUE
glccer(d18:2/20:0),GlcCer(d18:2/20:0),,NULL,0.0000,0.000000000,DI-MS/MS,Sphingolipids,Internal Work,TRUE,TRUE,TRUE,TRUE,TRUE
glccer(d18:2/22:0),GlcCer(d18:2/22:0),,NULL,0.0000,0.000000000,DI-MS/MS,Sphingolipids,Internal Work,TRUE,TRUE,TRUE,TRUE,TRUE
glccer(d18:2/23:0),GlcCer(d18:2/23:0),,NULL,0.0000,0.000000000,DI-MS/MS,Sphingolipids,Internal Work,TRUE,TRUE,TRUE,TRUE,TRUE
glccer(d18:2/24:0),GlcCer(d18:2/24:0),,NULL,0.0000,0.000000000,DI-MS/MS,Sphingolipids,Internal Work,TRUE,TRUE,TRUE,TRUE,TRUE
cer(d16:1/18:0),Cer(d16:1/18:0),HMDB0341516,NULL,0.0000,0.000000000,DI-MS/MS,Sphingolipids,Internal Work,TRUE,TRUE,TRUE,TRUE,TRUE
cer(d16:1/20:0),Cer(d16:1/20:0),HMDB0341517,NULL,0.0000,0.000000000,DI-MS/MS,Sphingolipids,Internal Work,TRUE,TRUE,TRUE,TRUE,TRUE
cer(d16:1/22:0),Cer(d16:1/22:0),HMDB0240682,[H][C@@](CO)(NC(=O)CCCCCCCCCCCCCCCCCCCCC)[C@H](O)\C=C\CCCCCCCCCCC,594.0220,593.574695300,DI-MS/MS,Ceramides,Internal Work,TRUE,TRUE,TRUE,TRUE,TRUE
cer(d16:1/23:0),Cer(d16:1/23:0),HMDB0249814,CCCCCCCCCCCCCCCCCCCCCCC(=O)NC(CO)C(O)C=CCCCCCCCCCCC,608.0490,607.590345300,DI-MS/MS,Ceramides,Internal Work,TRUE,TRUE,TRUE,TRUE,TRUE
cer(d16:1/24:0),Cer(d16:1/24:0),HMDB0341518,NULL,0.0000,0.000000000,DI-MS/MS,Sphingolipids,Internal Work,TRUE,TRUE,TRUE,TRUE,TRUE
cer(d18:1/14:0),Cer(d18:1/14:0),HMDB0011773,CCCCCCCCCCCCC\C=C\[C@@H](O)[C@H](CO)NC(=O)CCCCCCCCCCCCC,509.8475,509.480794900,DI-MS/MS,Ceramides,Internal Work,TRUE,TRUE,TRUE,TRUE,TRUE
cer(d18:1/16:0),Cer(d18:1/16:0),HMDB0004949,CCCCCCCCCCCCCCCC(=O)NC(CO)C(O)C=CCCCCCCCCCCCCC,537.9007,537.512095000,DI-MS/MS,Ceramides,Internal Work,TRUE,TRUE,TRUE,TRUE,TRUE
cer(d18:1/18:0),Cer(d18:1/18:0),HMDB0004950,CCCCCCCCCCCCCCCCCC(=O)NC(CO)C(O)C=CCCCCCCCCCCCCC,565.9680,565.543395200,DI-MS/MS,Ceramides,Internal Work,TRUE,TRUE,TRUE,TRUE,TRUE
cer(d18:1/18:1),Cer(d18:1/18:1),HMDB0004948,[H][C@@](CO)(NC(=O)CCCCCCC\C=C/CCCCCCCC)[C@H](O)\C=C\CCCCCCCCCCCCC,563.9380,563.527745100,DI-MS/MS,Ceramides,Internal Work,TRUE,TRUE,TRUE,TRUE,TRUE
cer(d18:1/20:0),Cer(d18:1/20:0),HMDB0004951,[H][C@@](CO)(NC(=O)CCCCCCCCCCCCCCCCCCC)[C@H](O)\C=C\CCCCCCCCCCCCC,594.0070,593.574695300,DI-MS/MS,Ceramides,Internal Work,TRUE,TRUE,TRUE,TRUE,TRUE
cer(d18:1/22:0),Cer(d18:1/22:0),HMDB0004952,[H][C@@](CO)(NC(=O)CCCCCCCCCCCCCCCCCCCCC)[C@H](O)\C=C\CCCCCCCCCCCCC,622.0602,621.605995400,DI-MS/MS,Ceramides,Internal Work,TRUE,TRUE,TRUE,TRUE,TRUE
cer(d18:1/23:0),Cer(d18:1/23:0),HMDB0000950,[H][C@@](CO)(NC(=O)CCCCCCCCCCCCCCCCCCCCCC)[C@H](O)\C=C\CCCCCCCCCCCCC,636.0867,635.621645500,DI-MS/MS,Ceramides,Internal Work,TRUE,TRUE,TRUE,TRUE,TRUE
cer(d18:1/24:0),Cer(d18:1/24:0),HMDB0004956,[H][C@@](CO)(NC(=O)CCCCCCCCCCCCCCCCCCCCCCC)[C@H](O)\C=C\CCCCCCCCCCCCC,650.1133,649.637295500,DI-MS/MS,Ceramides,Internal Work,TRUE,TRUE,TRUE,TRUE,TRUE
cer(d18:1/24:1),Cer(d18:1/24:1),HMDB0004953,CCCCCCCCCCCCC\C=C\[C@@H](O)[C@H](CO)NC(=O)CCCCCCCCCCCCC\C=C/CCCCCCCC,648.0974,647.621645500,DI-MS/MS,Ceramides,Internal Work,TRUE,TRUE,TRUE,TRUE,TRUE
cer(d18:1/25:0),Cer(d18:1/25:0),HMDB0004957,[H][C@@](CO)(NC(=O)CCCCCCCCCCCCCCCCCCCCCCCC)[C@H](O)\C=C\CCCCCCCCCCCCC,664.1399,663.652945600,DI-MS/MS,Ceramides,Internal Work,TRUE,TRUE,TRUE,TRUE,TRUE
cer(d18:1/26:0),Cer(d18:1/26:0),HMDB0004955,CCCCCCCCCCCCCCCCCCCCCCCCCC(=O)N[C@@H](CO)[C@H](O)\C=C\CCCCCCCCCCCCC,678.1665,677.668595700,DI-MS/MS,Ceramides,Internal Work,TRUE,TRUE,TRUE,TRUE,TRUE
cer(d18:1/26:1),Cer(d18:1/26:1),HMDB0010707,CCCCCCCCCCCCCCC\C=C\[C@@]([H])(O)[C@]([H])(COP(=O)(O)O)NC(=O)CCCCCCCCCCCCCCC\C=C/CCCCCCCC,784.1837,783.650576100,DI-MS/MS,Phosphosphingolipids,Internal Work,TRUE,TRUE,TRUE,TRUE,TRUE
cer(d18:2/14:0),Cer(d18:2/14:0),HMDB0341546,NULL,507.8440,507.465144800,DI-MS/MS,Sphingolipids,Internal Work,TRUE,TRUE,TRUE,TRUE,TRUE
cer(d18:2/16:0),Cer(d18:2/16:0),HMDB0240686,[H][C@@](CO)(NC(=O)CCCCCCCCCCCCCCC)[C@H](O)\C=C\CCCCCCCC\C=C/CCC,535.8980,535.496445000,DI-MS/MS,Ceramides,Internal Work,TRUE,TRUE,TRUE,TRUE,TRUE
cer(d18:2/18:0),Cer(d18:2/18:0),,[H]\C(CCC)=C(/[H])CCCCCCCCC([H])=C([H])[C@@]([H])(O)[C@]([H])(CO)N=C(O)CCCCCCCCCCCCCCCCC,563.9520,563.527745100,DI-MS/MS,Organooxygen compounds,Internal Work,TRUE,TRUE,TRUE,TRUE,TRUE
cer(d18:2/18:1),Cer(d18:2/18:1),HMDB0341547,NULL,561.9360,561.512095000,DI-MS/MS,Sphingolipids,Internal Work,TRUE,TRUE,TRUE,TRUE,TRUE
cer(d18:2/20:0),Cer(d18:2/20:0),HMDB0341548,NULL,592.0060,591.559045200,DI-MS/MS,Sphingolipids,Internal Work,TRUE,TRUE,TRUE,TRUE,TRUE
cer(d18:2/22:0),Cer(d18:2/22:0),HMDB0341519,NULL,0.0000,0.000000000,DI-MS/MS,Sphingolipids,Internal Work,TRUE,TRUE,TRUE,TRUE,TRUE
cer(d18:2/23:0),Cer(d18:2/23:0),HMDB0341549,NULL,634.0870,633.605995400,DI-MS/MS,Sphingolipids,Internal Work,TRUE,TRUE,TRUE,TRUE,TRUE
cer(d18:2/24:0),Cer(d18:2/24:0),HMDB0341520,NULL,0.0000,0.000000000,DI-MS/MS,Sphingolipids,Internal Work,TRUE,TRUE,TRUE,TRUE,TRUE
cer(d18:2/24:1),Cer(d18:2/24:1),HMDB0240680,[H][C@@](CO)(NC(=O)CCCCCCCCCCCCC\C=C/CCCCCCCC)[C@H](O)\C=C\CCCCCCCC\C=C/CCC,646.0980,645.605995400,DI-MS/MS,Alcohols and polyols,Internal Work,TRUE,TRUE,TRUE,TRUE,TRUE
cer(d18:0/20:0),Cer(d18:0/20:0),HMDB0011764,CCCCCCCCCCCCCCCCCCCC(=O)N[C@@H](CO)[C@H](O)CCCCCCCCCCCCCCC,596.0229,595.590345300,DI-MS/MS,Ceramides,Internal Work,TRUE,TRUE,TRUE,TRUE,TRUE
cer(d18:0/22:0),Cer(d18:0/22:0),HMDB0011765,CCCCCCCCCCCCCCCCCCCCCC(=O)N[C@@H](CO)[C@H](O)CCCCCCCCCCCCCCC,624.0760,623.621645500,DI-MS/MS,Ceramides,Internal Work,TRUE,TRUE,TRUE,TRUE,TRUE
cer(d18:0/24:0),Cer(d18:0/24:0),HMDB0011768,CCCCCCCCCCCCCCCCCCCCCCCC(=O)N[C@@H](CO)[C@H](O)CCCCCCCCCCCCCCC,652.1292,651.652945600,DI-MS/MS,Ceramides,Internal Work,TRUE,TRUE,TRUE,TRUE,TRUE
cer(d18:0/24:1),Cer(d18:0/24:1),HMDB0011769,CCCCCCCCCCCCCCC[C@@H](O)[C@H](CO)NC(=O)CCCCCCCCCCCCC\C=C/CCCCCCCC,650.1133,649.637295500,DI-MS/MS,Ceramides,Internal Work,TRUE,TRUE,TRUE,TRUE,TRUE
cer(d18:0/26:1),Cer(d18:0/26:1),HMDB0011772,CCCCCCCCCCCCCCC[C@@H](O)[C@H](CO)NC(=O)CCCCCCCCCCCCCCC\C=C/CCCCCCCC,678.1665,677.668595700,DI-MS/MS,Ceramides,Internal Work,TRUE,TRUE,TRUE,TRUE,TRUE
ce(14:0),CE(14:0),HMDB0006725,[H][C@@]1(CC[C@@]2([H])[C@]3([H])CC=C4C[C@H](CC[C@]4(C)[C@@]3([H])CC[C@]12C)OC(=O)CCCCCCCCCCCCC)[C@H](C)CCCC(C)C,597.0092,596.553231500,DI-MS/MS,Steroid esters,Internal Work,TRUE,TRUE,TRUE,TRUE,TRUE
ce(14:1),CE(14:1),HMDB0010367,CCCC\C=C/CCCCCCCC(=O)O[C@H]1CC[C@]2(C)C3CC[C@]4(C)C(CCC4C3CC=C2C1)[C@H](C)CCCC(C)C,594.9933,594.537581500,DI-MS/MS,Steroid esters,Internal Work,TRUE,TRUE,TRUE,TRUE,TRUE
ce(15:0),CE(15:0),HMDB0060057,[H][C@@]12CCC([C@H](C)CCCC(C)C)[C@@]1(C)CC[C@@]1([H])[C@@]2([H])CC=C2C[C@H](CC[C@]12C)OC(=O)CCCCCCCCCCCCCC,611.0358,610.568881600,DI-MS/MS,Steroid esters,Internal Work,TRUE,TRUE,TRUE,TRUE,TRUE
ce(15:1),CE(15:1),HMDB0060056,[H][C@@]12CCC([C@H](C)CCCC(C)C)[C@@]1(C)CC[C@@]1([H])[C@@]2([H])CC=C2C[C@H](CC[C@]12C)OC(=O)CCCCCCC\C=C\CCCCC,609.0199,608.553231500,DI-MS/MS,Steroid esters,Internal Work,TRUE,TRUE,TRUE,TRUE,TRUE
ce(16:0),CE(16:0),HMDB0000885,[H][C@@]1(CC[C@@]2([H])[C@]3([H])CC=C4C[C@H](CC[C@]4(C)[C@@]3([H])CC[C@]12C)OC(=O)CCCCCCC\C=C/CCCCCC)[C@H](C)CCCC(C)C,623.0630,622.568881600,DI-MS/MS,Steroid esters,Internal Work,TRUE,TRUE,TRUE,TRUE,TRUE
ce(16:1),CE(16:1),HMDB0000658,[H][C@@]1(CC[C@@]2([H])[C@]3([H])CC=C4C[C@H](CC[C@]4(C)[C@@]3([H])CC[C@]12C)OC(=O)CCCCCCC\C=C/CCCCCC)[C@H](C)CCCC(C)C,623.0630,622.568881600,DI-MS/MS,Steroid esters,Internal Work,TRUE,TRUE,TRUE,TRUE,TRUE
ce(17:0),CE(17:0),HMDB0060059,[H][C@@]12CCC([C@H](C)CCCC(C)C)[C@@]1(C)CC[C@@]1([H])[C@@]2([H])CC=C2C[C@H](CC[C@]12C)OC(=O)CCCCCCCCCCCCCCCC,639.0889,638.600181700,DI-MS/MS,Steroid esters,Internal Work,TRUE,TRUE,TRUE,TRUE,TRUE
ce(17:1),CE(17:1),HMDB0060060,[H][C@@]12CCC([C@H](C)CCCC(C)C)[C@@]1(C)CC[C@@]1([H])[C@@]2([H])CC=C2C[C@H](CC[C@]12C)OC(=O)CCCCCCC\C=C\CCCCCCC,637.0730,636.584531700,DI-MS/MS,Steroid esters,Internal Work,TRUE,TRUE,TRUE,TRUE,TRUE
ce(18:0),CE(18:0),HMDB0010368,CCCCCCCCCCCCCCCCCC(=O)O[C@H]1CC[C@]2(C)C3CC[C@]4(C)C(CCC4C3CC=C2C1)[C@H](C)CCCC(C)C,653.1155,652.615831800,DI-MS/MS,Steroid esters,Internal Work,TRUE,TRUE,TRUE,TRUE,TRUE
ce(18:1),CE(18:1),HMDB0000918,CCCCCCCC\C=C/CCCCCCCC(=O)O[C@H]1CC[C@]2(C)C3CC[C@]4(C)C(CCC4C3CC=C2C1)[C@H](C)CCCC(C)C,651.1170,650.600181800,DI-MS/MS,Steroid esters,Internal Work,TRUE,TRUE,TRUE,TRUE,TRUE
ce(18:2),CE(18:2),HMDB0000610,CCCCC\C=C/C\C=C/CCCCCCCC(=O)O[C@H]1CC[C@]2(C)C3CC[C@]4(C)C(CCC4C3CC=C2C1)[C@H](C)CCCC(C)C,649.1010,648.584531700,DI-MS/MS,Steroid esters,Internal Work,TRUE,TRUE,TRUE,TRUE,TRUE
ce(18:3),CE(18:3),HMDB0010369,CCCCC\C=C/C\C=C/C\C=C/CCCCC(=O)O[C@H]1CC[C@]2(C)C3CC[C@]4(C)C(CCC4C3CC=C2C1)[C@H](C)CCCC(C)C,647.0679,646.568881600,DI-MS/MS,Steroid esters,Internal Work,TRUE,TRUE,TRUE,TRUE,TRUE
ce(20:0),CE(20:0),HMDB0006740,CCCCCCCCCCCCCCCCCCCC(=O)O[C@H]1CC[C@]2(C)C3CC[C@]4(C)C(CCC4C3CC=C2C1)[C@H](C)CCCC(C)C,681.1687,680.647131900,DI-MS/MS,Steroid esters,Internal Work,TRUE,TRUE,TRUE,TRUE,TRUE
ce(20:1),CE(20:1),HMDB0005193,CCCCCCCC\C=C/CCCCCCCCCC(=O)O[C@H]1CC[C@]2(C)C3CC[C@]4(C)C(CCC4C3CC=C2C1)[C@H](C)CCCC(C)C,679.1528,678.631481900,DI-MS/MS,Steroid esters,Internal Work,TRUE,TRUE,TRUE,TRUE,TRUE
ce(20:3),CE(20:3),HMDB0006736,CCCCC\C=C/C\C=C/C\C=C/CCCCCCC(=O)O[C@H]1CC[C@@]2(C)C(=CCC3C4CCC([C@H](C)CCCC(C)C)[C@@]4(C)CCC23)C1,675.1210,674.600181700,DI-MS/MS,Steroid esters,Internal Work,TRUE,TRUE,TRUE,TRUE,TRUE
ce(20:4),CE(20:4),HMDB0006726,CCCCC\C=C/C\C=C/C\C=C/C\C=C/CCCC(=O)O[C@H]1CC[C@]2(C)C3CC[C@]4(C)C(CCC4C3CC=C2C1)[C@H](C)CCCC(C)C,673.1230,672.584531700,DI-MS/MS,Steroid esters,Internal Work,TRUE,TRUE,TRUE,TRUE,TRUE
ce(20:5),CE(20:5),HMDB0006731,CC\C=C/C\C=C/C\C=C/C\C=C/C\C=C/CCCC(=O)O[C@H]1CC[C@]2(C)C3CC[C@]4(C)C(CCC4C3CC=C2C1)[C@H](C)CCCC(C)C,671.0893,670.568881600,DI-MS/MS,Steroid esters,Internal Work,TRUE,TRUE,TRUE,TRUE,TRUE
ce(22:0),CE(22:0),HMDB0006727,CCCCCCCCCCCCCCCCCCCCCC(=O)O[C@H]1CC[C@]2(C)C3CC[C@]4(C)C(CCC4C3CC=C2C1)[C@H](C)CCCC(C)C,709.2218,708.678432100,DI-MS/MS,Steroid esters,Internal Work,TRUE,TRUE,TRUE,TRUE,TRUE
ce(22:1),CE(22:1),HMDB0010372,CCCCCCCC\C=C/CCCCCCCCCCCC(=O)O[C@H]1CC[C@@]2(C)C(=CCC3C4CCC([C@H](C)CCCC(C)C)[C@@]4(C)CCC23)C1,707.2059,706.662782000,DI-MS/MS,Steroid esters,Internal Work,TRUE,TRUE,TRUE,TRUE,TRUE
ce(22:2),CE(22:2),HMDB0006737,CCCCC\C=C/C\C=C/CCCCCCCCCCCC(=O)O[C@H]1CC[C@]2(C)C3CC[C@]4(C)C(CCC4C3CC=C2C1)[C@H](C)CCCC(C)C,705.1901,704.647131900,DI-MS/MS,Steroid esters,Internal Work,TRUE,TRUE,TRUE,TRUE,TRUE
ce(22:5),CE(22:5),HMDB0010374,CCCCC\C=C/C\C=C/C\C=C/C\C=C/C\C=C/CCC(=O)O[C@H]1CC[C@]2(C)C3CC[C@]4(C)C(CCC4C3CC=C2C1)[C@H](C)CCCC(C)C,699.1424,698.600181700,DI-MS/MS,Steroid esters,Internal Work,TRUE,TRUE,TRUE,TRUE,TRUE
ce(22:6),CE(22:6),HMDB0006733,CC\C=C/C\C=C/C\C=C/C\C=C/C\C=C/C\C=C/CCC(=O)O[C@H]1CC[C@]2(C)C3CC[C@]4(C)C(CCC4C3CC=C2C1)[C@H](C)CCCC(C)C,697.1265,696.584531700,DI-MS/MS,Steroid esters,Internal Work,TRUE,TRUE,TRUE,TRUE,TRUE
24s-hydroxycholesterol,24S-hydroxycholesterol,HMDB0001419,[H][C@@]1(CC[C@@]2([H])[C@]3([H])CC=C4C[C@@H](O)CC[C@]4(C)[C@@]3([H])CC[C@]12C)[C@H](C)CC[C@H](O)C(C)C,402.6529,402.349780700,LC-MS/MS,"Bile acids, alcohols and derivatives",PMID: 20671299,TRUE,TRUE,TRUE,TRUE,TRUE
25-hydroxycholesterol,25-hydroxycholesterol,HMDB0006247,[H]C12CC[C@H]([C@H](C)CCCC(C)(C)O)[C@@]1(C)CCC1([H])[C@@]2([H])CC=C2C[C@@H](O)CC[C@]12C,402.6529,402.349780700,LC-MS/MS,Cholestane steroids,PMID: 20671299,TRUE,TRUE,TRUE,TRUE,TRUE
27-hydroxycholesterol,27-hydroxycholesterol,HMDB0002103,[H][C@@]1(CC[C@@]2([H])[C@]3([H])CC=C4C[C@@H](O)CC[C@]4(C)[C@@]3([H])CC[C@]12C)[C@H](C)CCC[C@@H](C)CO,402.6529,402.349780700,LC-MS/MS,"Bile acids, alcohols and derivatives",PMID: 20671299,TRUE,TRUE,TRUE,TRUE,TRUE
4β-hydroxycholesterol,4β-hydroxycholesterol,HMDB0013643,[H][C@@]1(CC[C@@]2([H])[C@]3([H])CC=C4[C@@H](O)[C@@H](O)CC[C@]4(C)[C@@]3([H])CC[C@]12C)[C@H](C)CCCC(C)C,402.6529,402.349780700,LC-MS/MS,Cholestane steroids,PMID: 20671299,TRUE,TRUE,TRUE,TRUE,TRUE
7-dehydrocholesterol,7-dehydrocholesterol,HMDB0000032,[H][C@@]1(CC[C@@]2([H])C3=CC=C4C[C@@H](O)CC[C@]4(C)[C@@]3([H])CC[C@]12C)[C@H](C)CCCC(C)C,384.6377,384.339216000,LC-MS/MS,Cholestane steroids,PMID: 20671299,TRUE,TRUE,TRUE,TRUE,TRUE
7-oxocholesterol,7-oxocholesterol,HMDB0000501,[H][C@@]12CCC([C@H](C)CCCC(C)C)[C@@]1(C)CC[C@@]1([H])[C@@]2([H])C(=O)C=C2CC(O)CC[C@]12C,400.6371,400.334130700,LC-MS/MS,Cholestane steroids,PMID: 20671299,TRUE,TRUE,TRUE,TRUE,TRUE
7α-hydroxycholesterol,7α-hydroxycholesterol,HMDB0001496,[H][C@@]1(CC[C@@]2([H])[C@]3([H])[C@H](O)C=C4C[C@@H](O)CC[C@]4(C)[C@@]3([H])CC[C@]12C)[C@H](C)CCCC(C)C,402.6630,402.349780700,LC-MS/MS,Cholestane steroids,PMID: 20671299,TRUE,TRUE,TRUE,TRUE,TRUE
campesterol,Campesterol,HMDB0002869,[H][C@@]1(CC[C@@]2([H])[C@]3([H])CC=C4C[C@@H](O)CC[C@]4(C)[C@@]3([H])CC[C@]12C)[C@H](C)CC[C@@H](C)C(C)C,400.6910,400.370516200,GC-MS,Ergostane steroids,PMID: 20671299,TRUE,TRUE,TRUE,TRUE,TRUE
cholestenone,Cholestenone,HMDB0000921,[H][C@@]1(CC[C@@]2([H])[C@]3([H])CCC4=CC(=O)CC[C@]4(C)[C@@]3([H])CC[C@]12C)[C@H](C)CCCC(C)C,384.6377,384.339216000,GC-MS,Cholestane steroids,PMID: 20671299,TRUE,TRUE,TRUE,TRUE,TRUE
desmosterol,Desmosterol,HMDB0002719,[H][C@@]1(CC[C@@]2([H])[C@]3([H])CC=C4C[C@@H](O)CC[C@]4(C)[C@@]3([H])CC[C@]12C)[C@H](C)CCC=C(C)C,384.6377,384.339216000,GC-MS,Cholestane steroids,PMID: 20671299,TRUE,TRUE,TRUE,TRUE,TRUE
lanosterol,Lanosterol,HMDB0001251,[H][C@@]1(CC[C@@]2(C)C3=C(CC[C@]12C)[C@@]1(C)CC[C@H](O)C(C)(C)[C@]1([H])CC3)[C@H](C)CCC=C(C)C,426.7174,426.386166200,GC-MS,Triterpenoids,PMID: 20671299,TRUE,TRUE,TRUE,TRUE,TRUE
lathosterol,Lathosterol,HMDB0001170,[H][C@@]1(CC[C@@]2([H])C3=CC[C@@]4([H])C[C@@H](O)CC[C@]4(C)[C@@]3([H])CC[C@]12C)[C@H](C)CCCC(C)C,386.6535,386.354866100,GC-MS,Cholestane steroids,PMID: 20671299,TRUE,TRUE,TRUE,TRUE,TRUE
sitosterol,Sitosterol,HMDB0000852,#N/A,0.0000,0.000000000,GC-MS,Stigmastanes and derivatives,PMID: 20671299,TRUE,TRUE,TRUE,TRUE,TRUE
sm c16:0,SM C16:0,HMDB0010169,[H][C@@](COP([O-])(=O)OCC[N+](C)(C)C)(NC(=O)CCCCCCCCCCCCCCC)[C@H](O)\C=C\CCCCCCCCCCCCC,703.0281,702.567574800,DI-MS/MS,Phosphosphingolipids,Internal Work,TRUE,TRUE,TRUE,TRUE,TRUE
sm c16:1,SM C16:1,HMDB0240613,[H][C@@](COP([O-])(=O)OCC[N+](C)(C)C)(NC(=O)CCCCCCC\C=C/CCCCCC)[C@H](O)\C=C\CCCCCCCCCCCCC,701.0270,700.551925200,DI-MS/MS,Phosphosphingolipids,Internal Work,TRUE,TRUE,TRUE,TRUE,TRUE
sm c18:0,SM C18:0,HMDB0001348,[H][C@@](COP([O-])(=O)OCC[N+](C)(C)C)(NC(=O)CCCCCCCCCCCCCCCCC)[C@H](O)\C=C\CCCCCCCCCCCCC,731.0970,730.598875400,DI-MS/MS,Phosphosphingolipids,Internal Work,TRUE,TRUE,TRUE,TRUE,TRUE
sm c18:1,SM C18:1,HMDB0012100,CCCCCCCCCCCCC\C=C\[C@@H](O)[C@H](COP([O-])(=O)OCC[N+](C)(C)C)NC(=O)CCCCCCCCC\C=C/CCCCCC,729.0654,728.583224800,DI-MS/MS,Phosphosphingolipids,Internal Work,TRUE,TRUE,TRUE,TRUE,TRUE
sm c20:2,SM C20:2,HMDB0013465,CCCCCCCCCCCCC\C=C\[C@@H](O)[C@H](COP([O-])(=O)OCC[N+](C)(C)C)NC(=O)CCCCCCCCC\C=C/C\C=C/CCCCC,755.1027,754.598874900,DI-MS/MS,Phosphosphingolipids,Internal Work,TRUE,TRUE,TRUE,TRUE,TRUE
sm c24:0,SM C24:0,HMDB0011697,[H][C@@](COP([O-])(=O)OCC[N+](C)(C)C)(NC(=O)CCCCCCCCCCCCCCCCCCCCCCC)[C@H](O)\C=C\CCCCCCCCCCCCC,815.2590,814.692775800,DI-MS/MS,Phosphosphingolipids,Internal Work,TRUE,TRUE,TRUE,TRUE,TRUE
sm c24:1,SM C24:1,HMDB0012107,CCCCCCCCCCCCC\C=C\[C@@H](O)[C@H](COP([O-])(=O)OCC[N+](C)(C)C)NC(=O)CCCCCCCCCCCCC\C=C/CCCCCCCC,813.2249,812.677125200,DI-MS/MS,Phosphosphingolipids,Internal Work,TRUE,TRUE,TRUE,TRUE,TRUE
sm c26:0,SM C26:0,HMDB0011698,[H][C@@](COP([O-])(=O)OCC[N+](C)(C)C)(NC(=O)CCCCCCCCCCCCCCCCCCCCCCCCC)[C@H](O)\C=C\CCCCCCCCCCCCC,843.3130,842.724075900,DI-MS/MS,Phosphosphingolipids,Internal Work,TRUE,TRUE,TRUE,TRUE,TRUE
sm c26:1,SM C26:1,HMDB0013461,CCCCCCCCCCCCC\C=C\[C@@H](O)[C@H](COP([O-])(=O)OCC[N+](C)(C)C)NC(=O)CCCCCCCCCCCCCCC\C=C/CCCCCCCC,841.2780,840.708425400,DI-MS/MS,Phosphosphingolipids,Internal Work,TRUE,TRUE,TRUE,TRUE,TRUE
sm(oh) c14:1,SM(OH) C14:1,HMDB0013462,CCCCCCCCCCCCC\C=C\[C@@H](O)[C@H](COP([O-])(=O)OCC[N+](C)(C)C)NC(=O)CC(O)CCCCC\C=C/CCCC,688.9585,688.515539200,DI-MS/MS,Phosphosphingolipids,Internal Work,TRUE,TRUE,TRUE,TRUE,TRUE
sm(oh) c16:1,SM(OH) C16:1,HMDB0013463,CCCCCCCCCCCCC\C=C\[C@@H](O)[C@H](COP([O-])(=O)OCC[N+](C)(C)C)NC(=O)CC(O)CCCCC\C=C/CCCCCC,717.0116,716.546839300,DI-MS/MS,Phosphosphingolipids,Internal Work,TRUE,TRUE,TRUE,TRUE,TRUE
sm(oh) c22:1,SM(OH) C22:1,HMDB0013466,CCCCCCCCCCCCC\C=C\[C@@H](O)[C@H](COP([O-])(=O)OCC[N+](C)(C)C)NC(=O)CC(O)CCCCCCCCC\C=C/CCCCCCCC,801.1711,800.640739700,DI-MS/MS,Phosphosphingolipids,Internal Work,TRUE,TRUE,TRUE,TRUE,TRUE
sm(oh) c22:2,SM(OH) C22:2,HMDB0013467,CCCCCCCCCCCCC\C=C\[C@@H](O)[C@H](COP([O-])(=O)OCC[N+](C)(C)C)NC(=O)CC(O)CCCCCCCCC\C=C/C\C=C/CCCCC,799.1552,798.625089700,DI-MS/MS,Phosphosphingolipids,Internal Work,TRUE,TRUE,TRUE,TRUE,TRUE
sm(oh) c24:1,SM(OH) C24:1,HMDB0013469,CCCCCCCCCCCCC\C=C\[C@@H](O)[C@H](COP([O-])(=O)OCC[N+](C)(C)C)NC(=O)CC(O)CCCCCCCCCCC\C=C/CCCCCCCC,829.2243,828.672039900,DI-MS/MS,Phosphosphingolipids,Internal Work,TRUE,TRUE,TRUE,TRUE,TRUE
dg(14:0_18:1),DG(14:0_18:1),HMDB0007014,[H][C@](CO)(COC(=O)CCCCCCCCCCCCC)OC(=O)CCCCCCCCC\C=C/CCCCCC,566.8955,566.491025200,DI-MS/MS,Diradylglycerols,Internal Work,TRUE,TRUE,TRUE,TRUE,TRUE
dg(14:0_18:2),DG(14:0_18:2),HMDB0007016,[H]C(CCCCC)=C([H])C\C([H])=C(\[H])CCCCCCCC(=O)O[C@@]([H])(CO)COC(=O)CCCCCCCCCCCCC,564.8797,564.475375200,DI-MS/MS,Lineolic acids and derivatives,Internal Work,TRUE,TRUE,TRUE,TRUE,TRUE
dg(14:0_20:0),DG(14:0_20:0),HMDB0007020,[H][C@](CO)(COC(=O)CCCCCCCCCCCCC)OC(=O)CCCCCCCCCCCCCCCCCCC,596.9646,596.537975400,DI-MS/MS,Diradylglycerols,Internal Work,TRUE,TRUE,TRUE,TRUE,TRUE
dg(16:0_16:0),DG(16:0_16:0),HMDB0007098,[H][C@](CO)(COC(=O)CCCCCCCCCCCCCCC)OC(=O)CCCCCCCCCCCCCCC,568.9114,568.506675300,DI-MS/MS,Diradylglycerols,Internal Work,TRUE,TRUE,TRUE,TRUE,TRUE
dg(16:0_16:1),DG(16:0_16:1),HMDB0007099,[H]\C(CCCCCC)=C(/[H])CCCCCCCC(=O)O[C@@]([H])(CO)COC(=O)CCCCCCCCCCCCCCC,566.8955,566.491025200,DI-MS/MS,Diradylglycerols,Internal Work,TRUE,TRUE,TRUE,TRUE,TRUE
dg(16:0_18:1),DG(16:0_18:1),HMDB0007101,[H][C@](CO)(COC(=O)CCCCCCCCCCCCCCC)OC(=O)CCCCCCCCC\C=C/CCCCCC,594.9487,594.522325400,DI-MS/MS,Diradylglycerols,Internal Work,TRUE,TRUE,TRUE,TRUE,TRUE
dg(16:0_18:2),DG(16:0_18:2),HMDB0007103,[H][C@](CO)(COC(=O)CCCCCCCCCCCCCCC)OC(=O)CCCCCCC\C=C/C\C=C/CCCCC,592.9328,592.506675300,DI-MS/MS,Lineolic acids and derivatives,Internal Work,TRUE,TRUE,TRUE,TRUE,TRUE
dg(16:0_20:0),DG(16:0_20:0),HMDB0007107,[H][C@](CO)(COC(=O)CCCCCCCCCCCCCCC)OC(=O)CCCCCCCCCCCCCCCCCCC,625.0177,624.569275500,DI-MS/MS,Diradylglycerols,Internal Work,TRUE,TRUE,TRUE,TRUE,TRUE
dg(16:0_20:3),DG(16:0_20:3),HMDB0007110,[H][C@](CO)(COC(=O)CCCCCCCCCCCCCCC)OC(=O)CCC\C=C/C\C=C/C\C=C/CCCCCCCC,618.9701,618.522325400,DI-MS/MS,Diradylglycerols,Internal Work,TRUE,TRUE,TRUE,TRUE,TRUE
dg(16:1_18:0),DG(16:1_18:0),HMDB0007129,[H]\C(CCCCCC)=C(/[H])CCCCCCCC(=O)OC[C@]([H])(CO)OC(=O)CCCCCCCCCCCCCCCCC,594.9487,594.522325400,DI-MS/MS,Diradylglycerols,Internal Work,TRUE,TRUE,TRUE,TRUE,TRUE
dg(16:1_18:1),DG(16:1_18:1),HMDB0007130,[H][C@](CO)(COC(=O)CCCCCCC\C=C/CCCCCC)OC(=O)CCCCCCCCC\C=C/CCCCCC,592.9328,592.506675300,DI-MS/MS,Diradylglycerols,Internal Work,TRUE,TRUE,TRUE,TRUE,TRUE
dg(16:1_18:2),DG(16:1_18:2),HMDB0007132,[H]\C(CCCCCC)=C(/[H])CCCCCCCC(=O)OC[C@]([H])(CO)OC(=O)CCCCCCC\C([H])=C(\[H])C\C([H])=C(\[H])CCCCC,590.9169,590.491025200,DI-MS/MS,Lineolic acids and derivatives,Internal Work,TRUE,TRUE,TRUE,TRUE,TRUE
dg(16:1_20:0),DG(16:1_20:0),HMDB0007136,[H][C@](CO)(COC(=O)CCCCCCC\C=C/CCCCCC)OC(=O)CCCCCCCCCCCCCCCCCCC,623.0019,622.553625500,DI-MS/MS,Diradylglycerols,Internal Work,TRUE,TRUE,TRUE,TRUE,TRUE
dg(17:0_17:1),DG(17:0_17:1),HMDB0007049,[H]\C(CCCC)=C(/[H])CCCCCCCC(=O)OC[C@]([H])(CO)OC(=O)CCCCCCCCCCCCCCCCCCC,594.9487,594.522325400,DI-MS/MS,Diradylglycerols,Internal Work,TRUE,TRUE,TRUE,TRUE,TRUE
dg(17:0_18:1),DG(17:0_18:1),HMDB0295723,CCCCCCCCCCCCCCCCC(=O)OC[C@H](CO)OC(=O)CCCCCCC\C=C/CC1OC1CCCCC,622.9720,622.517240000,DI-MS/MS,Diradylglycerols,Internal Work,TRUE,TRUE,TRUE,TRUE,TRUE
dg(18:0_20:0),DG(18:0_20:0),HMDB0007165,[H][C@](CO)(COC(=O)CCCCCCCCCCCCCCCCC)OC(=O)CCCCCCCCCCCCCCCCCCC,653.0709,652.600575700,DI-MS/MS,Diradylglycerols,Internal Work,TRUE,TRUE,TRUE,TRUE,TRUE
dg(18:1_18:1),DG(18:1_18:1),HMDB0007188,[H][C@](CO)(COC(=O)CCCCCCCCC\C=C/CCCCCC)OC(=O)CCCCCCCCC\C=C/CCCCCC,620.9860,620.537975400,DI-MS/MS,Diradylglycerols,Internal Work,TRUE,TRUE,TRUE,TRUE,TRUE
dg(18:1_18:2),DG(18:1_18:2),HMDB0007190,[H][C@](CO)(COC(=O)CCCCCCCCC\C=C/CCCCCC)OC(=O)CCCCCCC\C=C/C\C=C/CCCCC,618.9701,618.522325400,DI-MS/MS,Lineolic acids and derivatives,Internal Work,TRUE,TRUE,TRUE,TRUE,TRUE
dg(18:1_18:3),DG(18:1_18:3),HMDB0007191,[H][C@](CO)(COC(=O)CCCCCCCCC\C=C/CCCCCC)OC(=O)CCCC\C=C/C\C=C/C\C=C/CCCCC,616.9542,616.506675300,DI-MS/MS,Lineolic acids and derivatives,Internal Work,TRUE,TRUE,TRUE,TRUE,TRUE
dg(18:1_20:1),DG(18:1_20:1),HMDB0007224,[H][C@](CO)(COC(=O)CCCCCCC\C=C/CCCCCCCC)OC(=O)CCCCCCCCC\C=C/CCCCCCCC,649.0391,648.569275500,DI-MS/MS,Diradylglycerols,Internal Work,TRUE,TRUE,TRUE,TRUE,TRUE
dg(18:1_20:3),DG(18:1_20:3),HMDB0007197,[H][C@](CO)(COC(=O)CCCCCCCCC\C=C/CCCCCC)OC(=O)CCC\C=C/C\C=C/C\C=C/CCCCCCCCCC,673.0605,672.569275500,DI-MS/MS,Diradylglycerols,Internal Work,TRUE,TRUE,TRUE,TRUE,TRUE
dg(18:1_20:4),DG(18:1_20:4),HMDB0007199,[H][C@](CO)(COC(=O)CCCCCCCCC\C=C/CCCCCC)OC(=O)CCC\C=C/C\C=C/C\C=C/C\C=C/CCCCC,642.9915,642.522325400,DI-MS/MS,Diradylglycerols,Internal Work,TRUE,TRUE,TRUE,TRUE,TRUE
dg(18:1_22:6),DG(18:1_22:6),HMDB0007208,[H][C@](CO)(COC(=O)CCCCCCCCC\C=C/CCCCCC)OC(=O)CC\C=C/C\C=C/C\C=C/C\C=C/C\C=C/C\C=C/CC,667.0129,666.522325400,DI-MS/MS,Diradylglycerols,Internal Work,TRUE,TRUE,TRUE,TRUE,TRUE
dg(18:2_18:2),DG(18:2_18:2),HMDB0007248,[H][C@](CO)(COC(=O)CCCCCCC\C=C/C\C=C/CCCCC)OC(=O)CCCCCCC\C=C/C\C=C/CCCCC,616.9542,616.506675300,DI-MS/MS,Lineolic acids and derivatives,Internal Work,TRUE,TRUE,TRUE,TRUE,TRUE
dg(18:2_18:3),DG(18:2_18:3),HMDB0007249,[H][C@](CO)(COC(=O)CCCCCCC\C=C/C\C=C/CCCCC)OC(=O)CCCC\C=C/C\C=C/C\C=C/CCCCC,614.9383,614.491025200,DI-MS/MS,Lineolic acids and derivatives,Internal Work,TRUE,TRUE,TRUE,TRUE,TRUE
dg(18:2_20:4),DG(18:2_20:4),HMDB0341550,[H]\C(CCCCC)=C(\[H])C\C([H])=C(/[H])CCCCCCCC(=O)OC[C@]([H])(CO)OC(=O)CCC\C([H])=C(/[H])C\C([H])=C(/[H])C\C([H])=C(/[H])C\C([H])=C(/[H])CCCCC,640.9900,640.506675300,DI-MS/MS,Diradylglycerols,Internal Work,TRUE,TRUE,TRUE,TRUE,TRUE
dg(18:3_20:2),DG(18:3_20:2),HMDB0341551,[H]\C(CCCCC)=C(\[H])C\C([H])=C(/[H])CCCCCCCCCC(=O)O[C@@]([H])(CO)COC(=O)CCCC\C([H])=C(/[H])C\C([H])=C(/[H])C\C([H])=C(/[H])CCCCC,643.0060,642.522325400,DI-MS/MS,Diradylglycerols,Internal Work,TRUE,TRUE,TRUE,TRUE,TRUE
tg(14:0_32:2),TG(14:0_32:2),HMDB0042076,[H][C@](COC(=O)CCCCCCCCCCCCC)(COC(=O)CCCCCCC\C=C/C\C=C/CCCCC)OC(=O)CCCCCCCCCCCCC,775.2530,774.673740600,DI-MS/MS,Triradylcglycerols,Internal Work,TRUE,TRUE,TRUE,TRUE,TRUE
tg(14:0_34:0),TG(14:0_34:0),HMDB0042065,[H][C@](COC(=O)CCCCCCCCCCCCC)(COC(=O)CCCCCCCCCCCCCCCCCCC)OC(=O)CCCCCCCCCCCCC,807.3390,806.736340900,DI-MS/MS,Triradylcglycerols,Internal Work,TRUE,TRUE,TRUE,TRUE,TRUE
tg(14:0_34:1),TG(14:0_34:1),HMDB0042072,[H][C@](COC(=O)CCCCCCCCCCCCC)(COC(=O)CCCCCCCCC\C=C/CCCCCCCC)OC(=O)CCCCCCCCCCCCC,805.3230,804.720690800,DI-MS/MS,Triradylcglycerols,Internal Work,TRUE,TRUE,TRUE,TRUE,TRUE
tg(14:0_34:2),TG(14:0_34:2),HMDB0042078,[H][C@](COC(=O)CCCCCCCCCCCCC)(COC(=O)CCCCCCCCC\C=C/C\C=C/CCCCC)OC(=O)CCCCCCCCCCCCC,803.3070,802.705040700,DI-MS/MS,Triradylcglycerols,Internal Work,TRUE,TRUE,TRUE,TRUE,TRUE
tg(14:0_34:3),TG(14:0_34:3),HMDB0042073,[H][C@](COC(=O)CCCCCCCCCCCCC)(COC(=O)CCC\C=C/C\C=C/C\C=C/CCCCCCCC)OC(=O)CCCCCCCCCCCCC,801.2910,800.689390700,DI-MS/MS,Triradylcglycerols,Internal Work,TRUE,TRUE,TRUE,TRUE,TRUE
tg(14:0_35:1),TG(14:0_35:1),HMDB0042102,[H][C@](COC(=O)CCCCCCCCCCCCC)(COC(=O)CCCCCCCCC\C=C/CCCCCCCC)OC(=O)CCCCCCCCCCCCCC,819.3500,818.736340900,DI-MS/MS,Triradylcglycerols,Internal Work,TRUE,TRUE,TRUE,TRUE,TRUE
tg(14:0_35:2),TG(14:0_35:2),HMDB0042108,[H][C@](COC(=O)CCCCCCCCCCCCC)(COC(=O)CCCCCCCCC\C=C/C\C=C/CCCCC)OC(=O)CCCCCCCCCCCCCC,817.3340,816.720690800,DI-MS/MS,Triradylcglycerols,Internal Work,TRUE,TRUE,TRUE,TRUE,TRUE
tg(14:0_36:1),TG(14:0_36:1),HMDB0042074,[H][C@](COC(=O)CCCCCCCCCCCCC)(COC(=O)CCCCCCCCCCC\C=C/CCCCCCCC)OC(=O)CCCCCCCCCCCCC,833.3770,832.751990900,DI-MS/MS,Triradylcglycerols,Internal Work,TRUE,TRUE,TRUE,TRUE,TRUE
tg(14:0_36:2),TG(14:0_36:2),HMDB0042081,[H][C@](COC(=O)CCCCCCCCCCCCC)(COC(=O)CCCCCCCCCCC\C=C/C\C=C/CCCCC)OC(=O)CCCCCCCCCCCCC,831.3610,830.736340900,DI-MS/MS,Triradylcglycerols,Internal Work,TRUE,TRUE,TRUE,TRUE,TRUE
tg(14:0_36:3),TG(14:0_36:3),HMDB0042133,[H][C@](COC(=O)CCCCCCCCCCCCC)(COC(=O)CCC\C=C/C\C=C/C\C=C/CCCCCCCC)OC(=O)CCCCCCCCCCCCCCC,829.3450,828.720690800,DI-MS/MS,Triradylcglycerols,Internal Work,TRUE,TRUE,TRUE,TRUE,TRUE
tg(14:0_36:4),TG(14:0_36:4),HMDB0042082,[H][C@](COC(=O)CCCCCCCCCCCCC)(COC(=O)CCCCC\C=C/C\C=C/C\C=C/C\C=C/CCCCC)OC(=O)CCCCCCCCCCCCC,827.3290,826.705040700,DI-MS/MS,Triradylcglycerols,Internal Work,TRUE,TRUE,TRUE,TRUE,TRUE
tg(14:0_38:4),TG(14:0_38:4),HMDB0042142,[H][C@](COC(=O)CCCCCCCCCCCCC)(COC(=O)CCCCC\C=C/C\C=C/C\C=C/C\C=C/CCCCC)OC(=O)CCCCCCCCCCCCCCC,855.3830,854.736340900,DI-MS/MS,Triradylcglycerols,Internal Work,TRUE,TRUE,TRUE,TRUE,TRUE
tg(14:0_38:5),TG(14:0_38:5),HMDB0042143,[H][C@](COC(=O)CCCCCCCCCCCCC)(COC(=O)CC\C=C/C\C=C/C\C=C/C\C=C/C\C=C/CCCCC)OC(=O)CCCCCCCCCCCCCCC,853.3670,852.720690800,DI-MS/MS,Triradylcglycerols,Internal Work,TRUE,TRUE,TRUE,TRUE,TRUE
tg(16:0_28:1),TG(16:0_28:1),HMDB0043834,[H][C@](COC(=O)CCCCCCCCCCCCCCC)(COC(=O)CCCCCCC\C=C/CCCC)OC(=O)CCCCCCCCCCCCC,749.2150,748.658090600,DI-MS/MS,Triradylcglycerols,Internal Work,TRUE,TRUE,TRUE,TRUE,TRUE
tg(16:0_28:2),TG(16:0_28:2),HMDB0044030,[H][C@](COC(=O)CCCCCCCCCCCCCCC)(COC(=O)CCCCCCC\C=C/CCCC)OC(=O)CCCCCCC\C=C/CCCC,747.1990,746.642440500,DI-MS/MS,Triradylcglycerols,Internal Work,TRUE,TRUE,TRUE,TRUE,TRUE
tg(16:0_30:2),TG(16:0_30:2),HMDB0044031,[H][C@](COC(=O)CCCCCCCCCCCCCCC)(COC(=O)CCCCCCC\C=C/CCCCCC)OC(=O)CCCCCCC\C=C/CCCC,775.2530,774.673740600,DI-MS/MS,Triradylcglycerols,Internal Work,TRUE,TRUE,TRUE,TRUE,TRUE
tg(16:0_32:0),TG(16:0_32:0),HMDB0005356,[H]C(COC(=O)CCCCCCCCCCCCCCC)(COC(=O)CCCCCCCCCCCCCCC)OC(=O)CCCCCCCCCCCCCCC,807.3202,806.736340900,DI-MS/MS,Triradylcglycerols,Internal Work,TRUE,TRUE,TRUE,TRUE,TRUE
tg(16:0_32:1),TG(16:0_32:1),HMDB0005359,[H][C@](COC(=O)CCCCCCCCCCCCCCC)(COC(=O)CCCCCCC\C=C/CCCCCC)OC(=O)CCCCCCCCCCCCCCC,805.3230,804.720690800,DI-MS/MS,Triradylcglycerols,Internal Work,TRUE,TRUE,TRUE,TRUE,TRUE
tg(16:0_32:2),TG(16:0_32:2),HMDB0005376,[H][C@](COC(=O)CCCCCCCCCCCCCCC)(COC(=O)CCCCCCC\C=C/CCCCCC)OC(=O)CCCCCCC\C=C/CCCCCC,803.3070,802.705040700,DI-MS/MS,Triradylcglycerols,Internal Work,TRUE,TRUE,TRUE,TRUE,TRUE
tg(16:0_32:3),TG(16:0_32:3),HMDB0043843,[H][C@](COC(=O)CCCCCCCCCCCCCCC)(COC(=O)CCCC\C=C/C\C=C/C\C=C/CCCCC)OC(=O)CCCCCCCCCCCCC,801.2910,800.689390700,DI-MS/MS,Triradylcglycerols,Internal Work,TRUE,TRUE,TRUE,TRUE,TRUE
tg(16:0_33:1),TG(16:0_33:1),HMDB0043864,[H][C@](COC(=O)CCCCCCCCCCCCCCC)(COC(=O)CCCCCCCCC\C=C/CCCCCC)OC(=O)CCCCCCCCCCCCCC,819.3500,818.736340900,DI-MS/MS,Triradylcglycerols,Internal Work,TRUE,TRUE,TRUE,TRUE,TRUE
tg(16:0_33:2),TG(16:0_33:2),HMDB0043870,[H][C@](COC(=O)CCCCCCCCCCCCCCC)(COC(=O)CCCCCCC\C=C/C\C=C/CCCCC)OC(=O)CCCCCCCCCCCCCC,817.3340,816.720690800,DI-MS/MS,Triradylcglycerols,Internal Work,TRUE,TRUE,TRUE,TRUE,TRUE
tg(16:0_34:0),TG(16:0_34:0),HMDB0005357,[H][C@](COC(=O)CCCCCCCCCCCCCCC)(COC(=O)CCCCCCCCCCCCCCCCC)OC(=O)CCCCCCCCCCCCCCC,835.3930,834.767641000,DI-MS/MS,Triradylcglycerols,Internal Work,TRUE,TRUE,TRUE,TRUE,TRUE
tg(16:0_34:1),TG(16:0_34:1),HMDB0005360,[H][C@](COC(=O)CCCCCCCCCCCCCCC)(COC(=O)CCCCCCC\C=C/CCCCCCCC)OC(=O)CCCCCCCCCCCCCCC,833.3770,832.751990900,DI-MS/MS,Triradylcglycerols,Internal Work,TRUE,TRUE,TRUE,TRUE,TRUE
tg(16:0_34:2),TG(16:0_34:2),HMDB0005362,[H][C@](COC(=O)CCCCCCCCCCCCCCC)(COC(=O)CCCCCCC\C=C/C\C=C/CCCCC)OC(=O)CCCCCCCCCCCCCCC,831.3610,830.736340900,DI-MS/MS,Triradylcglycerols,Internal Work,TRUE,TRUE,TRUE,TRUE,TRUE
tg(16:0_34:3),TG(16:0_34:3),HMDB0005379,[H][C@](COC(=O)CCCCCCCCCCCCCCC)(COC(=O)CCCCCCC\C=C/C\C=C/CCCCC)OC(=O)CCCCCCC\C=C/CCCCCC,829.3450,828.720690800,DI-MS/MS,Triradylcglycerols,Internal Work,TRUE,TRUE,TRUE,TRUE,TRUE
tg(16:0_34:4),TG(16:0_34:4),HMDB0043846,[H][C@](COC(=O)CCCCCCCCCCCCCCC)(COC(=O)CCC\C=C/C\C=C/C\C=C/C\C=C/CCCCC)OC(=O)CCCCCCCCCCCCC,827.3290,826.705040700,DI-MS/MS,Triradylcglycerols,Internal Work,TRUE,TRUE,TRUE,TRUE,TRUE
tg(16:0_35:1),TG(16:0_35:1),HMDB0043866,[H][C@](COC(=O)CCCCCCCCCCCCCCC)(COC(=O)CCCCCCCCC\C=C/CCCCCCCC)OC(=O)CCCCCCCCCCCCCC,847.4040,846.767641000,DI-MS/MS,Triradylcglycerols,Internal Work,TRUE,TRUE,TRUE,TRUE,TRUE
tg(16:0_35:2),TG(16:0_35:2),HMDB0043872,[H][C@](COC(=O)CCCCCCCCCCCCCCC)(COC(=O)CCCCCCCCC\C=C/C\C=C/CCCCC)OC(=O)CCCCCCCCCCCCCC,845.3880,844.751990900,DI-MS/MS,Triradylcglycerols,Internal Work,TRUE,TRUE,TRUE,TRUE,TRUE
tg(16:0_35:3),TG(16:0_35:3),HMDB0043867,[H][C@](COC(=O)CCCCCCCCCCCCCCC)(COC(=O)CCC\C=C/C\C=C/C\C=C/CCCCCCCC)OC(=O)CCCCCCCCCCCCCC,843.3720,842.736340900,DI-MS/MS,Triradylcglycerols,Internal Work,TRUE,TRUE,TRUE,TRUE,TRUE
tg(16:0_36:2),TG(16:0_36:2),HMDB0005369,[H][C@](COC(=O)CCCCCCCCCCCCCCC)(COC(=O)CCCCCCC\C=C/C\C=C/CCCCC)OC(=O)CCCCCCCCCCCCCCCCC,859.4150,858.767641000,DI-MS/MS,Triradylcglycerols,Internal Work,TRUE,TRUE,TRUE,TRUE,TRUE
tg(16:0_36:3),TG(16:0_36:3),HMDB0005384,[H][C@](COC(=O)CCCCCCCCCCCCCCC)(COC(=O)CCCCCCC\C=C/C\C=C/CCCCC)OC(=O)CCCCCCC\C=C/CCCCCCCC,857.3990,856.751990900,DI-MS/MS,Triradylcglycerols,Internal Work,TRUE,TRUE,TRUE,TRUE,TRUE
tg(16:0_36:4),TG(16:0_36:4),HMDB0005363,[H][C@](COC(=O)CCCCCCCCCCCCCCC)(COC(=O)CCC\C=C/C\C=C/C\C=C/C\C=C/CCCCC)OC(=O)CCCCCCCCCCCCCCC,855.3830,854.736340900,DI-MS/MS,Triradylcglycerols,Internal Work,TRUE,TRUE,TRUE,TRUE,TRUE
tg(16:0_36:5),TG(16:0_36:5),HMDB0005380,[H][C@](COC(=O)CCCCCCCCCCCCCCC)(COC(=O)CCC\C=C/C\C=C/C\C=C/C\C=C/CCCCC)OC(=O)CCCCCCC\C=C/CCCCCC,853.3670,852.720690800,DI-MS/MS,Triradylcglycerols,Internal Work,TRUE,TRUE,TRUE,TRUE,TRUE
tg(16:0_36:6),TG(16:0_36:6),HMDB0043855,[H][C@](COC(=O)CCCCCCCCCCCCCCC)(COC(=O)CC\C=C/C\C=C/C\C=C/C\C=C/C\C=C/C\C=C/CC)OC(=O)CCCCCCCCCCCCC,851.3510,850.705040700,DI-MS/MS,Triradylcglycerols,Internal Work,TRUE,TRUE,TRUE,TRUE,TRUE
tg(16:0_37:3),TG(16:0_37:3),HMDB0050323,[H][C@](COC(=O)CCCCCCCCC\C=C/CCCCCCCC)(COC(=O)CCCCCCC\C=C/C\C=C/CCCCC)OC(=O)CCCCCCCCCCCCCC,871.4260,870.767641000,DI-MS/MS,Triradylcglycerols,Internal Work,TRUE,TRUE,TRUE,TRUE,TRUE
tg(16:0_38:1),TG(16:0_38:1),HMDB0005368,[H][C@](COC(=O)CCCCCCCCCCCCCCC)(COC(=O)CCCCCCCCC\C=C/CCCCCCCC)OC(=O)CCCCCCCCCCCCCCCCC,889.4850,888.814591200,DI-MS/MS,Triradylcglycerols,Internal Work,TRUE,TRUE,TRUE,TRUE,TRUE
tg(16:0_38:2),TG(16:0_38:2),HMDB0005383,[H][C@](COC(=O)CCCCCCCCCCCCCCC)(COC(=O)CCCCCCCCC\C=C/CCCCCCCC)OC(=O)CCCCCCC\C=C/CCCCCCCC,887.4690,886.798941100,DI-MS/MS,Triradylcglycerols,Internal Work,TRUE,TRUE,TRUE,TRUE,TRUE
tg(16:0_38:3),TG(16:0_38:3),HMDB0005389,[H][C@](COC(=O)CCCCCCCCCCCCCCC)(COC(=O)CCCCCCCCC\C=C/CCCCCCCC)OC(=O)CCCCCCC\C=C/C\C=C/CCCCC,885.4530,884.783291100,DI-MS/MS,Triradylcglycerols,Internal Work,TRUE,TRUE,TRUE,TRUE,TRUE
tg(16:0_38:4),TG(16:0_38:4),HMDB0005370,[H][C@](COC(=O)CCCCCCCCCCCCCCC)(COC(=O)CCC\C=C/C\C=C/C\C=C/C\C=C/CCCCC)OC(=O)CCCCCCCCCCCCCCCCC,883.4370,882.767641000,DI-MS/MS,Triradylcglycerols,Internal Work,TRUE,TRUE,TRUE,TRUE,TRUE
tg(16:0_38:5),TG(16:0_38:5),HMDB0005385,[H][C@](COC(=O)CCCCCCCCCCCCCCC)(COC(=O)CCC\C=C/C\C=C/C\C=C/C\C=C/CCCCC)OC(=O)CCCCCCC\C=C/CCCCCCCC,881.4210,880.751990900,DI-MS/MS,Triradylcglycerols,Internal Work,TRUE,TRUE,TRUE,TRUE,TRUE
tg(16:0_38:6),TG(16:0_38:6),HMDB0005391,[H][C@](COC(=O)CCCCCCCCCCCCCCC)(COC(=O)CCC\C=C/C\C=C/C\C=C/C\C=C/CCCCC)OC(=O)CCCCCCC\C=C/C\C=C/CCCCC,879.4050,878.736340900,DI-MS/MS,Triradylcglycerols,Internal Work,TRUE,TRUE,TRUE,TRUE,TRUE
tg(16:0_38:7),TG(16:0_38:7),HMDB0044079,[H]C(CC)=C([H])C\C([H])=C(\[H])CC([H])=C([H])C\C([H])=C(\[H])C\C([H])=C(\[H])C\C([H])=C(\[H])CCC(=O)OC[C@]([H])(COC(=O)CCCCCCCCCCCCCCC)OC(=O)CCCCCCC\C([H])=C(\[H])CCCCCC,877.3890,876.720690800,DI-MS/MS,Triradylcglycerols,Internal Work,TRUE,TRUE,TRUE,TRUE,TRUE
tg(16:0_40:6),TG(16:0_40:6),HMDB0043939,[H][C@](COC(=O)CCCCCCCCCCCCCCC)(COC(=O)CC\C=C/C\C=C/C\C=C/C\C=C/C\C=C/C\C=C/CC)OC(=O)CCCCCCCCCCCCCCCCC,907.4590,906.767641000,DI-MS/MS,Triradylcglycerols,Internal Work,TRUE,TRUE,TRUE,TRUE,TRUE
tg(16:0_40:7),TG(16:0_40:7),HMDB0044107,[H][C@](COC(=O)CCCCCCCCCCCCCCC)(COC(=O)CC\C=C/C\C=C/C\C=C/C\C=C/C\C=C/C\C=C/CC)OC(=O)CCCCCCCCC\C=C/CCCCCC,905.4430,904.751990900,DI-MS/MS,Triradylcglycerols,Internal Work,TRUE,TRUE,TRUE,TRUE,TRUE
tg(16:0_40:8),TG(16:0_40:8),HMDB0005392,[H][C@](COC(=O)CCCCCCCCCCCCCCC)(COC(=O)CCC\C=C/C\C=C/C\C=C/C\C=C/CCCCC)OC(=O)CCC\C=C/C\C=C/C\C=C/C\C=C/CCCCC,903.4270,902.736340900,DI-MS/MS,Triradylcglycerols,Internal Work,TRUE,TRUE,TRUE,TRUE,TRUE
tg(16:1_28:0),TG(16:1_28:0),HMDB0042069,[H][C@](COC(=O)CCCCCCCCCCCCC)(COC(=O)CCCCCCC\C=C/CCCCCC)OC(=O)CCCCCCCCCCCCC,749.2150,748.658090600,DI-MS/MS,Triradylcglycerols,Internal Work,TRUE,TRUE,TRUE,TRUE,TRUE
tg(16:1_30:1),TG(16:1_30:1),HMDB0042076,[H][C@](COC(=O)CCCCCCCCCCCCC)(COC(=O)CCCCCCC\C=C/C\C=C/CCCCC)OC(=O)CCCCCCCCCCCCC,775.2530,774.673740600,DI-MS/MS,Glycerolipids,Internal Work,TRUE,TRUE,TRUE,TRUE,TRUE
tg(16:1_32:0),TG(16:1_32:0),HMDB0044726,[H][C@](COC(=O)CCCCCCCCCCCCCCCCC)(COC(=O)CCCCCCC\C=C/CCCC)OC(=O)CCCCCCCCCCCCCCC,805.3230,804.720690800,DI-MS/MS,Triradylcglycerols,Internal Work,TRUE,TRUE,TRUE,TRUE,TRUE
tg(16:1_32:1),TG(16:1_32:1),HMDB0005376,[H][C@](COC(=O)CCCCCCCCCCCCCCC)(COC(=O)CCCCCCC\C=C/CCCCCC)OC(=O)CCCCCCC\C=C/CCCCCC,803.3070,802.705040700,DI-MS/MS,Glycerolipids,Internal Work,TRUE,TRUE,TRUE,TRUE,TRUE
tg(16:1_32:2),TG(16:1_32:2),HMDB0042543,[H][C@](COC(=O)CCCCCCCCCCCCC)(COC(=O)CCCCCCCCCCCCCCC)OC(=O)CCCC\C=C/C\C=C/C\C=C/CCCCC,801.2910,800.689390700,DI-MS/MS,Triradylcglycerols,Internal Work,TRUE,TRUE,TRUE,TRUE,TRUE
tg(16:1_33:1),TG(16:1_33:1),HMDB0042976,[H][C@](COC(=O)CCCCCCCCCCCCCC)(COC(=O)CCCCCCCCC\C=C/C\C=C/CCCCC)OC(=O)CCCCCCCCCCCCC,817.3340,816.720690800,DI-MS/MS,Triradylcglycerols,Internal Work,TRUE,TRUE,TRUE,TRUE,TRUE
tg(16:1_34:0),TG(16:1_34:0),HMDB0005360,[H][C@](COC(=O)CCCCCCCCCCCCCCC)(COC(=O)CCCCCCC\C=C/CCCCCCCC)OC(=O)CCCCCCCCCCCCCCC,833.3770,832.751990900,DI-MS/MS,Glycerolipids,Internal Work,TRUE,TRUE,TRUE,TRUE,TRUE
tg(16:1_34:1),TG(16:1_34:1),HMDB0044249,[H]C(COC(=O)CCCCCCCCCCCCCCC)(COC(=O)CCCCCCCCCCCCCCC)OC(=O)CCCCCCC\C=C/C\C=C/CCCCC,831.3610,830.736340900,DI-MS/MS,Triradylcglycerols,Internal Work,TRUE,TRUE,TRUE,TRUE,TRUE
tg(16:1_34:2),TG(16:1_34:2),HMDB0005379,[H][C@](COC(=O)CCCCCCCCCCCCCCC)(COC(=O)CCCCCCC\C=C/C\C=C/CCCCC)OC(=O)CCCCCCC\C=C/CCCCCC,829.3450,828.720690800,DI-MS/MS,Glycerolipids,Internal Work,TRUE,TRUE,TRUE,TRUE,TRUE
tg(16:1_34:3),TG(16:1_34:3),HMDB0042633,[H][C@](COC(=O)CCCCCCCCCCCCC)(COC(=O)CCCCCCCCCCCCCCC)OC(=O)CCC\C=C/C\C=C/C\C=C/C\C=C/CCCCC,827.3290,826.705040700,DI-MS/MS,Triradylcglycerols,Internal Work,TRUE,TRUE,TRUE,TRUE,TRUE
tg(16:1_36:1),TG(16:1_36:1),HMDB0046458,[H][C@](COC(=O)CCCCCCCCCCCCCCCCCCCCC)(COC(=O)CCCCCCC\C=C/CCCC)OC(=O)CCCCCCC\C=C/CCCCCC,859.3948,858.767641000,DI-MS/MS,Triradylcglycerols,Internal Work,TRUE,TRUE,TRUE,TRUE,TRUE
tg(16:1_36:2),TG(16:1_36:2),HMDB0005384,[H][C@](COC(=O)CCCCCCCCCCCCCCC)(COC(=O)CCCCCCC\C=C/C\C=C/CCCCC)OC(=O)CCCCCCC\C=C/CCCCCCCC,857.3990,856.751990900,DI-MS/MS,Glycerolipids,Internal Work,TRUE,TRUE,TRUE,TRUE,TRUE
tg(16:1_36:3),TG(16:1_36:3),HMDB0005440,[H][C@](COC(=O)CCCCCCC\C=C/CCCCCC)(COC(=O)CCCCCCC\C=C/C\C=C/CCCCC)OC(=O)CCCCCCC\C=C/CCCCCCCC,855.3830,854.736340900,DI-MS/MS,Triradylcglycerols,Internal Work,TRUE,TRUE,TRUE,TRUE,TRUE
tg(16:1_36:4),TG(16:1_36:4),HMDB0055688,[H][C@@](COCCCCCCCCCCCCCCCCCC)(COC(=O)CCC\C=C/C\C=C/C\C=C/C\C=C/C\C=C/CC)OC(=O)CCCCCCCCCCCCC,839.3840,838.741426300,DI-MS/MS,Triradylcglycerols,Internal Work,TRUE,TRUE,TRUE,TRUE,TRUE
tg(16:1_36:5),TG(16:1_36:5),HMDB0048751,[H][C@](COC(=O)CCCCCCC\C=C/CCCCCC)(COC(=O)CCCC\C=C/C\C=C/C\C=C/CCCCC)OC(=O)CCCCCCC\C=C/C\C=C/CCCCC,851.3510,850.705040700,DI-MS/MS,Triradylcglycerols,Internal Work,TRUE,TRUE,TRUE,TRUE,TRUE
tg(16:1_38:3),TG(16:1_38:3),HMDB0005455,[H][C@](COC(=O)CCCCCCC\C=C/CCCCCCCC)(COC(=O)CCCCCCC\C=C/C\C=C/CCCCC)OC(=O)CCCCCCC\C=C/CCCCCCCC,883.4370,882.767641000,DI-MS/MS,Triradylcglycerols,Internal Work,TRUE,TRUE,TRUE,TRUE,TRUE
tg(16:1_38:4),TG(16:1_38:4),HMDB0046858,[H][C@](COC(=O)CCCCCCCCCCCCCCCCCCCCC)(COC(=O)CCCCCCC\C=C/CCCC)OC(=O)CCCC\C=C/C\C=C/C\C=C/C\C=C/CC,881.4210,880.751990900,DI-MS/MS,Triradylcglycerols,Internal Work,TRUE,TRUE,TRUE,TRUE,TRUE
tg(16:1_38:5),TG(16:1_38:5),HMDB0010418,[H]C(CC)=C([H])CC([H])=C([H])CC([H])=C([H])C\C([H])=C(\[H])C\C([H])=C(\[H])C\C([H])=C(\[H])CCC(=O)OC[C@]([H])(COC(=O)CCCCCCCCCCCCCCC)OC(=O)CCCCCCCCCCCCCCC,879.4050,878.736340900,DI-MS/MS,Triradylcglycerols,Internal Work,TRUE,TRUE,TRUE,TRUE,TRUE
tg(17:0_32:1),TG(17:0_32:1),HMDB0011713,[H][C@@](COC(=O)CCCCCCCCCCCCC)(COC(=O)CCCCCCCCCCCCCC)OC(=O)CCCCCCCCC\C=C/CCCCCCCC,819.3500,818.736340900,DI-MS/MS,Triradylcglycerols,Internal Work,TRUE,TRUE,TRUE,TRUE,TRUE
tg(17:0_34:1),TG(17:0_34:1),HMDB0049113,[H][C@@](COCCCCCCCCCCCCCCCCCC)(COC(=O)CCCCCCCCC\C=C/CCCCCC)OC(=O)CCCCCCCCCCCCCC,833.4210,832.788376400,DI-MS/MS,Triradylcglycerols,Internal Work,TRUE,TRUE,TRUE,TRUE,TRUE
tg(17:0_34:2),TG(17:0_34:2),HMDB0011700,[H][C@](COC(=O)CCCCCCCCCCCCCC)(COC(=O)CCCCCCCCC\C=C/C\C=C/CCCCC)OC(=O)CCCCCCCCCCCCCCC,845.3880,844.751990900,DI-MS/MS,Triradylcglycerols,Internal Work,TRUE,TRUE,TRUE,TRUE,TRUE
tg(17:0_34:3),TG(17:0_34:3),HMDB0011701,[H][C@](COC(=O)CCCCCCCCCCCCCC)(COC(=O)CCCCCC\C=C/C\C=C/C\C=C/CCCCC)OC(=O)CCCCCCCCCCCCCCC,843.3720,842.736340900,DI-MS/MS,Triradylcglycerols,Internal Work,TRUE,TRUE,TRUE,TRUE,TRUE
tg(17:0_36:3),TG(17:0_36:3),HMDB0050323,[H][C@](COC(=O)CCCCCCCCC\C=C/CCCCCCCC)(COC(=O)CCCCCCC\C=C/C\C=C/CCCCC)OC(=O)CCCCCCCCCCCCCC,871.4260,870.767641000,DI-MS/MS,Glycerolipids,Internal Work,TRUE,TRUE,TRUE,TRUE,TRUE
tg(17:0_36:4),TG(17:0_36:4),HMDB0055545,[H][C@@](COCCCCCCCCCCCCCCCCCC)(COC(=O)CCCCCC\C=C/C\C=C/C\C=C/C\C=C/CC)OC(=O)CCCCCCCCCCCCCC,855.4270,854.772726400,DI-MS/MS,Triradylcglycerols,Internal Work,TRUE,TRUE,TRUE,TRUE,TRUE
tg(17:1_32:1),TG(17:1_32:1),HMDB0042976,[H][C@](COC(=O)CCCCCCCCCCCCCC)(COC(=O)CCCCCCCCC\C=C/C\C=C/CCCCC)OC(=O)CCCCCCCCCCCCC,817.3340,816.720690800,DI-MS/MS,Glycerolipids,Internal Work,TRUE,TRUE,TRUE,TRUE,TRUE
tg(17:1_34:1),TG(17:1_34:1),HMDB0011700,[H][C@](COC(=O)CCCCCCCCCCCCCC)(COC(=O)CCCCCCCCC\C=C/C\C=C/CCCCC)OC(=O)CCCCCCCCCCCCCCC,845.3880,844.751990900,DI-MS/MS,Glycerolipids,Internal Work,TRUE,TRUE,TRUE,TRUE,TRUE
tg(17:1_34:2),TG(17:1_34:2),HMDB0011701,[H][C@](COC(=O)CCCCCCCCCCCCCC)(COC(=O)CCCCCC\C=C/C\C=C/C\C=C/CCCCC)OC(=O)CCCCCCCCCCCCCCC,843.3720,842.736340900,DI-MS/MS,Glycerolipids,Internal Work,TRUE,TRUE,TRUE,TRUE,TRUE
tg(17:1_34:3),TG(17:1_34:3),HMDB0011702,[H][C@](COC(=O)CCCCCCCCCCCCCC)(COC(=O)CCC\C=C/C\C=C/C\C=C/C\C=C/CCCCC)OC(=O)CCCCCCCCCCCCCCC,841.3560,840.720690800,DI-MS/MS,Triradylcglycerols,Internal Work,TRUE,TRUE,TRUE,TRUE,TRUE
tg(17:1_36:3),TG(17:1_36:3),HMDB0055545,[H][C@@](COCCCCCCCCCCCCCCCCCC)(COC(=O)CCCCCC\C=C/C\C=C/C\C=C/C\C=C/CC)OC(=O)CCCCCCCCCCCCCC,855.4270,854.772726400,DI-MS/MS,Glycerolipids,Internal Work,TRUE,TRUE,TRUE,TRUE,TRUE
tg(17:1_36:4),TG(17:1_36:4),HMDB0043044,[H][C@](COC(=O)CCCCCCCCCCCCCC)(COC(=O)CCCCC\C=C/C\C=C/C\C=C/C\C=C/C\C=C/CC)OC(=O)CCCCCCCCCCCCCCC,867.3940,866.736340900,DI-MS/MS,Triradylcglycerols,Internal Work,TRUE,TRUE,TRUE,TRUE,TRUE
tg(17:1_38:5),TG(17:1_38:5),HMDB0341552,NULL,0.0000,0.000000000,DI-MS/MS,Glycerolipids,Internal Work,TRUE,TRUE,TRUE,TRUE,TRUE
tg(17:1_38:6),TG(17:1_38:6),HMDB0341553,NULL,0.0000,0.000000000,DI-MS/MS,Glycerolipids,Internal Work,TRUE,TRUE,TRUE,TRUE,TRUE
tg(17:2_34:2),TG(17:2_34:2),HMDB0341554,NULL,0.0000,0.000000000,DI-MS/MS,Glycerolipids,Internal Work,TRUE,TRUE,TRUE,TRUE,TRUE
tg(17:2_36:2),TG(17:2_36:2),HMDB0341555,NULL,0.0000,0.000000000,DI-MS/MS,Glycerolipids,Internal Work,TRUE,TRUE,TRUE,TRUE,TRUE
tg(17:2_36:3),TG(17:2_36:3),HMDB0341556,NULL,0.0000,0.000000000,DI-MS/MS,Glycerolipids,Internal Work,TRUE,TRUE,TRUE,TRUE,TRUE
tg(17:2_36:4),TG(17:2_36:4),HMDB0341557,NULL,0.0000,0.000000000,DI-MS/MS,Glycerolipids,Internal Work,TRUE,TRUE,TRUE,TRUE,TRUE
tg(17:2_38:6),TG(17:2_38:6),HMDB0341558,NULL,0.0000,0.000000000,DI-MS/MS,Glycerolipids,Internal Work,TRUE,TRUE,TRUE,TRUE,TRUE
tg(18:0_30:0),TG(18:0_30:0),HMDB0107858,[H][C@@](COC(=O)CCCCCCCCCCCCCCCCCCC(C)C)(COC(=O)CCCCCCCCCCCCCCC(C)C)OC(=O)CCCCCCC,807.3390,806.736340900,DI-MS/MS,Triradylcglycerols,Internal Work,TRUE,TRUE,TRUE,TRUE,TRUE
tg(18:0_30:1),TG(18:0_30:1),HMDB0010426,[H][C@](COC(=O)CCCCCCCCCCCCCCCCC)(COC(=O)CCCCCCC\C=C/CCCCCC)OC(=O)CCCCCCCCCCCCC,805.3230,804.720690800,DI-MS/MS,Triradylcglycerols,Internal Work,TRUE,TRUE,TRUE,TRUE,TRUE
tg(18:0_32:0),TG(18:0_32:0),HMDB0010427,[H]C(COC(=O)CCCCCCCCCCCCCCCCC)(COC(=O)CCCCCCCCCCCCCCCCC)OC(=O)CCCCCCCCCCCCC,835.3734,834.767641000,DI-MS/MS,Triradylcglycerols,Internal Work,TRUE,TRUE,TRUE,TRUE,TRUE
tg(18:0_32:1),TG(18:0_32:1),HMDB0010428,[H][C@](COC(=O)CCCCCCCCCCCCCCCCC)(COC(=O)CCCCCCCCC\C=C/CCCCCC)OC(=O)CCCCCCCCCCCCC,833.3770,832.751990900,DI-MS/MS,Triradylcglycerols,Internal Work,TRUE,TRUE,TRUE,TRUE,TRUE
tg(18:0_32:2),TG(18:0_32:2),HMDB0010430,[H][C@](COC(=O)CCCCCCCCCCCCCCCCC)(COC(=O)CCCCCCC\C=C/C\C=C/CCCCC)OC(=O)CCCCCCCCCCCCC,831.3610,830.736340900,DI-MS/MS,Triradylcglycerols,Internal Work,TRUE,TRUE,TRUE,TRUE,TRUE
tg(18:0_34:2),TG(18:0_34:2),HMDB0044682,[H][C@](COC(=O)CCCCCCCCCCCCCCCCC)(COC(=O)CCCCCCCCC\C=C/C\C=C/CCCCC)OC(=O)CCCCCCCCCCCCC,859.4150,858.767641000,DI-MS/MS,Triradylcglycerols,Internal Work,TRUE,TRUE,TRUE,TRUE,TRUE
tg(18:0_34:3),TG(18:0_34:3),HMDB0010432,[H][C@](COC(=O)CCCCCCCCCCCCCCCCC)(COC(=O)CCCCCCC\C=C/C\C=C/C\C=C/CC)OC(=O)CCCCCCCCCCCCCCC,857.3990,856.751990900,DI-MS/MS,Triradylcglycerols,Internal Work,TRUE,TRUE,TRUE,TRUE,TRUE
tg(18:0_36:1),TG(18:0_36:1),HMDB0005395,[H][C@](COC(=O)CCCCCCCCCCCCCCCCC)(COC(=O)CCCCCCC\C=C/CCCCCCCC)OC(=O)CCCCCCCCCCCCCCCCC,889.4850,888.814591200,DI-MS/MS,Triradylcglycerols,Internal Work,TRUE,TRUE,TRUE,TRUE,TRUE
tg(18:0_36:2),TG(18:0_36:2),HMDB0005397,[H][C@](COC(=O)CCCCCCCCCCCCCCCCC)(COC(=O)CCCCCCC\C=C/C\C=C/CCCCC)OC(=O)CCCCCCCCCCCCCCCCC,887.4690,886.798941100,DI-MS/MS,Triradylcglycerols,Internal Work,TRUE,TRUE,TRUE,TRUE,TRUE
tg(18:0_36:3),TG(18:0_36:3),HMDB0005405,[H][C@](COC(=O)CCCCCCCCCCCCCCCCC)(COC(=O)CCCCCCC\C=C/C\C=C/CCCCC)OC(=O)CCCCCCC\C=C/CCCCCCCC,885.4530,884.783291100,DI-MS/MS,Triradylcglycerols,Internal Work,TRUE,TRUE,TRUE,TRUE,TRUE
tg(18:0_36:4),TG(18:0_36:4),HMDB0005411,[H][C@](COC(=O)CCCCCCCCCCCCCCCCC)(COC(=O)CCCCCCC\C=C/C\C=C/CCCCC)OC(=O)CCCCCCC\C=C/C\C=C/CCCCC,883.4370,882.767641000,DI-MS/MS,Triradylcglycerols,Internal Work,TRUE,TRUE,TRUE,TRUE,TRUE
tg(18:0_36:5),TG(18:0_36:5),HMDB0044687,[H][C@](COC(=O)CCCCCCCCCCCCCCCCC)(COC(=O)CC\C=C/C\C=C/C\C=C/C\C=C/C\C=C/CCCCC)OC(=O)CCCCCCCCCCCCC,881.4210,880.751990900,DI-MS/MS,Triradylcglycerols,Internal Work,TRUE,TRUE,TRUE,TRUE,TRUE
tg(18:0_38:6),TG(18:0_38:6),HMDB0005412,[H][C@](COC(=O)CCCCCCCCCCCCCCCCC)(COC(=O)CCC\C=C/C\C=C/C\C=C/C\C=C/CCCCC)OC(=O)CCCCCCC\C=C/C\C=C/CCCCC,907.4590,906.767641000,DI-MS/MS,Triradylcglycerols,Internal Work,TRUE,TRUE,TRUE,TRUE,TRUE
tg(18:0_38:7),TG(18:0_38:7),HMDB0044909,[H][C@](COC(=O)CCCCCCCCCCCCCCCCC)(COC(=O)CC\C=C/C\C=C/C\C=C/C\C=C/C\C=C/C\C=C/CC)OC(=O)CCCCCCC\C=C/CCCCCC,905.4430,904.751990900,DI-MS/MS,Triradylcglycerols,Internal Work,TRUE,TRUE,TRUE,TRUE,TRUE
tg(18:1_26:0),TG(18:1_26:0),HMDB0042069,[H][C@](COC(=O)CCCCCCCCCCCCC)(COC(=O)CCCCCCC\C=C/CCCCCC)OC(=O)CCCCCCCCCCCCC,749.2150,748.658090600,DI-MS/MS,Glycerolipids,Internal Work,TRUE,TRUE,TRUE,TRUE,TRUE
tg(18:1_28:1),TG(18:1_28:1),HMDB0042076,[H][C@](COC(=O)CCCCCCCCCCCCC)(COC(=O)CCCCCCC\C=C/C\C=C/CCCCC)OC(=O)CCCCCCCCCCCCC,775.2530,774.673740600,DI-MS/MS,Glycerolipids,Internal Work,TRUE,TRUE,TRUE,TRUE,TRUE
tg(18:1_30:0),TG(18:1_30:0),HMDB0044726,[H][C@](COC(=O)CCCCCCCCCCCCCCCCC)(COC(=O)CCCCCCC\C=C/CCCC)OC(=O)CCCCCCCCCCCCCCC,805.3230,804.720690800,DI-MS/MS,Glycerolipids,Internal Work,TRUE,TRUE,TRUE,TRUE,TRUE
tg(18:1_30:1),TG(18:1_30:1),HMDB0005376,[H][C@](COC(=O)CCCCCCCCCCCCCCC)(COC(=O)CCCCCCC\C=C/CCCCCC)OC(=O)CCCCCCC\C=C/CCCCCC,803.3070,802.705040700,DI-MS/MS,Glycerolipids,Internal Work,TRUE,TRUE,TRUE,TRUE,TRUE
tg(18:1_30:2),TG(18:1_30:2),HMDB0042543,[H][C@](COC(=O)CCCCCCCCCCCCC)(COC(=O)CCCCCCCCCCCCCCC)OC(=O)CCCC\C=C/C\C=C/C\C=C/CCCCC,801.2910,800.689390700,DI-MS/MS,Glycerolipids,Internal Work,TRUE,TRUE,TRUE,TRUE,TRUE
tg(18:1_31:0),TG(18:1_31:0),HMDB0011713,[H][C@@](COC(=O)CCCCCCCCCCCCC)(COC(=O)CCCCCCCCCCCCCC)OC(=O)CCCCCCCCC\C=C/CCCCCCCC,819.3500,818.736340900,DI-MS/MS,Glycerolipids,Internal Work,TRUE,TRUE,TRUE,TRUE,TRUE
tg(18:1_32:0),TG(18:1_32:0),HMDB0005360,[H][C@](COC(=O)CCCCCCCCCCCCCCC)(COC(=O)CCCCCCC\C=C/CCCCCCCC)OC(=O)CCCCCCCCCCCCCCC,833.3770,832.751990900,DI-MS/MS,Glycerolipids,Internal Work,TRUE,TRUE,TRUE,TRUE,TRUE
tg(18:1_32:1),TG(18:1_32:1),HMDB0044249,[H]C(COC(=O)CCCCCCCCCCCCCCC)(COC(=O)CCCCCCCCCCCCCCC)OC(=O)CCCCCCC\C=C/C\C=C/CCCCC,831.3610,830.736340900,DI-MS/MS,Glycerolipids,Internal Work,TRUE,TRUE,TRUE,TRUE,TRUE
tg(18:1_32:2),TG(18:1_32:2),HMDB0005379,[H][C@](COC(=O)CCCCCCCCCCCCCCC)(COC(=O)CCCCCCC\C=C/C\C=C/CCCCC)OC(=O)CCCCCCC\C=C/CCCCCC,829.3450,828.720690800,DI-MS/MS,Glycerolipids,Internal Work,TRUE,TRUE,TRUE,TRUE,TRUE
tg(18:1_32:3),TG(18:1_32:3),HMDB0042633,[H][C@](COC(=O)CCCCCCCCCCCCC)(COC(=O)CCCCCCCCCCCCCCC)OC(=O)CCC\C=C/C\C=C/C\C=C/C\C=C/CCCCC,827.3290,826.705040700,DI-MS/MS,Glycerolipids,Internal Work,TRUE,TRUE,TRUE,TRUE,TRUE
tg(18:1_33:0),TG(18:1_33:0),HMDB0049113,[H][C@@](COCCCCCCCCCCCCCCCCCC)(COC(=O)CCCCCCCCC\C=C/CCCCCC)OC(=O)CCCCCCCCCCCCCC,833.4210,832.788376400,DI-MS/MS,Glycerolipids,Internal Work,TRUE,TRUE,TRUE,TRUE,TRUE
tg(18:1_33:1),TG(18:1_33:1),HMDB0011700,[H][C@](COC(=O)CCCCCCCCCCCCCC)(COC(=O)CCCCCCCCC\C=C/C\C=C/CCCCC)OC(=O)CCCCCCCCCCCCCCC,845.3880,844.751990900,DI-MS/MS,Glycerolipids,Internal Work,TRUE,TRUE,TRUE,TRUE,TRUE
tg(18:1_33:2),TG(18:1_33:2),HMDB0011701,[H][C@](COC(=O)CCCCCCCCCCCCCC)(COC(=O)CCCCCC\C=C/C\C=C/C\C=C/CCCCC)OC(=O)CCCCCCCCCCCCCCC,843.3720,842.736340900,DI-MS/MS,Glycerolipids,Internal Work,TRUE,TRUE,TRUE,TRUE,TRUE
tg(18:1_33:3),TG(18:1_33:3),HMDB0341559,NULL,0.0000,0.000000000,DI-MS/MS,Glycerolipids,Internal Work,TRUE,TRUE,TRUE,TRUE,TRUE
tg(18:1_34:1),TG(18:1_34:1),HMDB0046458,[H][C@](COC(=O)CCCCCCCCCCCCCCCCCCCCC)(COC(=O)CCCCCCC\C=C/CCCC)OC(=O)CCCCCCC\C=C/CCCCCC,859.3948,858.767641000,DI-MS/MS,Glycerolipids,Internal Work,TRUE,TRUE,TRUE,TRUE,TRUE
tg(18:1_34:2),TG(18:1_34:2),HMDB0005384,[H][C@](COC(=O)CCCCCCCCCCCCCCC)(COC(=O)CCCCCCC\C=C/C\C=C/CCCCC)OC(=O)CCCCCCC\C=C/CCCCCCCC,857.3990,856.751990900,DI-MS/MS,Glycerolipids,Internal Work,TRUE,TRUE,TRUE,TRUE,TRUE
tg(18:1_34:3),TG(18:1_34:3),HMDB0005440,[H][C@](COC(=O)CCCCCCC\C=C/CCCCCC)(COC(=O)CCCCCCC\C=C/C\C=C/CCCCC)OC(=O)CCCCCCC\C=C/CCCCCCCC,855.3830,854.736340900,DI-MS/MS,Glycerolipids,Internal Work,TRUE,TRUE,TRUE,TRUE,TRUE
tg(18:1_34:4),TG(18:1_34:4),HMDB0055688,[H][C@@](COCCCCCCCCCCCCCCCCCC)(COC(=O)CCC\C=C/C\C=C/C\C=C/C\C=C/C\C=C/CC)OC(=O)CCCCCCCCCCCCC,839.3840,838.741426300,DI-MS/MS,Glycerolipids,Internal Work,TRUE,TRUE,TRUE,TRUE,TRUE
tg(18:1_35:2),TG(18:1_35:2),HMDB0050323,[H][C@](COC(=O)CCCCCCCCC\C=C/CCCCCCCC)(COC(=O)CCCCCCC\C=C/C\C=C/CCCCC)OC(=O)CCCCCCCCCCCCCC,871.4260,870.767641000,DI-MS/MS,Glycerolipids,Internal Work,TRUE,TRUE,TRUE,TRUE,TRUE
tg(18:1_35:3),TG(18:1_35:3),HMDB0055545,[H][C@@](COCCCCCCCCCCCCCCCCCC)(COC(=O)CCCCCC\C=C/C\C=C/C\C=C/C\C=C/CC)OC(=O)CCCCCCCCCCCCCC,855.4270,854.772726400,DI-MS/MS,Glycerolipids,Internal Work,TRUE,TRUE,TRUE,TRUE,TRUE
tg(18:1_36:0),TG(18:1_36:0),HMDB0005381,[H][C@](COC(=O)CCCCCCCCCCCCCCC)(COC(=O)CCCCCCCCCCCCCCCCCCC)OC(=O)CCCCCCC\C=C/CCCCCCCC,889.4850,888.814591200,DI-MS/MS,Triradylcglycerols,Internal Work,TRUE,TRUE,TRUE,TRUE,TRUE
tg(18:1_36:1),TG(18:1_36:1),HMDB0005437,[H][C@@](COC(=O)CCCCCCCCCCCCCCCCCCC)(COC(=O)CCCCCCC\C=C/CCCCCC)OC(=O)CCCCCCC\C=C/CCCCCCCC,887.4690,886.798941100,DI-MS/MS,Triradylcglycerols,Internal Work,TRUE,TRUE,TRUE,TRUE,TRUE
tg(18:1_36:2),TG(18:1_36:2),HMDB0045871,[H][C@](COC(=O)CCCCCCCCCCCCCCCCCCC)(COC(=O)CCCCCCC\C=C/CCCCCC)OC(=O)CCCCCCC\C=C/C\C=C/CCCCC,885.4321,884.783291100,DI-MS/MS,Triradylcglycerols,Internal Work,TRUE,TRUE,TRUE,TRUE,TRUE
tg(18:1_36:3),TG(18:1_36:3),HMDB0005455,[H][C@](COC(=O)CCCCCCC\C=C/CCCCCCCC)(COC(=O)CCCCCCC\C=C/C\C=C/CCCCC)OC(=O)CCCCCCC\C=C/CCCCCCCC,883.4370,882.767641000,DI-MS/MS,Glycerolipids,Internal Work,TRUE,TRUE,TRUE,TRUE,TRUE
tg(18:1_36:4),TG(18:1_36:4),HMDB0046858,[H][C@](COC(=O)CCCCCCCCCCCCCCCCCCCCC)(COC(=O)CCCCCCC\C=C/CCCC)OC(=O)CCCC\C=C/C\C=C/C\C=C/C\C=C/CC,881.4210,880.751990900,DI-MS/MS,Glycerolipids,Internal Work,TRUE,TRUE,TRUE,TRUE,TRUE
tg(18:1_36:5),TG(18:1_36:5),HMDB0010418,[H]C(CC)=C([H])CC([H])=C([H])CC([H])=C([H])C\C([H])=C(\[H])C\C([H])=C(\[H])C\C([H])=C(\[H])CCC(=O)OC[C@]([H])(COC(=O)CCCCCCCCCCCCCCC)OC(=O)CCCCCCCCCCCCCCC,879.4050,878.736340900,DI-MS/MS,Glycerolipids,Internal Work,TRUE,TRUE,TRUE,TRUE,TRUE
tg(18:1_36:6),TG(18:1_36:6),HMDB0005447,[H][C@](COC(=O)CCCCCCC\C=C/CCCCCC)(COC(=O)CCC\C=C/C\C=C/C\C=C/C\C=C/CCCCC)OC(=O)CCCCCCC\C=C/C\C=C/CCCCC,877.3890,876.720690800,DI-MS/MS,Triradylcglycerols,Internal Work,TRUE,TRUE,TRUE,TRUE,TRUE
tg(18:1_38:5),TG(18:1_38:5),HMDB0046908,[H][C@](COC(=O)CCCCCCCCCCCCCCCCCCCCC)(COC(=O)CCCCCCC\C=C/CCCC)OC(=O)CCC\C=C/C\C=C/C\C=C/C\C=C/C\C=C/CC,907.4590,906.767641000,DI-MS/MS,Triradylcglycerols,Internal Work,TRUE,TRUE,TRUE,TRUE,TRUE
tg(18:1_38:6),TG(18:1_38:6),HMDB0005462,[H][C@](COC(=O)CCCCCCC\C=C/CCCCCCCC)(COC(=O)CCC\C=C/C\C=C/C\C=C/C\C=C/CCCCC)OC(=O)CCCCCCC\C=C/C\C=C/CCCCC,905.4430,904.751990900,DI-MS/MS,Triradylcglycerols,Internal Work,TRUE,TRUE,TRUE,TRUE,TRUE
tg(18:1_38:7),TG(18:1_38:7),HMDB0005392,[H][C@](COC(=O)CCCCCCCCCCCCCCC)(COC(=O)CCC\C=C/C\C=C/C\C=C/C\C=C/CCCCC)OC(=O)CCC\C=C/C\C=C/C\C=C/C\C=C/CCCCC,903.4270,902.736340900,DI-MS/MS,Glycerolipids,Internal Work,TRUE,TRUE,TRUE,TRUE,TRUE
tg(18:2_28:0),TG(18:2_28:0),HMDB0042076,[H][C@](COC(=O)CCCCCCCCCCCCC)(COC(=O)CCCCCCC\C=C/C\C=C/CCCCC)OC(=O)CCCCCCCCCCCCC,775.2530,774.673740600,DI-MS/MS,Glycerolipids,Internal Work,TRUE,TRUE,TRUE,TRUE,TRUE
tg(18:2_30:0),TG(18:2_30:0),HMDB0005376,[H][C@](COC(=O)CCCCCCCCCCCCCCC)(COC(=O)CCCCCCC\C=C/CCCCCC)OC(=O)CCCCCCC\C=C/CCCCCC,803.3070,802.705040700,DI-MS/MS,Glycerolipids,Internal Work,TRUE,TRUE,TRUE,TRUE,TRUE
tg(18:2_30:1),TG(18:2_30:1),HMDB0042543,[H][C@](COC(=O)CCCCCCCCCCCCC)(COC(=O)CCCCCCCCCCCCCCC)OC(=O)CCCC\C=C/C\C=C/C\C=C/CCCCC,801.2910,800.689390700,DI-MS/MS,Glycerolipids,Internal Work,TRUE,TRUE,TRUE,TRUE,TRUE
tg(18:2_31:0),TG(18:2_31:0),HMDB0042976,[H][C@](COC(=O)CCCCCCCCCCCCCC)(COC(=O)CCCCCCCCC\C=C/C\C=C/CCCCC)OC(=O)CCCCCCCCCCCCC,817.3340,816.720690800,DI-MS/MS,Glycerolipids,Internal Work,TRUE,TRUE,TRUE,TRUE,TRUE
tg(18:2_32:0),TG(18:2_32:0),HMDB0044249,[H]C(COC(=O)CCCCCCCCCCCCCCC)(COC(=O)CCCCCCCCCCCCCCC)OC(=O)CCCCCCC\C=C/C\C=C/CCCCC,831.3610,830.736340900,DI-MS/MS,Glycerolipids,Internal Work,TRUE,TRUE,TRUE,TRUE,TRUE
tg(18:2_32:1),TG(18:2_32:1),HMDB0005379,[H][C@](COC(=O)CCCCCCCCCCCCCCC)(COC(=O)CCCCCCC\C=C/C\C=C/CCCCC)OC(=O)CCCCCCC\C=C/CCCCCC,829.3450,828.720690800,DI-MS/MS,Glycerolipids,Internal Work,TRUE,TRUE,TRUE,TRUE,TRUE
tg(18:2_32:2),TG(18:2_32:2),HMDB0042633,[H][C@](COC(=O)CCCCCCCCCCCCC)(COC(=O)CCCCCCCCCCCCCCC)OC(=O)CCC\C=C/C\C=C/C\C=C/C\C=C/CCCCC,827.3290,826.705040700,DI-MS/MS,Glycerolipids,Internal Work,TRUE,TRUE,TRUE,TRUE,TRUE
tg(18:2_33:0),TG(18:2_33:0),HMDB0011700,[H][C@](COC(=O)CCCCCCCCCCCCCC)(COC(=O)CCCCCCCCC\C=C/C\C=C/CCCCC)OC(=O)CCCCCCCCCCCCCCC,845.3880,844.751990900,DI-MS/MS,Glycerolipids,Internal Work,TRUE,TRUE,TRUE,TRUE,TRUE
tg(18:2_33:1),TG(18:2_33:1),HMDB0011701,[H][C@](COC(=O)CCCCCCCCCCCCCC)(COC(=O)CCCCCC\C=C/C\C=C/C\C=C/CCCCC)OC(=O)CCCCCCCCCCCCCCC,843.3720,842.736340900,DI-MS/MS,Glycerolipids,Internal Work,TRUE,TRUE,TRUE,TRUE,TRUE
tg(18:2_33:2),TG(18:2_33:2),HMDB0011702,[H][C@](COC(=O)CCCCCCCCCCCCCC)(COC(=O)CCC\C=C/C\C=C/C\C=C/C\C=C/CCCCC)OC(=O)CCCCCCCCCCCCCCC,841.3560,840.720690800,DI-MS/MS,Glycerolipids,Internal Work,TRUE,TRUE,TRUE,TRUE,TRUE
tg(18:2_34:0),TG(18:2_34:0),HMDB0046458,[H][C@](COC(=O)CCCCCCCCCCCCCCCCCCCCC)(COC(=O)CCCCCCC\C=C/CCCC)OC(=O)CCCCCCC\C=C/CCCCCC,859.3948,858.767641000,DI-MS/MS,Glycerolipids,Internal Work,TRUE,TRUE,TRUE,TRUE,TRUE
tg(18:2_34:1),TG(18:2_34:1),HMDB0005384,[H][C@](COC(=O)CCCCCCCCCCCCCCC)(COC(=O)CCCCCCC\C=C/C\C=C/CCCCC)OC(=O)CCCCCCC\C=C/CCCCCCCC,857.3990,856.751990900,DI-MS/MS,Glycerolipids,Internal Work,TRUE,TRUE,TRUE,TRUE,TRUE
tg(18:2_34:2),TG(18:2_34:2),HMDB0005440,[H][C@](COC(=O)CCCCCCC\C=C/CCCCCC)(COC(=O)CCCCCCC\C=C/C\C=C/CCCCC)OC(=O)CCCCCCC\C=C/CCCCCCCC,855.3830,854.736340900,DI-MS/MS,Glycerolipids,Internal Work,TRUE,TRUE,TRUE,TRUE,TRUE
tg(18:2_34:3),TG(18:2_34:3),HMDB0055688,[H][C@@](COCCCCCCCCCCCCCCCCCC)(COC(=O)CCC\C=C/C\C=C/C\C=C/C\C=C/C\C=C/CC)OC(=O)CCCCCCCCCCCCC,839.3840,838.741426300,DI-MS/MS,Glycerolipids,Internal Work,TRUE,TRUE,TRUE,TRUE,TRUE
tg(18:2_34:4),TG(18:2_34:4),HMDB0048751,[H][C@](COC(=O)CCCCCCC\C=C/CCCCCC)(COC(=O)CCCC\C=C/C\C=C/C\C=C/CCCCC)OC(=O)CCCCCCC\C=C/C\C=C/CCCCC,851.3510,850.705040700,DI-MS/MS,Glycerolipids,Internal Work,TRUE,TRUE,TRUE,TRUE,TRUE
tg(18:2_35:1),TG(18:2_35:1),HMDB0050323,[H][C@](COC(=O)CCCCCCCCC\C=C/CCCCCCCC)(COC(=O)CCCCCCC\C=C/C\C=C/CCCCC)OC(=O)CCCCCCCCCCCCCC,871.4260,870.767641000,DI-MS/MS,Glycerolipids,Internal Work,TRUE,TRUE,TRUE,TRUE,TRUE
tg(18:2_35:2),TG(18:2_35:2),HMDB0055545,[H][C@@](COCCCCCCCCCCCCCCCCCC)(COC(=O)CCCCCC\C=C/C\C=C/C\C=C/C\C=C/CC)OC(=O)CCCCCCCCCCCCCC,855.4270,854.772726400,DI-MS/MS,Glycerolipids,Internal Work,TRUE,TRUE,TRUE,TRUE,TRUE
tg(18:2_35:3),TG(18:2_35:3),HMDB0043044,[H][C@](COC(=O)CCCCCCCCCCCCCC)(COC(=O)CCCCC\C=C/C\C=C/C\C=C/C\C=C/C\C=C/CC)OC(=O)CCCCCCCCCCCCCCC,867.3940,866.736340900,DI-MS/MS,Glycerolipids,Internal Work,TRUE,TRUE,TRUE,TRUE,TRUE
tg(18:2_36:0),TG(18:2_36:0),HMDB0005437,[H][C@@](COC(=O)CCCCCCCCCCCCCCCCCCC)(COC(=O)CCCCCCC\C=C/CCCCCC)OC(=O)CCCCCCC\C=C/CCCCCCCC,887.4690,886.798941100,DI-MS/MS,Glycerolipids,Internal Work,TRUE,TRUE,TRUE,TRUE,TRUE
tg(18:2_36:1),TG(18:2_36:1),HMDB0045871,[H][C@](COC(=O)CCCCCCCCCCCCCCCCCCC)(COC(=O)CCCCCCC\C=C/CCCCCC)OC(=O)CCCCCCC\C=C/C\C=C/CCCCC,885.4321,884.783291100,DI-MS/MS,Glycerolipids,Internal Work,TRUE,TRUE,TRUE,TRUE,TRUE
tg(18:2_36:2),TG(18:2_36:2),HMDB0005455,[H][C@](COC(=O)CCCCCCC\C=C/CCCCCCCC)(COC(=O)CCCCCCC\C=C/C\C=C/CCCCC)OC(=O)CCCCCCC\C=C/CCCCCCCC,883.4370,882.767641000,DI-MS/MS,Glycerolipids,Internal Work,TRUE,TRUE,TRUE,TRUE,TRUE
tg(18:2_36:3),TG(18:2_36:3),HMDB0046858,[H][C@](COC(=O)CCCCCCCCCCCCCCCCCCCCC)(COC(=O)CCCCCCC\C=C/CCCC)OC(=O)CCCC\C=C/C\C=C/C\C=C/C\C=C/CC,881.4210,880.751990900,DI-MS/MS,Glycerolipids,Internal Work,TRUE,TRUE,TRUE,TRUE,TRUE
tg(18:2_36:4),TG(18:2_36:4),HMDB0010418,[H]C(CC)=C([H])CC([H])=C([H])CC([H])=C([H])C\C([H])=C(\[H])C\C([H])=C(\[H])C\C([H])=C(\[H])CCC(=O)OC[C@]([H])(COC(=O)CCCCCCCCCCCCCCC)OC(=O)CCCCCCCCCCCCCCC,879.4050,878.736340900,DI-MS/MS,Glycerolipids,Internal Work,TRUE,TRUE,TRUE,TRUE,TRUE
tg(18:2_36:5),TG(18:2_36:5),HMDB0005447,[H][C@](COC(=O)CCCCCCC\C=C/CCCCCC)(COC(=O)CCC\C=C/C\C=C/C\C=C/C\C=C/CCCCC)OC(=O)CCCCCCC\C=C/C\C=C/CCCCC,877.3890,876.720690800,DI-MS/MS,Glycerolipids,Internal Work,TRUE,TRUE,TRUE,TRUE,TRUE
tg(18:2_38:4),TG(18:2_38:4),HMDB0046908,[H][C@](COC(=O)CCCCCCCCCCCCCCCCCCCCC)(COC(=O)CCCCCCC\C=C/CCCC)OC(=O)CCC\C=C/C\C=C/C\C=C/C\C=C/C\C=C/CC,907.4590,906.767641000,DI-MS/MS,Glycerolipids,Internal Work,TRUE,TRUE,TRUE,TRUE,TRUE
tg(18:2_38:5),TG(18:2_38:5),HMDB0005462,[H][C@](COC(=O)CCCCCCC\C=C/CCCCCCCC)(COC(=O)CCC\C=C/C\C=C/C\C=C/C\C=C/CCCCC)OC(=O)CCCCCCC\C=C/C\C=C/CCCCC,905.4430,904.751990900,DI-MS/MS,Glycerolipids,Internal Work,TRUE,TRUE,TRUE,TRUE,TRUE
tg(18:2_38:6),TG(18:2_38:6),HMDB0005392,[H][C@](COC(=O)CCCCCCCCCCCCCCC)(COC(=O)CCC\C=C/C\C=C/C\C=C/C\C=C/CCCCC)OC(=O)CCC\C=C/C\C=C/C\C=C/C\C=C/CCCCC,903.4270,902.736340900,DI-MS/MS,Glycerolipids,Internal Work,TRUE,TRUE,TRUE,TRUE,TRUE
tg(18:3_30:0),TG(18:3_30:0),HMDB0042543,[H][C@](COC(=O)CCCCCCCCCCCCC)(COC(=O)CCCCCCCCCCCCCCC)OC(=O)CCCC\C=C/C\C=C/C\C=C/CCCCC,801.2910,800.689390700,DI-MS/MS,Glycerolipids,Internal Work,TRUE,TRUE,TRUE,TRUE,TRUE
tg(18:3_32:0),TG(18:3_32:0),HMDB0005379,[H][C@](COC(=O)CCCCCCCCCCCCCCC)(COC(=O)CCCCCCC\C=C/C\C=C/CCCCC)OC(=O)CCCCCCC\C=C/CCCCCC,829.3450,828.720690800,DI-MS/MS,Glycerolipids,Internal Work,TRUE,TRUE,TRUE,TRUE,TRUE
tg(18:3_32:1),TG(18:3_32:1),HMDB0042633,[H][C@](COC(=O)CCCCCCCCCCCCC)(COC(=O)CCCCCCCCCCCCCCC)OC(=O)CCC\C=C/C\C=C/C\C=C/C\C=C/CCCCC,827.3290,826.705040700,DI-MS/MS,Glycerolipids,Internal Work,TRUE,TRUE,TRUE,TRUE,TRUE
tg(18:3_33:2),TG(18:3_33:2),HMDB0341560,NULL,0.0000,0.000000000,DI-MS/MS,Glycerolipids,Internal Work,TRUE,TRUE,TRUE,TRUE,TRUE
tg(18:3_34:0),TG(18:3_34:0),HMDB0005384,[H][C@](COC(=O)CCCCCCCCCCCCCCC)(COC(=O)CCCCCCC\C=C/C\C=C/CCCCC)OC(=O)CCCCCCC\C=C/CCCCCCCC,857.3990,856.751990900,DI-MS/MS,Glycerolipids,Internal Work,TRUE,TRUE,TRUE,TRUE,TRUE
tg(18:3_34:1),TG(18:3_34:1),HMDB0005440,[H][C@](COC(=O)CCCCCCC\C=C/CCCCCC)(COC(=O)CCCCCCC\C=C/C\C=C/CCCCC)OC(=O)CCCCCCC\C=C/CCCCCCCC,855.3830,854.736340900,DI-MS/MS,Glycerolipids,Internal Work,TRUE,TRUE,TRUE,TRUE,TRUE
tg(18:3_34:2),TG(18:3_34:2),HMDB0055688,[H][C@@](COCCCCCCCCCCCCCCCCCC)(COC(=O)CCC\C=C/C\C=C/C\C=C/C\C=C/C\C=C/CC)OC(=O)CCCCCCCCCCCCC,839.3840,838.741426300,DI-MS/MS,Glycerolipids,Internal Work,TRUE,TRUE,TRUE,TRUE,TRUE
tg(18:3_34:3),TG(18:3_34:3),HMDB0048751,[H][C@](COC(=O)CCCCCCC\C=C/CCCCCC)(COC(=O)CCCC\C=C/C\C=C/C\C=C/CCCCC)OC(=O)CCCCCCC\C=C/C\C=C/CCCCC,851.3510,850.705040700,DI-MS/MS,Glycerolipids,Internal Work,TRUE,TRUE,TRUE,TRUE,TRUE
tg(18:3_35:2),TG(18:3_35:2),HMDB0341570,NULL,0.0000,0.000000000,DI-MS/MS,Glycerolipids,Internal Work,TRUE,TRUE,TRUE,TRUE,TRUE
tg(18:3_36:1),TG(18:3_36:1),HMDB0005455,[H][C@](COC(=O)CCCCCCC\C=C/CCCCCCCC)(COC(=O)CCCCCCC\C=C/C\C=C/CCCCC)OC(=O)CCCCCCC\C=C/CCCCCCCC,883.4370,882.767641000,DI-MS/MS,Glycerolipids,Internal Work,TRUE,TRUE,TRUE,TRUE,TRUE
tg(18:3_36:2),TG(18:3_36:2),HMDB0046858,[H][C@](COC(=O)CCCCCCCCCCCCCCCCCCCCC)(COC(=O)CCCCCCC\C=C/CCCC)OC(=O)CCCC\C=C/C\C=C/C\C=C/C\C=C/CC,881.4210,880.751990900,DI-MS/MS,Glycerolipids,Internal Work,TRUE,TRUE,TRUE,TRUE,TRUE
tg(18:3_36:3),TG(18:3_36:3),HMDB0010418,[H]C(CC)=C([H])CC([H])=C([H])CC([H])=C([H])C\C([H])=C(\[H])C\C([H])=C(\[H])C\C([H])=C(\[H])CCC(=O)OC[C@]([H])(COC(=O)CCCCCCCCCCCCCCC)OC(=O)CCCCCCCCCCCCCCC,879.4050,878.736340900,DI-MS/MS,Glycerolipids,Internal Work,TRUE,TRUE,TRUE,TRUE,TRUE
tg(18:3_36:4),TG(18:3_36:4),HMDB0005447,[H][C@](COC(=O)CCCCCCC\C=C/CCCCCC)(COC(=O)CCC\C=C/C\C=C/C\C=C/C\C=C/CCCCC)OC(=O)CCCCCCC\C=C/C\C=C/CCCCC,877.3890,876.720690800,DI-MS/MS,Glycerolipids,Internal Work,TRUE,TRUE,TRUE,TRUE,TRUE
tg(18:3_38:5),TG(18:3_38:5),HMDB0005392,[H][C@](COC(=O)CCCCCCCCCCCCCCC)(COC(=O)CCC\C=C/C\C=C/C\C=C/C\C=C/CCCCC)OC(=O)CCC\C=C/C\C=C/C\C=C/C\C=C/CCCCC,903.4270,902.736340900,DI-MS/MS,Glycerolipids,Internal Work,TRUE,TRUE,TRUE,TRUE,TRUE
tg(18:3_38:6),TG(18:3_38:6),HMDB0010493,[H][C@](COC(=O)CCCCCCC\C=C/C\C=C/CCCCC)(COC(=O)CCC\C=C/C\C=C/C\C=C/C\C=C/C\C=C/CC)OC(=O)CCCCCCC\C=C/C\C=C/CCCCC,901.4110,900.720690800,DI-MS/MS,Triradylcglycerols,Internal Work,TRUE,TRUE,TRUE,TRUE,TRUE
tg(20:0_32:3),TG(20:0_32:3),HMDB0045489,[H][C@](COC(=O)CCCCCCCCCCCCCCCCCCC)(COC(=O)CCCC\C=C/C\C=C/C\C=C/CCCCC)OC(=O)CCCCCCCCCCCCC,857.3990,856.751990900,DI-MS/MS,Triradylcglycerols,Internal Work,TRUE,TRUE,TRUE,TRUE,TRUE
tg(20:0_32:4),TG(20:0_32:4),HMDB0045497,[H][C@](COC(=O)CCCCCCCCCCCCCCCCCCC)(COC(=O)CCCC\C=C/C\C=C/C\C=C/C\C=C/CC)OC(=O)CCCCCCCCCCCCC,855.3830,854.736340900,DI-MS/MS,Triradylcglycerols,Internal Work,TRUE,TRUE,TRUE,TRUE,TRUE
tg(20:0_34:1),TG(20:0_34:1),HMDB0045484,[H][C@](COC(=O)CCCCCCCCCCCCCCCCCCC)(COC(=O)CCCCCCCCC\C=C/CCCCCCCC)OC(=O)CCCCCCCCCCCCC,889.4850,888.814591200,DI-MS/MS,Triradylcglycerols,Internal Work,TRUE,TRUE,TRUE,TRUE,TRUE
tg(20:1_24:3),TG(20:1_24:3),HMDB0341531,NULL,743.1670,742.611140400,DI-MS/MS,Glycerolipids,Internal Work,TRUE,TRUE,TRUE,TRUE,TRUE
tg(20:1_26:1),TG(20:1_26:1),HMDB0042076,[H][C@](COC(=O)CCCCCCCCCCCCC)(COC(=O)CCCCCCC\C=C/C\C=C/CCCCC)OC(=O)CCCCCCCCCCCCC,775.2530,774.673740600,DI-MS/MS,Glycerolipids,Internal Work,TRUE,TRUE,TRUE,TRUE,TRUE
tg(20:1_30:1),TG(20:1_30:1),HMDB0044249,[H]C(COC(=O)CCCCCCCCCCCCCCC)(COC(=O)CCCCCCCCCCCCCCC)OC(=O)CCCCCCC\C=C/C\C=C/CCCCC,831.3610,830.736340900,DI-MS/MS,Glycerolipids,Internal Work,TRUE,TRUE,TRUE,TRUE,TRUE
tg(20:1_31:0),TG(20:1_31:0),HMDB0049113,[H][C@@](COCCCCCCCCCCCCCCCCCC)(COC(=O)CCCCCCCCC\C=C/CCCCCC)OC(=O)CCCCCCCCCCCCCC,833.4210,832.788376400,DI-MS/MS,Glycerolipids,Internal Work,TRUE,TRUE,TRUE,TRUE,TRUE
tg(20:1_32:1),TG(20:1_32:1),HMDB0005367,[H][C@](COC(=O)CCCCCCCCCCCCCCC)(COC(=O)CCCCCCC\C=C/CCCCCCCC)OC(=O)CCCCCCCCCCCCCCCCC,861.4310,860.783291100,DI-MS/MS,Triradylcglycerols,Internal Work,TRUE,TRUE,TRUE,TRUE,TRUE
tg(20:1_32:2),TG(20:1_32:2),HMDB0046458,[H][C@](COC(=O)CCCCCCCCCCCCCCCCCCCCC)(COC(=O)CCCCCCC\C=C/CCCC)OC(=O)CCCCCCC\C=C/CCCCCC,859.3948,858.767641000,DI-MS/MS,Glycerolipids,Internal Work,TRUE,TRUE,TRUE,TRUE,TRUE
tg(20:1_32:3),TG(20:1_32:3),HMDB0005384,[H][C@](COC(=O)CCCCCCCCCCCCCCC)(COC(=O)CCCCCCC\C=C/C\C=C/CCCCC)OC(=O)CCCCCCC\C=C/CCCCCCCC,857.3990,856.751990900,DI-MS/MS,Glycerolipids,Internal Work,TRUE,TRUE,TRUE,TRUE,TRUE
tg(20:1_34:0),TG(20:1_34:0),HMDB0005381,[H][C@](COC(=O)CCCCCCCCCCCCCCC)(COC(=O)CCCCCCCCCCCCCCCCCCC)OC(=O)CCCCCCC\C=C/CCCCCCCC,889.4850,888.814591200,DI-MS/MS,Glycerolipids,Internal Work,TRUE,TRUE,TRUE,TRUE,TRUE
tg(20:1_34:1),TG(20:1_34:1),HMDB0005437,[H][C@@](COC(=O)CCCCCCCCCCCCCCCCCCC)(COC(=O)CCCCCCC\C=C/CCCCCC)OC(=O)CCCCCCC\C=C/CCCCCCCC,887.4690,886.798941100,DI-MS/MS,Glycerolipids,Internal Work,TRUE,TRUE,TRUE,TRUE,TRUE
tg(20:1_34:2),TG(20:1_34:2),HMDB0045871,[H][C@](COC(=O)CCCCCCCCCCCCCCCCCCC)(COC(=O)CCCCCCC\C=C/CCCCCC)OC(=O)CCCCCCC\C=C/C\C=C/CCCCC,885.4321,884.783291100,DI-MS/MS,Glycerolipids,Internal Work,TRUE,TRUE,TRUE,TRUE,TRUE
tg(20:1_34:3),TG(20:1_34:3),HMDB0005455,[H][C@](COC(=O)CCCCCCC\C=C/CCCCCCCC)(COC(=O)CCCCCCC\C=C/C\C=C/CCCCC)OC(=O)CCCCCCC\C=C/CCCCCCCC,883.4370,882.767641000,DI-MS/MS,Glycerolipids,Internal Work,TRUE,TRUE,TRUE,TRUE,TRUE
tg(20:2_32:0),TG(20:2_32:0),HMDB0046458,[H][C@](COC(=O)CCCCCCCCCCCCCCCCCCCCC)(COC(=O)CCCCCCC\C=C/CCCC)OC(=O)CCCCCCC\C=C/CCCCCC,859.3948,858.767641000,DI-MS/MS,Glycerolipids,Internal Work,TRUE,TRUE,TRUE,TRUE,TRUE
tg(20:2_32:1),TG(20:2_32:1),HMDB0005384,[H][C@](COC(=O)CCCCCCCCCCCCCCC)(COC(=O)CCCCCCC\C=C/C\C=C/CCCCC)OC(=O)CCCCCCC\C=C/CCCCCCCC,857.3990,856.751990900,DI-MS/MS,Glycerolipids,Internal Work,TRUE,TRUE,TRUE,TRUE,TRUE
tg(20:2_34:1),TG(20:2_34:1),HMDB0045871,[H][C@](COC(=O)CCCCCCCCCCCCCCCCCCC)(COC(=O)CCCCCCC\C=C/CCCCCC)OC(=O)CCCCCCC\C=C/C\C=C/CCCCC,885.4321,884.783291100,DI-MS/MS,Glycerolipids,Internal Work,TRUE,TRUE,TRUE,TRUE,TRUE
tg(20:2_34:2),TG(20:2_34:2),HMDB0005455,[H][C@](COC(=O)CCCCCCC\C=C/CCCCCCCC)(COC(=O)CCCCCCC\C=C/C\C=C/CCCCC)OC(=O)CCCCCCC\C=C/CCCCCCCC,883.4370,882.767641000,DI-MS/MS,Glycerolipids,Internal Work,TRUE,TRUE,TRUE,TRUE,TRUE
tg(20:2_34:3),TG(20:2_34:3),HMDB0046858,[H][C@](COC(=O)CCCCCCCCCCCCCCCCCCCCC)(COC(=O)CCCCCCC\C=C/CCCC)OC(=O)CCCC\C=C/C\C=C/C\C=C/C\C=C/CC,881.4210,880.751990900,DI-MS/MS,Glycerolipids,Internal Work,TRUE,TRUE,TRUE,TRUE,TRUE
tg(20:3_32:0),TG(20:3_32:0),HMDB0005384,[H][C@](COC(=O)CCCCCCCCCCCCCCC)(COC(=O)CCCCCCC\C=C/C\C=C/CCCCC)OC(=O)CCCCCCC\C=C/CCCCCCCC,857.3990,856.751990900,DI-MS/MS,Glycerolipids,Internal Work,TRUE,TRUE,TRUE,TRUE,TRUE
tg(20:3_32:1),TG(20:3_32:1),HMDB0005440,[H][C@](COC(=O)CCCCCCC\C=C/CCCCCC)(COC(=O)CCCCCCC\C=C/C\C=C/CCCCC)OC(=O)CCCCCCC\C=C/CCCCCCCC,855.3830,854.736340900,DI-MS/MS,Glycerolipids,Internal Work,TRUE,TRUE,TRUE,TRUE,TRUE
tg(20:3_32:2),TG(20:3_32:2),HMDB0055688,[H][C@@](COCCCCCCCCCCCCCCCCCC)(COC(=O)CCC\C=C/C\C=C/C\C=C/C\C=C/C\C=C/CC)OC(=O)CCCCCCCCCCCCC,839.3840,838.741426300,DI-MS/MS,Glycerolipids,Internal Work,TRUE,TRUE,TRUE,TRUE,TRUE
tg(20:3_34:0),TG(20:3_34:0),HMDB0045871,[H][C@](COC(=O)CCCCCCCCCCCCCCCCCCC)(COC(=O)CCCCCCC\C=C/CCCCCC)OC(=O)CCCCCCC\C=C/C\C=C/CCCCC,885.4321,884.783291100,DI-MS/MS,Glycerolipids,Internal Work,TRUE,TRUE,TRUE,TRUE,TRUE
tg(20:3_34:1),TG(20:3_34:1),HMDB0005455,[H][C@](COC(=O)CCCCCCC\C=C/CCCCCCCC)(COC(=O)CCCCCCC\C=C/C\C=C/CCCCC)OC(=O)CCCCCCC\C=C/CCCCCCCC,883.4370,882.767641000,DI-MS/MS,Glycerolipids,Internal Work,TRUE,TRUE,TRUE,TRUE,TRUE
tg(20:3_34:2),TG(20:3_34:2),HMDB0046858,[H][C@](COC(=O)CCCCCCCCCCCCCCCCCCCCC)(COC(=O)CCCCCCC\C=C/CCCC)OC(=O)CCCC\C=C/C\C=C/C\C=C/C\C=C/CC,881.4210,880.751990900,DI-MS/MS,Glycerolipids,Internal Work,TRUE,TRUE,TRUE,TRUE,TRUE
tg(20:3_34:3),TG(20:3_34:3),HMDB0010418,[H]C(CC)=C([H])CC([H])=C([H])CC([H])=C([H])C\C([H])=C(\[H])C\C([H])=C(\[H])C\C([H])=C(\[H])CCC(=O)OC[C@]([H])(COC(=O)CCCCCCCCCCCCCCC)OC(=O)CCCCCCCCCCCCCCC,879.4050,878.736340900,DI-MS/MS,Glycerolipids,Internal Work,TRUE,TRUE,TRUE,TRUE,TRUE
tg(20:3_36:3),TG(20:3_36:3),HMDB0046908,[H][C@](COC(=O)CCCCCCCCCCCCCCCCCCCCC)(COC(=O)CCCCCCC\C=C/CCCC)OC(=O)CCC\C=C/C\C=C/C\C=C/C\C=C/C\C=C/CC,907.4590,906.767641000,DI-MS/MS,Glycerolipids,Internal Work,TRUE,TRUE,TRUE,TRUE,TRUE
tg(20:3_36:4),TG(20:3_36:4),HMDB0005462,[H][C@](COC(=O)CCCCCCC\C=C/CCCCCCCC)(COC(=O)CCC\C=C/C\C=C/C\C=C/C\C=C/CCCCC)OC(=O)CCCCCCC\C=C/C\C=C/CCCCC,905.4430,904.751990900,DI-MS/MS,Glycerolipids,Internal Work,TRUE,TRUE,TRUE,TRUE,TRUE
tg(20:3_36:5),TG(20:3_36:5),HMDB0341561,NULL,0.0000,0.000000000,DI-MS/MS,Glycerolipids,Internal Work,TRUE,TRUE,TRUE,TRUE,TRUE
tg(20:4_30:0),TG(20:4_30:0),HMDB0042633,[H][C@](COC(=O)CCCCCCCCCCCCC)(COC(=O)CCCCCCCCCCCCCCC)OC(=O)CCC\C=C/C\C=C/C\C=C/C\C=C/CCCCC,827.3290,826.705040700,DI-MS/MS,Glycerolipids,Internal Work,TRUE,TRUE,TRUE,TRUE,TRUE
tg(20:4_32:0),TG(20:4_32:0),HMDB0005440,[H][C@](COC(=O)CCCCCCC\C=C/CCCCCC)(COC(=O)CCCCCCC\C=C/C\C=C/CCCCC)OC(=O)CCCCCCC\C=C/CCCCCCCC,855.3830,854.736340900,DI-MS/MS,Glycerolipids,Internal Work,TRUE,TRUE,TRUE,TRUE,TRUE
tg(20:4_32:1),TG(20:4_32:1),HMDB0055688,[H][C@@](COCCCCCCCCCCCCCCCCCC)(COC(=O)CCC\C=C/C\C=C/C\C=C/C\C=C/C\C=C/CC)OC(=O)CCCCCCCCCCCCC,839.3840,838.741426300,DI-MS/MS,Glycerolipids,Internal Work,TRUE,TRUE,TRUE,TRUE,TRUE
tg(20:4_32:2),TG(20:4_32:2),HMDB0048751,[H][C@](COC(=O)CCCCCCC\C=C/CCCCCC)(COC(=O)CCCC\C=C/C\C=C/C\C=C/CCCCC)OC(=O)CCCCCCC\C=C/C\C=C/CCCCC,851.3510,850.705040700,DI-MS/MS,Glycerolipids,Internal Work,TRUE,TRUE,TRUE,TRUE,TRUE
tg(20:4_33:2),TG(20:4_33:2),HMDB0341562,NULL,0.0000,0.000000000,DI-MS/MS,Glycerolipids,Internal Work,TRUE,TRUE,TRUE,TRUE,TRUE
tg(20:4_34:0),TG(20:4_34:0),HMDB0005455,[H][C@](COC(=O)CCCCCCC\C=C/CCCCCCCC)(COC(=O)CCCCCCC\C=C/C\C=C/CCCCC)OC(=O)CCCCCCC\C=C/CCCCCCCC,883.4370,882.767641000,DI-MS/MS,Glycerolipids,Internal Work,TRUE,TRUE,TRUE,TRUE,TRUE
tg(20:4_34:1),TG(20:4_34:1),HMDB0046858,[H][C@](COC(=O)CCCCCCCCCCCCCCCCCCCCC)(COC(=O)CCCCCCC\C=C/CCCC)OC(=O)CCCC\C=C/C\C=C/C\C=C/C\C=C/CC,881.4210,880.751990900,DI-MS/MS,Glycerolipids,Internal Work,TRUE,TRUE,TRUE,TRUE,TRUE
tg(20:4_34:2),TG(20:4_34:2),HMDB0010418,[H]C(CC)=C([H])CC([H])=C([H])CC([H])=C([H])C\C([H])=C(\[H])C\C([H])=C(\[H])C\C([H])=C(\[H])CCC(=O)OC[C@]([H])(COC(=O)CCCCCCCCCCCCCCC)OC(=O)CCCCCCCCCCCCCCC,879.4050,878.736340900,DI-MS/MS,Glycerolipids,Internal Work,TRUE,TRUE,TRUE,TRUE,TRUE
tg(20:4_34:3),TG(20:4_34:3),HMDB0005447,[H][C@](COC(=O)CCCCCCC\C=C/CCCCCC)(COC(=O)CCC\C=C/C\C=C/C\C=C/C\C=C/CCCCC)OC(=O)CCCCCCC\C=C/C\C=C/CCCCC,877.3890,876.720690800,DI-MS/MS,Glycerolipids,Internal Work,TRUE,TRUE,TRUE,TRUE,TRUE
tg(20:4_35:3),TG(20:4_35:3),HMDB0341563,NULL,0.0000,0.000000000,DI-MS/MS,Glycerolipids,Internal Work,TRUE,TRUE,TRUE,TRUE,TRUE
tg(20:4_36:2),TG(20:4_36:2),HMDB0046908,[H][C@](COC(=O)CCCCCCCCCCCCCCCCCCCCC)(COC(=O)CCCCCCC\C=C/CCCC)OC(=O)CCC\C=C/C\C=C/C\C=C/C\C=C/C\C=C/CC,907.4590,906.767641000,DI-MS/MS,Glycerolipids,Internal Work,TRUE,TRUE,TRUE,TRUE,TRUE
tg(20:4_36:3),TG(20:4_36:3),HMDB0005462,[H][C@](COC(=O)CCCCCCC\C=C/CCCCCCCC)(COC(=O)CCC\C=C/C\C=C/C\C=C/C\C=C/CCCCC)OC(=O)CCCCCCC\C=C/C\C=C/CCCCC,905.4430,904.751990900,DI-MS/MS,Glycerolipids,Internal Work,TRUE,TRUE,TRUE,TRUE,TRUE
tg(20:4_36:4),TG(20:4_36:4),HMDB0005392,[H][C@](COC(=O)CCCCCCCCCCCCCCC)(COC(=O)CCC\C=C/C\C=C/C\C=C/C\C=C/CCCCC)OC(=O)CCC\C=C/C\C=C/C\C=C/C\C=C/CCCCC,903.4270,902.736340900,DI-MS/MS,Glycerolipids,Internal Work,TRUE,TRUE,TRUE,TRUE,TRUE
tg(20:5_34:0),TG(20:5_34:0),HMDB0046858,[H][C@](COC(=O)CCCCCCCCCCCCCCCCCCCCC)(COC(=O)CCCCCCC\C=C/CCCC)OC(=O)CCCC\C=C/C\C=C/C\C=C/C\C=C/CC,881.4210,880.751990900,DI-MS/MS,Glycerolipids,Internal Work,TRUE,TRUE,TRUE,TRUE,TRUE
tg(20:5_34:1),TG(20:5_34:1),HMDB0010418,[H]C(CC)=C([H])CC([H])=C([H])CC([H])=C([H])C\C([H])=C(\[H])C\C([H])=C(\[H])C\C([H])=C(\[H])CCC(=O)OC[C@]([H])(COC(=O)CCCCCCCCCCCCCCC)OC(=O)CCCCCCCCCCCCCCC,879.4050,878.736340900,DI-MS/MS,Glycerolipids,Internal Work,TRUE,TRUE,TRUE,TRUE,TRUE
tg(20:5_34:2),TG(20:5_34:2),HMDB0005447,[H][C@](COC(=O)CCCCCCC\C=C/CCCCCC)(COC(=O)CCC\C=C/C\C=C/C\C=C/C\C=C/CCCCC)OC(=O)CCCCCCC\C=C/C\C=C/CCCCC,877.3890,876.720690800,DI-MS/MS,Glycerolipids,Internal Work,TRUE,TRUE,TRUE,TRUE,TRUE
tg(20:5_36:2),TG(20:5_36:2),HMDB0005462,[H][C@](COC(=O)CCCCCCC\C=C/CCCCCCCC)(COC(=O)CCC\C=C/C\C=C/C\C=C/C\C=C/CCCCC)OC(=O)CCCCCCC\C=C/C\C=C/CCCCC,905.4430,904.751990900,DI-MS/MS,Glycerolipids,Internal Work,TRUE,TRUE,TRUE,TRUE,TRUE
tg(20:5_36:3),TG(20:5_36:3),HMDB0005392,[H][C@](COC(=O)CCCCCCCCCCCCCCC)(COC(=O)CCC\C=C/C\C=C/C\C=C/C\C=C/CCCCC)OC(=O)CCC\C=C/C\C=C/C\C=C/C\C=C/CCCCC,903.4270,902.736340900,DI-MS/MS,Glycerolipids,Internal Work,TRUE,TRUE,TRUE,TRUE,TRUE
tg(22:0_32:4),TG(22:0_32:4),HMDB0341564,NULL,0.0000,0.000000000,DI-MS/MS,Glycerolipids,Internal Work,TRUE,TRUE,TRUE,TRUE,TRUE
tg(22:2_32:4),TG(22:2_32:4),HMDB0341565,NULL,0.0000,0.000000000,DI-MS/MS,Glycerolipids,Internal Work,TRUE,TRUE,TRUE,TRUE,TRUE
tg(22:3_30:2),TG(22:3_30:2),HMDB0341566,NULL,0.0000,0.000000000,DI-MS/MS,Glycerolipids,Internal Work,TRUE,TRUE,TRUE,TRUE,TRUE
tg(22:4_32:0),TG(22:4_32:0),HMDB0341567,NULL,0.0000,0.000000000,DI-MS/MS,Glycerolipids,Internal Work,TRUE,TRUE,TRUE,TRUE,TRUE
tg(22:4_34:2),TG(22:4_34:2),HMDB0046908,[H][C@](COC(=O)CCCCCCCCCCCCCCCCCCCCC)(COC(=O)CCCCCCC\C=C/CCCC)OC(=O)CCC\C=C/C\C=C/C\C=C/C\C=C/C\C=C/CC,907.4590,906.767641000,DI-MS/MS,Glycerolipids,Internal Work,TRUE,TRUE,TRUE,TRUE,TRUE
tg(22:5_32:0),TG(22:5_32:0),HMDB0055688,[H][C@@](COCCCCCCCCCCCCCCCCCC)(COC(=O)CCC\C=C/C\C=C/C\C=C/C\C=C/C\C=C/CC)OC(=O)CCCCCCCCCCCCC,839.3840,838.741426300,DI-MS/MS,Glycerolipids,Internal Work,TRUE,TRUE,TRUE,TRUE,TRUE
tg(22:5_32:1),TG(22:5_32:1),HMDB0048751,[H][C@](COC(=O)CCCCCCC\C=C/CCCCCC)(COC(=O)CCCC\C=C/C\C=C/C\C=C/CCCCC)OC(=O)CCCCCCC\C=C/C\C=C/CCCCC,851.3510,850.705040700,DI-MS/MS,Glycerolipids,Internal Work,TRUE,TRUE,TRUE,TRUE,TRUE
tg(22:5_34:1),TG(22:5_34:1),HMDB0046908,[H][C@](COC(=O)CCCCCCCCCCCCCCCCCCCCC)(COC(=O)CCCCCCC\C=C/CCCC)OC(=O)CCC\C=C/C\C=C/C\C=C/C\C=C/C\C=C/CC,907.4590,906.767641000,DI-MS/MS,Glycerolipids,Internal Work,TRUE,TRUE,TRUE,TRUE,TRUE
tg(22:5_34:2),TG(22:5_34:2),HMDB0005462,[H][C@](COC(=O)CCCCCCC\C=C/CCCCCCCC)(COC(=O)CCC\C=C/C\C=C/C\C=C/C\C=C/CCCCC)OC(=O)CCCCCCC\C=C/C\C=C/CCCCC,905.4430,904.751990900,DI-MS/MS,Glycerolipids,Internal Work,TRUE,TRUE,TRUE,TRUE,TRUE
tg(22:5_34:3),TG(22:5_34:3),HMDB0341568,NULL,0.0000,0.000000000,DI-MS/MS,Glycerolipids,Internal Work,TRUE,TRUE,TRUE,TRUE,TRUE
tg(22:6_32:0),TG(22:6_32:0),HMDB0010418,[H]C(CC)=C([H])CC([H])=C([H])CC([H])=C([H])C\C([H])=C(\[H])C\C([H])=C(\[H])C\C([H])=C(\[H])CCC(=O)OC[C@]([H])(COC(=O)CCCCCCCCCCCCCCC)OC(=O)CCCCCCCCCCCCCCC,879.4050,878.736340900,DI-MS/MS,Glycerolipids,Internal Work,TRUE,TRUE,TRUE,TRUE,TRUE
tg(22:6_32:1),TG(22:6_32:1),HMDB0005447,[H][C@](COC(=O)CCCCCCC\C=C/CCCCCC)(COC(=O)CCC\C=C/C\C=C/C\C=C/C\C=C/CCCCC)OC(=O)CCCCCCC\C=C/C\C=C/CCCCC,877.3890,876.720690800,DI-MS/MS,Glycerolipids,Internal Work,TRUE,TRUE,TRUE,TRUE,TRUE
tg(22:6_34:1),TG(22:6_34:1),HMDB0005462,[H][C@](COC(=O)CCCCCCC\C=C/CCCCCCCC)(COC(=O)CCC\C=C/C\C=C/C\C=C/C\C=C/CCCCC)OC(=O)CCCCCCC\C=C/C\C=C/CCCCC,905.4430,904.751990900,DI-MS/MS,Glycerolipids,Internal Work,TRUE,TRUE,TRUE,TRUE,TRUE
tg(22:6_34:2),TG(22:6_34:2),HMDB0005392,[H][C@](COC(=O)CCCCCCCCCCCCCCC)(COC(=O)CCC\C=C/C\C=C/C\C=C/C\C=C/CCCCC)OC(=O)CCC\C=C/C\C=C/C\C=C/C\C=C/CCCCC,903.4270,902.736340900,DI-MS/MS,Glycerolipids,Internal Work,TRUE,TRUE,TRUE,TRUE,TRUE
tg(22:6_34:3),TG(22:6_34:3),HMDB0341569,NULL,0.0000,0.000000000,DI-MS/MS,Glycerolipids,Internal Work,TRUE,TRUE,TRUE,TRUE,TRUE
